{"type":"FeatureCollection","features":[{"type":"Feature","properties":{"name":"石狩地方北部"},"geometry":{"type":"MultiPolygon","coordinates":[[[[141.404,43.738],[141.417,43.712],[141.466,43.702],[141.506,43.679],[141.527,43.647],[141.583,43.611],[141.595,43.585],[141.617,43.578],[141.623,43.543],[141.651,43.514],[141.728,43.472],[141.599,43.385],[141.596,43.361],[141.582,43.353],[141.605,43.331],[141.611,43.291],[141.654,43.285],[141.646,43.269],[141.665,43.257],[141.659,43.246],[141.673,43.23],[141.654,43.221],[141.649,43.19],[141.61,43.168],[141.623,43.161],[141.579,43.158],[141.576,43.173],[141.437,43.161],[141.4,43.171],[141.404,43.189],[141.283,43.134],[141.248,43.158],[141.292,43.182],[141.29,43.209],[141.309,43.214],[141.301,43.221],[141.33,43.231],[141.424,43.33],[141.428,43.42],[141.358,43.518],[141.383,43.603],[141.352,43.642],[141.329,43.714],[141.337,43.737],[141.37,43.728],[141.404,43.738]]]]}},{"type":"Feature","properties":{"name":"石狩地方中部"},"geometry":{"type":"MultiPolygon","coordinates":[[[[141.408,43.184],[141.4,43.171],[141.438,43.161],[141.576,43.173],[141.579,43.158],[141.638,43.155],[141.669,43.121],[141.584,43.077],[141.59,43.057],[141.565,43.037],[141.569,43.025],[141.486,43.023],[141.46,42.944],[141.421,42.914],[141.42,42.89],[141.37,42.891],[141.334,42.87],[141.304,42.887],[141.254,42.865],[141.256,42.848],[141.219,42.808],[141.231,42.792],[141.222,42.788],[141.161,42.781],[141.095,42.821],[141.103,42.882],[141.04,42.885],[141.027,42.914],[141.053,42.952],[141.012,42.966],[140.993,42.994],[141.0,43.012],[140.991,43.023],[141.026,43.036],[141.059,43.069],[141.07,43.092],[141.064,43.111],[141.109,43.119],[141.157,43.089],[141.202,43.124],[141.188,43.14],[141.224,43.16],[141.247,43.159],[141.283,43.134],[141.332,43.149],[141.358,43.176],[141.408,43.184]]]]}},{"type":"Feature","properties":{"name":"石狩地方南部"},"geometry":{"type":"MultiPolygon","coordinates":[[[[141.568,43.024],[141.595,42.985],[141.623,42.983],[141.652,42.942],[141.656,42.887],[141.683,42.911],[141.705,42.898],[141.709,42.914],[141.755,42.938],[141.757,42.953],[141.791,42.929],[141.852,42.933],[141.87,42.922],[141.806,42.893],[141.791,42.875],[141.789,42.84],[141.765,42.833],[141.772,42.809],[141.707,42.771],[141.606,42.772],[141.567,42.743],[141.408,42.765],[141.414,42.724],[141.369,42.684],[141.312,42.684],[141.258,42.714],[141.243,42.698],[141.215,42.702],[141.192,42.686],[141.174,42.753],[141.199,42.784],[141.231,42.792],[141.219,42.808],[141.257,42.849],[141.254,42.865],[141.303,42.887],[141.333,42.87],[141.37,42.891],[141.421,42.89],[141.421,42.914],[141.459,42.943],[141.486,43.023],[141.568,43.024]]]]}},{"type":"Feature","properties":{"name":"渡島地方北部"},"geometry":{"type":"MultiPolygon","coordinates":[[[[140.314,42.631],[140.385,42.591],[140.409,42.589],[140.43,42.61],[140.464,42.607],[140.49,42.59],[140.547,42.599],[140.537,42.588],[140.468,42.586],[140.389,42.521],[140.315,42.419],[140.277,42.32],[140.277,42.277],[140.297,42.243],[140.394,42.221],[140.457,42.177],[140.422,42.159],[140.394,42.124],[140.413,42.116],[140.428,42.086],[140.432,42.026],[140.4,42.025],[140.376,42.044],[140.35,42.036],[140.312,42.053],[140.281,42.048],[140.221,42.078],[140.222,42.094],[140.198,42.087],[140.191,42.067],[140.104,42.073],[140.071,42.06],[140.02,42.117],[139.921,42.134],[139.939,42.169],[139.934,42.183],[139.965,42.205],[139.992,42.198],[140.01,42.219],[140.038,42.223],[140.015,42.271],[140.027,42.282],[140.059,42.28],[140.085,42.301],[140.084,42.311],[140.099,42.316],[140.087,42.335],[140.125,42.344],[140.16,42.372],[140.237,42.404],[140.209,42.47],[140.265,42.55],[140.246,42.569],[140.193,42.583],[140.189,42.603],[140.277,42.604],[140.314,42.631]]]]}},{"type":"Feature","properties":{"name":"渡島地方東部"},"geometry":{"type":"MultiPolygon","coordinates":[[[[140.459,42.173],[140.55,42.113],[140.585,42.108],[140.708,42.138],[140.759,42.117],[140.774,42.086],[140.802,42.077],[140.821,42.034],[140.908,41.986],[140.959,41.917],[141.145,41.857],[141.147,41.832],[141.178,41.82],[141.186,41.803],[141.157,41.785],[141.111,41.786],[141.052,41.726],[140.967,41.71],[140.923,41.74],[140.787,41.774],[140.737,41.768],[140.721,41.745],[140.703,41.74],[140.693,41.765],[140.704,41.785],[140.716,41.767],[140.726,41.791],[140.7,41.817],[140.659,41.822],[140.623,41.805],[140.601,41.742],[140.556,41.723],[140.548,41.747],[140.465,41.789],[140.444,41.788],[140.431,41.808],[140.428,41.831],[140.46,41.844],[140.447,41.861],[140.46,41.864],[140.472,41.894],[140.443,41.938],[140.471,41.953],[140.47,41.993],[140.43,42.023],[140.429,42.085],[140.394,42.125],[140.421,42.159],[140.459,42.173]]]]}},{"type":"Feature","properties":{"name":"渡島地方西部"},"geometry":{"type":"MultiPolygon","coordinates":[[[[139.341,41.525],[139.376,41.523],[139.383,41.508],[139.341,41.495],[139.341,41.525]]],[[[140.413,41.812],[140.444,41.788],[140.465,41.789],[140.548,41.747],[140.555,41.723],[140.527,41.7],[140.461,41.697],[140.442,41.681],[140.429,41.535],[140.408,41.517],[140.361,41.515],[140.258,41.48],[140.2,41.398],[140.146,41.428],[140.089,41.418],[140.04,41.445],[139.986,41.55],[139.982,41.607],[139.994,41.63],[140.035,41.627],[140.068,41.59],[140.1,41.592],[140.118,41.576],[140.166,41.578],[140.194,41.6],[140.201,41.626],[140.282,41.66],[140.303,41.689],[140.304,41.716],[140.342,41.723],[140.353,41.785],[140.378,41.806],[140.413,41.812]]]]}},{"type":"Feature","properties":{"name":"檜山地方"},"geometry":{"type":"MultiPolygon","coordinates":[[[[140.226,42.088],[140.222,42.078],[140.281,42.048],[140.311,42.053],[140.349,42.035],[140.375,42.044],[140.391,42.028],[140.454,42.012],[140.471,41.994],[140.47,41.955],[140.444,41.936],[140.474,41.901],[140.461,41.864],[140.447,41.862],[140.46,41.845],[140.428,41.831],[140.431,41.808],[140.389,41.809],[140.353,41.785],[140.342,41.724],[140.305,41.717],[140.302,41.687],[140.281,41.66],[140.201,41.627],[140.194,41.6],[140.167,41.578],[140.117,41.576],[140.1,41.592],[140.063,41.592],[140.033,41.629],[139.992,41.636],[140.01,41.692],[140.067,41.76],[140.07,41.805],[140.118,41.814],[140.126,41.855],[140.11,41.864],[140.131,41.872],[140.139,41.894],[140.132,41.976],[140.071,42.059],[140.104,42.073],[140.191,42.067],[140.2,42.089],[140.226,42.088]]],[[[140.174,42.616],[140.193,42.583],[140.246,42.569],[140.266,42.549],[140.209,42.471],[140.237,42.404],[140.16,42.372],[140.124,42.343],[140.086,42.335],[140.099,42.315],[140.084,42.312],[140.085,42.3],[140.06,42.28],[140.028,42.282],[140.015,42.271],[140.037,42.222],[140.01,42.219],[139.993,42.198],[139.964,42.205],[139.934,42.183],[139.939,42.169],[139.921,42.135],[139.88,42.209],[139.815,42.221],[139.776,42.259],[139.786,42.275],[139.766,42.31],[139.78,42.352],[139.83,42.395],[139.853,42.464],[139.823,42.612],[139.939,42.614],[139.936,42.589],[140.01,42.58],[140.028,42.556],[140.076,42.56],[140.116,42.546],[140.156,42.586],[140.151,42.616],[140.174,42.616]]]]}},{"type":"Feature","properties":{"name":"後志地方北部"},"geometry":{"type":"MultiPolygon","coordinates":[[[[140.482,43.376],[140.528,43.358],[140.579,43.31],[140.631,43.297],[140.646,43.284],[140.643,43.265],[140.774,43.227],[140.782,43.212],[140.775,43.204],[140.792,43.195],[140.851,43.199],[140.862,43.218],[140.872,43.205],[140.913,43.211],[140.926,43.228],[141.01,43.239],[141.021,43.225],[141.001,43.204],[141.013,43.19],[141.161,43.144],[141.243,43.173],[141.276,43.201],[141.293,43.183],[141.188,43.14],[141.201,43.124],[141.159,43.089],[141.135,43.094],[141.109,43.119],[141.076,43.118],[141.063,43.11],[141.069,43.092],[141.044,43.051],[140.991,43.023],[140.998,42.986],[140.948,42.978],[140.916,42.955],[140.905,42.975],[140.864,42.973],[140.833,43.004],[140.729,43.016],[140.664,43.073],[140.613,43.079],[140.581,43.111],[140.555,43.115],[140.547,43.121],[140.556,43.141],[140.528,43.185],[140.532,43.212],[140.485,43.217],[140.466,43.247],[140.424,43.225],[140.357,43.251],[140.36,43.271],[140.337,43.282],[140.359,43.315],[140.346,43.334],[140.431,43.33],[140.461,43.346],[140.471,43.365],[140.462,43.372],[140.482,43.376]]]]}},{"type":"Feature","properties":{"name":"後志地方東部"},"geometry":{"type":"MultiPolygon","coordinates":[[[[140.779,43.015],[140.834,43.004],[140.864,42.973],[140.904,42.975],[140.916,42.955],[140.946,42.978],[140.997,42.986],[141.013,42.966],[141.052,42.953],[141.027,42.914],[141.039,42.887],[141.1,42.883],[141.107,42.873],[141.094,42.842],[141.101,42.828],[141.065,42.823],[141.089,42.785],[141.077,42.746],[141.043,42.733],[141.039,42.716],[141.011,42.717],[140.968,42.671],[140.856,42.699],[140.762,42.658],[140.751,42.662],[140.763,42.699],[140.746,42.713],[140.599,42.707],[140.563,42.717],[140.601,42.797],[140.633,42.805],[140.621,42.858],[140.643,42.879],[140.619,42.885],[140.625,42.9],[140.721,42.925],[140.779,43.015]]]]}},{"type":"Feature","properties":{"name":"後志地方西部"},"geometry":{"type":"MultiPolygon","coordinates":[[[[140.338,43.281],[140.359,43.272],[140.358,43.251],[140.375,43.24],[140.426,43.225],[140.465,43.247],[140.482,43.218],[140.531,43.212],[140.533,43.165],[140.556,43.138],[140.546,43.122],[140.581,43.111],[140.613,43.079],[140.665,43.073],[140.729,43.016],[140.77,43.013],[140.72,42.925],[140.64,42.911],[140.62,42.892],[140.643,42.879],[140.621,42.857],[140.632,42.804],[140.602,42.797],[140.561,42.716],[140.577,42.666],[140.533,42.616],[140.545,42.603],[140.49,42.591],[140.431,42.61],[140.408,42.588],[140.313,42.632],[140.277,42.604],[140.237,42.598],[140.156,42.617],[140.148,42.607],[140.156,42.585],[140.118,42.545],[140.077,42.559],[140.028,42.556],[140.009,42.581],[139.937,42.589],[139.938,42.614],[139.824,42.613],[139.868,42.665],[139.899,42.68],[140.054,42.699],[140.073,42.727],[140.145,42.755],[140.186,42.828],[140.237,42.795],[140.247,42.768],[140.304,42.777],[140.305,42.828],[140.347,42.858],[140.391,42.923],[140.502,42.981],[140.509,42.997],[140.508,42.985],[140.52,42.99],[140.513,42.999],[140.528,43.004],[140.529,43.028],[140.504,43.032],[140.495,43.065],[140.465,43.085],[140.43,43.141],[140.359,43.18],[140.325,43.221],[140.338,43.281]]]]}},{"type":"Feature","properties":{"name":"北海道奥尻島"},"geometry":{"type":"MultiPolygon","coordinates":[[[[139.56,42.249],[139.55,42.209],[139.517,42.176],[139.52,42.136],[139.504,42.097],[139.486,42.074],[139.454,42.066],[139.45,42.052],[139.421,42.072],[139.423,42.137],[139.407,42.179],[139.435,42.216],[139.537,42.233],[139.56,42.249]]]]}},{"type":"Feature","properties":{"name":"空知地方北部"},"geometry":{"type":"MultiPolygon","coordinates":[[[[142.074,44.049],[142.096,44.043],[142.088,44.027],[142.112,43.977],[142.106,43.966],[142.162,43.892],[142.159,43.875],[142.22,43.856],[142.209,43.838],[142.24,43.8],[142.197,43.755],[142.2,43.735],[142.171,43.726],[142.184,43.713],[142.175,43.681],[142.198,43.642],[142.238,43.652],[142.235,43.641],[142.118,43.636],[142.089,43.648],[142.064,43.631],[142.023,43.635],[141.973,43.668],[141.916,43.662],[141.899,43.684],[141.919,43.699],[141.899,43.722],[141.822,43.71],[141.701,43.746],[141.581,43.727],[141.549,43.705],[141.525,43.711],[141.614,43.742],[141.632,43.76],[141.694,43.747],[141.704,43.756],[141.7,43.796],[141.743,43.789],[141.77,43.757],[141.772,43.785],[141.804,43.801],[141.798,43.828],[141.859,43.847],[141.868,43.882],[141.901,43.899],[141.882,43.922],[141.886,43.944],[141.929,43.961],[141.931,43.983],[141.949,43.999],[142.041,44.0],[142.058,44.012],[142.059,44.044],[142.074,44.049]]]]}},{"type":"Feature","properties":{"name":"空知地方中部"},"geometry":{"type":"MultiPolygon","coordinates":[[[[141.701,43.745],[141.822,43.71],[141.905,43.72],[141.918,43.694],[141.899,43.685],[141.915,43.662],[141.973,43.668],[142.023,43.635],[142.064,43.631],[142.091,43.648],[142.114,43.636],[142.194,43.642],[142.213,43.633],[142.258,43.661],[142.278,43.653],[142.293,43.632],[142.288,43.574],[142.322,43.543],[142.337,43.507],[142.368,43.487],[142.355,43.472],[142.367,43.424],[142.341,43.39],[142.351,43.379],[142.293,43.351],[142.296,43.329],[142.272,43.302],[142.289,43.281],[142.279,43.225],[142.19,43.207],[142.153,43.229],[142.111,43.224],[142.079,43.287],[142.046,43.308],[142.063,43.335],[142.05,43.348],[142.062,43.37],[142.031,43.419],[141.969,43.372],[141.932,43.377],[141.913,43.393],[141.823,43.401],[141.82,43.388],[141.774,43.376],[141.762,43.358],[141.773,43.379],[141.738,43.4],[141.736,43.425],[141.72,43.438],[141.733,43.447],[141.718,43.485],[141.651,43.514],[141.624,43.542],[141.618,43.578],[141.596,43.584],[141.582,43.611],[141.491,43.684],[141.525,43.71],[141.557,43.707],[141.581,43.727],[141.701,43.745]]]]}},{"type":"Feature","properties":{"name":"空知地方南部"},"geometry":{"type":"MultiPolygon","coordinates":[[[[141.728,43.454],[141.72,43.438],[141.736,43.425],[141.738,43.4],[141.773,43.38],[141.762,43.358],[141.773,43.376],[141.818,43.387],[141.823,43.4],[141.915,43.393],[141.93,43.378],[141.967,43.372],[142.02,43.418],[142.045,43.411],[142.062,43.373],[142.05,43.349],[142.063,43.336],[142.046,43.308],[142.079,43.286],[142.112,43.224],[142.154,43.229],[142.188,43.207],[142.28,43.225],[142.284,43.198],[142.256,43.16],[142.264,43.137],[142.244,43.107],[142.269,43.066],[142.321,43.047],[142.33,43.031],[142.289,43.01],[142.284,42.985],[142.263,42.982],[142.255,42.967],[142.238,42.974],[142.202,42.952],[142.177,42.959],[142.145,42.949],[142.145,42.927],[142.111,42.915],[142.106,42.893],[142.08,42.869],[142.065,42.874],[142.055,42.86],[141.994,42.85],[141.981,42.837],[141.961,42.844],[141.914,42.9],[141.86,42.93],[141.79,42.929],[141.757,42.953],[141.756,42.938],[141.71,42.915],[141.705,42.898],[141.682,42.911],[141.668,42.888],[141.653,42.889],[141.652,42.943],[141.623,42.983],[141.595,42.985],[141.564,43.036],[141.59,43.056],[141.586,43.078],[141.668,43.12],[141.61,43.167],[141.633,43.19],[141.649,43.189],[141.647,43.207],[141.673,43.23],[141.659,43.246],[141.664,43.258],[141.646,43.27],[141.654,43.286],[141.611,43.29],[141.605,43.331],[141.582,43.352],[141.595,43.36],[141.597,43.384],[141.652,43.414],[141.662,43.433],[141.701,43.456],[141.728,43.454]]]]}},{"type":"Feature","properties":{"name":"上川地方北部"},"geometry":{"type":"MultiPolygon","coordinates":[[[[142.03,44.903],[142.141,44.895],[142.16,44.87],[142.15,44.856],[142.166,44.852],[142.159,44.807],[142.174,44.798],[142.19,44.797],[142.221,44.825],[142.28,44.822],[142.284,44.789],[142.311,44.779],[142.303,44.748],[142.327,44.711],[142.395,44.701],[142.418,44.677],[142.406,44.65],[142.413,44.637],[142.44,44.618],[142.472,44.619],[142.494,44.578],[142.537,44.615],[142.562,44.615],[142.564,44.601],[142.59,44.594],[142.644,44.597],[142.657,44.577],[142.633,44.543],[142.645,44.53],[142.6,44.485],[142.584,44.434],[142.651,44.438],[142.712,44.486],[142.718,44.463],[142.75,44.455],[142.767,44.467],[142.789,44.453],[142.849,44.459],[142.84,44.447],[142.851,44.438],[142.819,44.419],[142.827,44.371],[142.803,44.332],[142.823,44.329],[142.826,44.272],[142.858,44.257],[142.875,44.229],[142.865,44.219],[142.881,44.164],[142.838,44.155],[142.858,44.089],[142.87,44.085],[142.86,44.069],[142.879,44.051],[142.867,44.041],[142.874,44.019],[142.899,44.008],[142.9,43.982],[142.882,43.953],[142.844,43.942],[142.817,43.915],[142.799,43.916],[142.738,43.956],[142.721,43.995],[142.69,44.021],[142.645,44.011],[142.611,44.029],[142.498,43.982],[142.487,43.956],[142.445,43.973],[142.424,43.942],[142.362,43.963],[142.313,43.959],[142.282,43.939],[142.245,43.956],[142.2,43.946],[142.15,43.906],[142.122,43.933],[142.089,44.022],[142.096,44.043],[142.056,44.055],[142.069,44.069],[142.053,44.104],[142.078,44.129],[142.071,44.158],[142.088,44.188],[142.044,44.212],[142.043,44.228],[142.066,44.242],[142.057,44.257],[142.031,44.262],[142.031,44.284],[142.06,44.294],[142.052,44.311],[142.061,44.336],[142.037,44.346],[142.021,44.394],[142.085,44.437],[142.105,44.439],[142.115,44.474],[142.112,44.488],[142.072,44.497],[142.041,44.529],[142.054,44.553],[142.04,44.586],[142.01,44.599],[142.01,44.653],[141.989,44.685],[142.0,44.689],[141.999,44.723],[141.976,44.746],[142.009,44.843],[141.991,44.876],[142.03,44.903]]]]}},{"type":"Feature","properties":{"name":"上川地方中部"},"geometry":{"type":"MultiPolygon","coordinates":[[[[142.614,44.027],[142.644,44.01],[142.69,44.021],[142.72,43.996],[142.738,43.955],[142.798,43.916],[142.817,43.916],[142.843,43.942],[142.881,43.953],[142.897,43.922],[142.982,43.944],[143.012,43.922],[143.037,43.928],[143.054,43.917],[143.02,43.887],[143.021,43.865],[143.009,43.859],[143.018,43.846],[143.011,43.826],[143.046,43.813],[143.014,43.798],[143.008,43.758],[143.08,43.738],[143.145,43.763],[143.169,43.755],[143.18,43.735],[143.172,43.707],[143.14,43.678],[143.174,43.639],[143.137,43.608],[143.143,43.593],[143.06,43.555],[143.036,43.562],[143.015,43.529],[142.976,43.539],[142.957,43.527],[142.908,43.564],[142.875,43.57],[142.85,43.549],[142.851,43.529],[142.809,43.53],[142.814,43.515],[142.715,43.452],[142.711,43.433],[142.688,43.418],[142.607,43.47],[142.578,43.511],[142.482,43.507],[142.433,43.551],[142.427,43.534],[142.403,43.538],[142.399,43.475],[142.357,43.467],[142.364,43.495],[142.337,43.506],[142.322,43.544],[142.302,43.552],[142.288,43.575],[142.288,43.642],[142.257,43.661],[142.199,43.641],[142.178,43.673],[142.184,43.712],[142.171,43.728],[142.199,43.734],[142.198,43.756],[142.24,43.799],[142.209,43.837],[142.216,43.864],[142.161,43.874],[142.149,43.905],[142.201,43.947],[142.245,43.956],[142.282,43.939],[142.313,43.959],[142.361,43.963],[142.425,43.942],[142.445,43.973],[142.486,43.956],[142.499,43.982],[142.614,44.027]]]]}},{"type":"Feature","properties":{"name":"上川地方南部"},"geometry":{"type":"MultiPolygon","coordinates":[[[[142.432,43.551],[142.482,43.507],[142.579,43.51],[142.607,43.471],[142.685,43.418],[142.672,43.406],[142.721,43.36],[142.762,43.357],[142.769,43.346],[142.75,43.341],[142.737,43.319],[142.747,43.26],[142.733,43.233],[142.779,43.174],[142.765,43.163],[142.765,43.125],[142.746,43.115],[142.743,43.086],[142.727,43.077],[142.747,43.058],[142.751,43.01],[142.591,42.968],[142.572,42.93],[142.547,42.911],[142.487,42.923],[142.442,42.912],[142.409,42.934],[142.382,42.888],[142.339,42.884],[142.326,42.89],[142.333,42.908],[142.301,42.941],[142.273,42.951],[142.289,43.009],[142.33,43.031],[142.32,43.047],[142.269,43.066],[142.243,43.112],[142.264,43.136],[142.257,43.161],[142.284,43.199],[142.277,43.232],[142.289,43.28],[142.272,43.302],[142.297,43.33],[142.29,43.347],[142.351,43.379],[142.341,43.392],[142.367,43.425],[142.357,43.466],[142.399,43.474],[142.403,43.538],[142.426,43.534],[142.432,43.551]]]]}},{"type":"Feature","properties":{"name":"留萌地方中北部"},"geometry":{"type":"MultiPolygon","coordinates":[[[[141.327,44.442],[141.333,44.426],[141.293,44.414],[141.327,44.442]]],[[[141.426,44.447],[141.426,44.428],[141.381,44.433],[141.426,44.447]]],[[[141.853,44.993],[141.873,44.968],[141.875,44.93],[141.917,44.919],[141.91,44.907],[141.926,44.898],[141.948,44.911],[141.955,44.898],[141.986,44.917],[141.991,44.897],[142.028,44.907],[141.99,44.875],[142.009,44.844],[141.977,44.747],[141.999,44.724],[142.0,44.69],[141.989,44.686],[142.009,44.654],[142.009,44.6],[142.04,44.586],[142.055,44.552],[142.041,44.529],[142.074,44.496],[142.112,44.488],[142.116,44.468],[142.106,44.44],[142.022,44.393],[142.037,44.346],[142.061,44.336],[142.052,44.311],[142.06,44.294],[142.031,44.285],[142.039,44.27],[142.03,44.264],[142.056,44.258],[142.066,44.242],[142.045,44.228],[142.045,44.211],[142.087,44.189],[142.078,44.168],[142.056,44.169],[142.031,44.146],[141.95,44.147],[141.944,44.115],[141.924,44.123],[141.884,44.105],[141.84,44.117],[141.814,44.091],[141.774,44.107],[141.772,44.142],[141.723,44.173],[141.732,44.192],[141.686,44.215],[141.656,44.21],[141.647,44.314],[141.673,44.325],[141.694,44.377],[141.701,44.369],[141.748,44.435],[141.762,44.535],[141.789,44.602],[141.785,44.722],[141.715,44.951],[141.766,44.985],[141.853,44.993]]]]}},{"type":"Feature","properties":{"name":"留萌地方南部"},"geometry":{"type":"MultiPolygon","coordinates":[[[[141.687,44.214],[141.732,44.192],[141.722,44.174],[141.771,44.142],[141.773,44.108],[141.813,44.091],[141.84,44.117],[141.884,44.105],[141.922,44.123],[141.945,44.115],[141.95,44.147],[142.031,44.146],[142.055,44.17],[142.074,44.166],[142.078,44.128],[142.053,44.104],[142.069,44.07],[142.055,44.055],[142.066,44.049],[142.059,44.013],[142.033,43.999],[141.95,43.999],[141.931,43.983],[141.929,43.961],[141.885,43.943],[141.882,43.922],[141.9,43.898],[141.869,43.883],[141.859,43.847],[141.797,43.827],[141.804,43.802],[141.771,43.784],[141.769,43.756],[141.742,43.79],[141.7,43.796],[141.7,43.75],[141.632,43.76],[141.55,43.714],[141.523,43.716],[141.489,43.685],[141.467,43.702],[141.417,43.711],[141.406,43.737],[141.372,43.728],[141.339,43.737],[141.388,43.807],[141.457,43.836],[141.493,43.836],[141.52,43.859],[141.561,43.859],[141.627,43.921],[141.629,43.963],[141.647,43.944],[141.636,43.959],[141.645,43.971],[141.633,43.974],[141.646,43.976],[141.662,44.024],[141.656,44.209],[141.687,44.214]]]]}},{"type":"Feature","properties":{"name":"宗谷地方北部"},"geometry":{"type":"MultiPolygon","coordinates":[[[[141.941,45.521],[141.961,45.511],[141.978,45.475],[142.019,45.453],[142.044,45.407],[142.171,45.343],[142.344,45.175],[142.319,45.16],[142.247,45.192],[142.185,45.162],[142.186,45.146],[142.168,45.139],[142.199,45.087],[142.186,45.079],[142.183,45.055],[142.157,45.042],[142.173,45.032],[142.153,45.009],[142.168,44.975],[142.141,44.953],[142.132,44.901],[142.031,44.898],[142.022,44.911],[141.992,44.898],[141.986,44.917],[141.954,44.898],[141.947,44.911],[141.927,44.898],[141.91,44.907],[141.917,44.919],[141.875,44.93],[141.86,44.992],[141.801,44.992],[141.715,44.953],[141.733,44.878],[141.696,44.974],[141.586,45.155],[141.569,45.198],[141.571,45.232],[141.616,45.283],[141.609,45.309],[141.618,45.309],[141.607,45.312],[141.626,45.317],[141.655,45.352],[141.657,45.37],[141.634,45.405],[141.643,45.449],[141.696,45.415],[141.68,45.418],[141.681,45.403],[141.679,45.411],[141.71,45.396],[141.748,45.413],[141.796,45.407],[141.864,45.44],[141.893,45.511],[141.941,45.521]]]]}},{"type":"Feature","properties":{"name":"宗谷地方南部"},"geometry":{"type":"MultiPolygon","coordinates":[[[[142.261,45.187],[142.319,45.16],[142.345,45.175],[142.482,45.062],[142.504,45.06],[142.508,45.04],[142.534,45.028],[142.54,44.991],[142.585,44.962],[142.589,44.918],[142.633,44.887],[142.658,44.842],[142.68,44.833],[142.738,44.761],[142.838,44.691],[142.831,44.671],[142.792,44.64],[142.703,44.63],[142.685,44.616],[142.687,44.603],[142.65,44.59],[142.588,44.594],[142.564,44.601],[142.562,44.615],[142.537,44.615],[142.494,44.578],[142.473,44.619],[142.441,44.617],[142.413,44.637],[142.406,44.65],[142.419,44.677],[142.395,44.701],[142.328,44.71],[142.304,44.748],[142.312,44.778],[142.28,44.794],[142.281,44.822],[142.21,44.822],[142.187,44.796],[142.161,44.805],[142.166,44.852],[142.15,44.857],[142.16,44.871],[142.126,44.912],[142.143,44.933],[142.142,44.953],[142.168,44.974],[142.154,45.011],[142.172,45.038],[142.157,45.043],[142.183,45.055],[142.198,45.086],[142.19,45.117],[142.167,45.139],[142.186,45.145],[142.185,45.162],[142.201,45.176],[142.261,45.187]]]]}},{"type":"Feature","properties":{"name":"北海道利尻礼文"},"geometry":{"type":"MultiPolygon","coordinates":[[[[141.199,45.259],[141.231,45.247],[141.232,45.234],[141.275,45.234],[141.318,45.197],[141.33,45.15],[141.285,45.109],[141.228,45.099],[141.166,45.138],[141.127,45.186],[141.142,45.19],[141.137,45.22],[141.199,45.259]]],[[[140.967,45.464],[141.009,45.433],[141.035,45.441],[141.035,45.46],[141.067,45.424],[141.056,45.407],[141.057,45.318],[141.042,45.274],[141.016,45.284],[141.025,45.302],[140.983,45.38],[140.992,45.408],[140.983,45.415],[140.994,45.424],[140.966,45.439],[140.977,45.448],[140.967,45.464]]]]}},{"type":"Feature","properties":{"name":"網走地方"},"geometry":{"type":"MultiPolygon","coordinates":[[[[145.33,44.345],[145.32,44.266],[145.278,44.221],[145.287,44.187],[145.274,44.168],[145.18,44.136],[145.113,44.058],[145.064,44.042],[145.049,44.008],[145.015,43.997],[144.996,43.968],[145.003,43.948],[144.977,43.927],[144.905,43.906],[144.878,43.877],[144.904,43.867],[144.905,43.85],[144.863,43.813],[144.86,43.787],[144.831,43.799],[144.808,43.788],[144.797,43.763],[144.722,43.761],[144.734,43.685],[144.64,43.625],[144.614,43.634],[144.579,43.603],[144.535,43.609],[144.515,43.653],[144.487,43.66],[144.475,43.686],[144.441,43.698],[144.39,43.688],[144.324,43.704],[144.276,43.683],[144.278,43.668],[144.228,43.63],[144.217,43.593],[144.235,43.544],[144.22,43.517],[144.198,43.525],[144.181,43.511],[144.143,43.531],[144.123,43.512],[144.083,43.515],[144.072,43.475],[144.024,43.461],[143.956,43.475],[143.928,43.519],[143.908,43.529],[143.877,43.523],[143.776,43.614],[143.779,43.643],[143.832,43.656],[143.817,43.672],[143.823,43.686],[143.858,43.709],[143.898,43.705],[143.911,43.739],[143.941,43.756],[143.947,43.775],[143.969,43.765],[144.012,43.85],[144.057,43.88],[144.047,43.893],[144.064,43.921],[144.041,43.917],[144.02,43.953],[144.054,43.989],[144.031,44.016],[144.049,44.033],[144.046,44.061],[144.091,44.112],[144.209,44.102],[144.247,44.112],[144.262,44.057],[144.255,44.039],[144.291,44.025],[144.278,44.024],[144.292,44.019],[144.282,44.013],[144.298,43.984],[144.387,43.949],[144.605,43.918],[144.784,43.929],[144.911,44.004],[144.934,44.041],[144.997,44.073],[145.015,44.1],[145.192,44.195],[145.225,44.248],[145.33,44.345]]]]}},{"type":"Feature","properties":{"name":"北見地方"},"geometry":{"type":"MultiPolygon","coordinates":[[[[143.783,44.185],[143.964,44.14],[144.102,44.128],[144.122,44.116],[144.088,44.11],[144.046,44.062],[144.049,44.034],[144.031,44.017],[144.047,44.01],[144.054,43.987],[144.02,43.954],[144.04,43.918],[144.064,43.921],[144.047,43.895],[144.057,43.88],[144.012,43.851],[143.969,43.764],[143.946,43.775],[143.941,43.756],[143.911,43.74],[143.898,43.705],[143.845,43.703],[143.817,43.677],[143.834,43.664],[143.829,43.653],[143.779,43.643],[143.779,43.626],[143.763,43.617],[143.74,43.619],[143.724,43.64],[143.696,43.64],[143.679,43.626],[143.64,43.64],[143.625,43.637],[143.632,43.623],[143.617,43.606],[143.543,43.598],[143.52,43.549],[143.498,43.549],[143.464,43.508],[143.376,43.552],[143.234,43.551],[143.224,43.556],[143.228,43.573],[143.208,43.584],[143.136,43.6],[143.174,43.64],[143.14,43.677],[143.161,43.706],[143.226,43.697],[143.253,43.71],[143.251,43.739],[143.289,43.763],[143.337,43.766],[143.377,43.797],[143.511,43.813],[143.529,43.822],[143.529,43.835],[143.572,43.845],[143.567,43.875],[143.587,43.898],[143.591,43.939],[143.571,43.957],[143.589,43.97],[143.587,43.988],[143.649,43.988],[143.683,44.017],[143.713,44.008],[143.747,44.093],[143.742,44.121],[143.775,44.144],[143.783,44.185]]]]}},{"type":"Feature","properties":{"name":"紋別地方"},"geometry":{"type":"MultiPolygon","coordinates":[[[[142.876,44.661],[142.928,44.628],[142.99,44.56],[143.046,44.529],[143.063,44.532],[143.083,44.507],[143.349,44.37],[143.364,44.338],[143.393,44.319],[143.776,44.183],[143.776,44.144],[143.742,44.12],[143.746,44.094],[143.713,44.007],[143.683,44.017],[143.649,43.988],[143.587,43.989],[143.589,43.97],[143.571,43.958],[143.591,43.939],[143.587,43.898],[143.567,43.876],[143.573,43.845],[143.529,43.835],[143.529,43.822],[143.511,43.813],[143.377,43.798],[143.336,43.766],[143.289,43.764],[143.251,43.739],[143.253,43.71],[143.226,43.697],[143.171,43.708],[143.178,43.737],[143.155,43.763],[143.08,43.738],[143.008,43.759],[143.013,43.797],[143.046,43.812],[143.011,43.826],[143.018,43.846],[143.009,43.859],[143.021,43.864],[143.019,43.886],[143.055,43.917],[143.037,43.928],[143.012,43.922],[142.982,43.944],[142.899,43.922],[142.88,43.946],[142.902,43.989],[142.899,44.008],[142.874,44.02],[142.867,44.04],[142.879,44.051],[142.861,44.069],[142.87,44.084],[142.857,44.09],[142.86,44.108],[142.842,44.127],[142.838,44.156],[142.882,44.166],[142.865,44.218],[142.875,44.228],[142.858,44.257],[142.826,44.272],[142.824,44.328],[142.803,44.332],[142.829,44.379],[142.82,44.42],[142.851,44.438],[142.84,44.446],[142.849,44.459],[142.79,44.454],[142.767,44.467],[142.749,44.455],[142.719,44.463],[142.712,44.486],[142.651,44.438],[142.584,44.434],[142.601,44.486],[142.646,44.53],[142.633,44.543],[142.657,44.576],[142.648,44.59],[142.688,44.604],[142.684,44.616],[142.702,44.63],[142.792,44.64],[142.841,44.686],[142.876,44.661]]]]}},{"type":"Feature","properties":{"name":"胆振地方西部"},"geometry":{"type":"MultiPolygon","coordinates":[[[[141.08,42.824],[141.161,42.781],[141.199,42.784],[141.173,42.751],[141.191,42.685],[141.162,42.665],[141.143,42.635],[141.148,42.623],[141.088,42.588],[141.086,42.555],[141.065,42.544],[141.069,42.53],[140.97,42.504],[140.99,42.437],[140.983,42.41],[140.949,42.388],[140.908,42.38],[140.902,42.415],[140.874,42.458],[140.78,42.5],[140.786,42.517],[140.771,42.522],[140.772,42.538],[140.709,42.583],[140.646,42.587],[140.583,42.567],[140.538,42.587],[140.545,42.607],[140.533,42.616],[140.577,42.666],[140.562,42.716],[140.602,42.707],[140.745,42.714],[140.763,42.698],[140.751,42.663],[140.762,42.658],[140.857,42.699],[140.968,42.671],[141.011,42.717],[141.04,42.716],[141.044,42.733],[141.078,42.747],[141.088,42.793],[141.065,42.822],[141.08,42.824]]]]}},{"type":"Feature","properties":{"name":"胆振地方中東部"},"geometry":{"type":"MultiPolygon","coordinates":[[[[142.275,42.985],[142.284,42.968],[142.273,42.95],[142.301,42.941],[142.334,42.907],[142.313,42.882],[142.299,42.774],[142.243,42.742],[142.22,42.745],[142.212,42.724],[142.189,42.72],[142.186,42.702],[142.149,42.672],[142.121,42.595],[142.011,42.541],[141.983,42.545],[141.968,42.529],[141.903,42.578],[141.813,42.603],[141.818,42.613],[141.801,42.602],[141.782,42.617],[141.667,42.631],[141.625,42.62],[141.695,42.657],[141.634,42.637],[141.623,42.643],[141.62,42.621],[141.58,42.623],[141.462,42.592],[141.349,42.542],[141.206,42.454],[141.137,42.428],[141.023,42.333],[141.002,42.301],[140.948,42.316],[140.931,42.34],[140.95,42.351],[140.979,42.324],[140.981,42.343],[141.008,42.348],[140.949,42.355],[140.908,42.377],[140.984,42.413],[140.988,42.466],[140.973,42.472],[140.97,42.504],[141.069,42.53],[141.065,42.545],[141.085,42.554],[141.093,42.594],[141.147,42.623],[141.143,42.636],[141.162,42.665],[141.21,42.701],[141.243,42.698],[141.258,42.714],[141.311,42.685],[141.358,42.681],[141.388,42.693],[141.413,42.723],[141.407,42.764],[141.566,42.743],[141.605,42.772],[141.706,42.77],[141.773,42.81],[141.765,42.832],[141.789,42.84],[141.791,42.875],[141.807,42.893],[141.87,42.922],[141.915,42.9],[141.962,42.844],[141.982,42.838],[142.054,42.86],[142.064,42.874],[142.081,42.869],[142.107,42.893],[142.111,42.915],[142.145,42.926],[142.152,42.955],[142.201,42.952],[142.223,42.97],[142.256,42.967],[142.275,42.985]]]]}},{"type":"Feature","properties":{"name":"日高地方西部"},"geometry":{"type":"MultiPolygon","coordinates":[[[[142.735,43.007],[142.764,42.989],[142.75,42.964],[142.778,42.926],[142.757,42.899],[142.787,42.864],[142.732,42.836],[142.72,42.777],[142.687,42.751],[142.691,42.726],[142.616,42.725],[142.593,42.738],[142.572,42.728],[142.545,42.691],[142.545,42.639],[142.495,42.634],[142.484,42.621],[142.504,42.599],[142.467,42.594],[142.456,42.575],[142.409,42.565],[142.387,42.543],[142.335,42.547],[142.334,42.522],[142.306,42.501],[142.306,42.471],[142.273,42.436],[142.225,42.421],[142.167,42.46],[142.027,42.485],[141.968,42.528],[141.982,42.545],[142.011,42.54],[142.119,42.593],[142.138,42.654],[142.185,42.701],[142.19,42.72],[142.212,42.724],[142.221,42.745],[142.241,42.743],[142.299,42.773],[142.323,42.89],[142.381,42.887],[142.41,42.934],[142.443,42.912],[142.521,42.923],[142.546,42.911],[142.572,42.929],[142.588,42.967],[142.735,43.007]]]]}},{"type":"Feature","properties":{"name":"日高地方中部"},"geometry":{"type":"MultiPolygon","coordinates":[[[[142.704,42.737],[142.756,42.722],[142.763,42.684],[142.755,42.646],[142.769,42.623],[142.794,42.615],[142.828,42.55],[142.863,42.542],[142.856,42.513],[142.891,42.488],[142.866,42.452],[142.779,42.432],[142.793,42.379],[142.77,42.351],[142.767,42.313],[142.71,42.244],[142.683,42.24],[142.649,42.209],[142.583,42.244],[142.484,42.269],[142.444,42.304],[142.368,42.323],[142.225,42.418],[142.298,42.458],[142.305,42.501],[142.334,42.522],[142.334,42.546],[142.387,42.543],[142.41,42.565],[142.455,42.574],[142.467,42.594],[142.504,42.599],[142.485,42.622],[142.496,42.634],[142.545,42.64],[142.545,42.69],[142.572,42.728],[142.608,42.737],[142.617,42.725],[142.68,42.718],[142.704,42.737]]]]}},{"type":"Feature","properties":{"name":"日高地方東部"},"geometry":{"type":"MultiPolygon","coordinates":[[[[142.892,42.452],[142.906,42.429],[142.947,42.427],[143.056,42.309],[143.106,42.286],[143.117,42.26],[143.149,42.252],[143.148,42.241],[143.186,42.219],[143.202,42.189],[143.269,42.161],[143.324,42.16],[143.31,42.048],[143.256,41.998],[143.241,41.949],[143.248,41.925],[143.164,41.983],[143.135,42.027],[143.01,42.081],[142.964,42.119],[142.815,42.142],[142.756,42.165],[142.773,42.162],[142.759,42.175],[142.671,42.191],[142.65,42.208],[142.684,42.241],[142.733,42.261],[142.768,42.314],[142.77,42.351],[142.793,42.38],[142.778,42.431],[142.866,42.452],[142.88,42.467],[142.892,42.452]]]]}},{"type":"Feature","properties":{"name":"十勝地方北部"},"geometry":{"type":"MultiPolygon","coordinates":[[[[143.728,43.637],[143.743,43.618],[143.775,43.622],[143.792,43.591],[143.821,43.579],[143.837,43.55],[143.878,43.523],[143.897,43.531],[143.928,43.519],[143.956,43.475],[143.999,43.464],[144.004,43.436],[144.03,43.422],[144.027,43.392],[144.004,43.387],[144.007,43.374],[143.911,43.335],[143.845,43.284],[143.822,43.289],[143.827,43.262],[143.8,43.248],[143.793,43.204],[143.774,43.212],[143.716,43.201],[143.66,43.24],[143.57,43.189],[143.537,43.236],[143.526,43.228],[143.411,43.245],[143.387,43.188],[143.372,43.2],[143.103,43.25],[143.118,43.18],[143.15,43.153],[143.075,43.166],[143.04,43.07],[143.063,43.062],[143.07,43.011],[142.969,43.068],[142.929,43.12],[142.916,43.117],[142.919,43.094],[142.887,43.088],[142.896,43.07],[142.856,43.062],[142.858,43.038],[142.754,43.014],[142.747,43.058],[142.727,43.077],[142.743,43.087],[142.746,43.115],[142.765,43.125],[142.765,43.163],[142.779,43.174],[142.736,43.219],[142.734,43.249],[142.747,43.265],[142.735,43.297],[142.748,43.34],[142.769,43.347],[142.761,43.357],[142.72,43.36],[142.672,43.404],[142.711,43.433],[142.714,43.451],[142.813,43.514],[142.808,43.529],[142.851,43.529],[142.861,43.565],[142.906,43.565],[142.958,43.526],[142.977,43.539],[143.014,43.529],[143.037,43.562],[143.06,43.555],[143.143,43.595],[143.172,43.595],[143.226,43.574],[143.233,43.552],[143.375,43.552],[143.463,43.508],[143.499,43.55],[143.519,43.548],[143.544,43.598],[143.617,43.606],[143.632,43.621],[143.627,43.638],[143.679,43.626],[143.696,43.64],[143.728,43.637]]]]}},{"type":"Feature","properties":{"name":"十勝地方中部"},"geometry":{"type":"MultiPolygon","coordinates":[[[[143.355,43.202],[143.393,43.189],[143.411,43.245],[143.525,43.228],[143.538,43.236],[143.569,43.189],[143.66,43.24],[143.715,43.201],[143.774,43.212],[143.793,43.204],[143.753,43.119],[143.756,43.083],[143.711,43.044],[143.703,43.005],[143.767,42.96],[143.761,42.939],[143.777,42.896],[143.869,42.842],[143.825,42.8],[143.819,42.806],[143.649,42.683],[143.647,42.667],[143.631,42.669],[143.525,42.574],[143.521,42.6],[143.48,42.622],[143.484,42.634],[143.464,42.632],[143.44,42.665],[143.41,42.677],[143.391,42.648],[143.371,42.648],[143.363,42.611],[143.372,42.593],[143.407,42.589],[143.412,42.56],[143.452,42.528],[143.378,42.509],[143.361,42.534],[143.339,42.541],[143.3,42.529],[143.225,42.552],[143.23,42.561],[143.219,42.566],[143.295,42.593],[143.303,42.63],[143.261,42.642],[143.285,42.719],[143.248,42.725],[143.239,42.702],[143.192,42.7],[143.197,42.725],[143.103,42.731],[143.028,42.636],[142.962,42.619],[142.92,42.627],[142.901,42.615],[142.86,42.641],[142.87,42.683],[142.862,42.694],[142.764,42.684],[142.756,42.722],[142.688,42.743],[142.697,42.767],[142.719,42.776],[142.738,42.842],[142.788,42.863],[142.757,42.897],[142.778,42.926],[142.75,42.964],[142.764,42.989],[142.741,43.005],[142.814,43.035],[142.858,43.038],[142.856,43.061],[142.895,43.07],[142.886,43.088],[142.92,43.093],[142.916,43.118],[142.929,43.12],[142.968,43.068],[143.07,43.011],[143.063,43.062],[143.041,43.07],[143.075,43.166],[143.15,43.152],[143.119,43.179],[143.103,43.25],[143.355,43.202]]]]}},{"type":"Feature","properties":{"name":"十勝地方南部"},"geometry":{"type":"MultiPolygon","coordinates":[[[[143.196,42.722],[143.192,42.7],[143.239,42.702],[143.248,42.725],[143.285,42.718],[143.262,42.641],[143.302,42.631],[143.297,42.6],[143.224,42.573],[143.224,42.552],[143.242,42.545],[143.299,42.528],[143.34,42.54],[143.369,42.53],[143.378,42.509],[143.453,42.528],[143.411,42.561],[143.407,42.59],[143.372,42.593],[143.364,42.61],[143.371,42.648],[143.39,42.648],[143.411,42.677],[143.519,42.6],[143.524,42.574],[143.433,42.476],[143.326,42.313],[143.34,42.301],[143.328,42.307],[143.321,42.287],[143.348,42.303],[143.326,42.291],[143.309,42.257],[143.32,42.21],[143.336,42.202],[143.324,42.16],[143.294,42.169],[143.27,42.161],[143.201,42.19],[143.186,42.219],[143.149,42.239],[143.149,42.252],[143.117,42.261],[143.107,42.285],[143.055,42.31],[142.947,42.426],[142.906,42.429],[142.883,42.464],[142.889,42.494],[142.856,42.513],[142.863,42.542],[142.828,42.549],[142.825,42.571],[142.793,42.616],[142.769,42.623],[142.752,42.66],[142.779,42.69],[142.859,42.695],[142.87,42.684],[142.86,42.642],[142.87,42.633],[142.901,42.615],[142.92,42.627],[142.962,42.619],[143.031,42.637],[143.102,42.731],[143.196,42.722]]]]}},{"type":"Feature","properties":{"name":"釧路地方北部"},"geometry":{"type":"MultiPolygon","coordinates":[[[[144.334,43.704],[144.38,43.689],[144.44,43.698],[144.474,43.686],[144.486,43.66],[144.515,43.652],[144.53,43.612],[144.572,43.599],[144.579,43.577],[144.554,43.555],[144.595,43.501],[144.571,43.502],[144.579,43.463],[144.562,43.452],[144.559,43.421],[144.532,43.409],[144.541,43.39],[144.442,43.426],[144.399,43.392],[144.378,43.396],[144.352,43.427],[144.267,43.439],[144.229,43.466],[144.247,43.51],[144.223,43.521],[144.235,43.545],[144.217,43.59],[144.227,43.629],[144.278,43.667],[144.278,43.684],[144.334,43.704]]]]}},{"type":"Feature","properties":{"name":"釧路地方中南部"},"geometry":{"type":"MultiPolygon","coordinates":[[[[144.586,43.577],[144.669,43.547],[144.744,43.487],[144.679,43.442],[144.652,43.447],[144.638,43.427],[144.67,43.351],[144.702,43.342],[144.727,43.317],[144.828,43.297],[144.878,43.279],[144.917,43.244],[144.947,43.248],[145.013,43.216],[145.067,43.244],[145.126,43.234],[145.163,43.258],[145.195,43.258],[145.226,43.206],[145.269,43.227],[145.314,43.202],[145.326,43.174],[145.257,43.161],[145.217,43.139],[145.167,43.15],[145.123,43.133],[145.111,43.112],[145.117,43.082],[145.172,43.077],[145.125,43.067],[145.125,43.077],[145.1,43.078],[145.085,43.045],[145.032,43.03],[145.024,42.999],[144.974,42.981],[144.876,42.986],[144.854,43.012],[144.834,43.014],[144.831,43.036],[144.854,43.049],[144.782,43.054],[144.745,43.023],[144.722,42.979],[144.781,42.934],[144.717,42.933],[144.63,42.951],[144.447,42.944],[144.362,42.971],[144.372,42.985],[144.357,42.998],[144.342,42.99],[144.353,42.997],[144.287,43.004],[144.18,42.988],[144.051,42.942],[143.87,42.843],[143.778,42.896],[143.766,42.961],[143.704,43.003],[143.711,43.042],[143.756,43.084],[143.754,43.12],[143.775,43.151],[143.768,43.163],[143.782,43.169],[143.778,43.187],[143.797,43.208],[143.79,43.219],[143.801,43.248],[143.827,43.263],[143.823,43.289],[143.846,43.285],[143.912,43.335],[144.027,43.392],[144.028,43.427],[144.004,43.436],[144.0,43.465],[144.07,43.475],[144.083,43.515],[144.123,43.512],[144.144,43.531],[144.18,43.511],[144.201,43.525],[144.246,43.512],[144.229,43.466],[144.267,43.439],[144.351,43.428],[144.378,43.396],[144.399,43.392],[144.443,43.426],[144.54,43.389],[144.533,43.41],[144.558,43.421],[144.561,43.452],[144.579,43.463],[144.571,43.502],[144.594,43.501],[144.554,43.556],[144.586,43.577]]]]}},{"type":"Feature","properties":{"name":"根室地方北部"},"geometry":{"type":"MultiPolygon","coordinates":[[[[145.342,44.34],[145.349,44.294],[145.368,44.271],[145.347,44.222],[145.329,44.191],[145.26,44.133],[145.229,44.045],[145.142,43.969],[145.094,43.891],[145.098,43.859],[145.083,43.821],[145.061,43.806],[145.069,43.748],[145.138,43.666],[145.129,43.67],[145.139,43.65],[145.244,43.614],[145.197,43.623],[145.201,43.61],[145.18,43.607],[145.171,43.585],[145.141,43.565],[145.01,43.535],[145.035,43.514],[145.028,43.503],[144.976,43.469],[144.935,43.462],[144.901,43.488],[144.816,43.476],[144.745,43.486],[144.669,43.547],[144.579,43.578],[144.571,43.6],[144.613,43.634],[144.642,43.625],[144.734,43.685],[144.722,43.761],[144.796,43.763],[144.808,43.787],[144.83,43.799],[144.86,43.787],[144.864,43.813],[144.904,43.85],[144.905,43.867],[144.878,43.876],[144.905,43.905],[144.976,43.927],[145.003,43.947],[144.996,43.967],[145.015,43.997],[145.049,44.008],[145.064,44.042],[145.113,44.058],[145.181,44.137],[145.274,44.168],[145.288,44.185],[145.277,44.22],[145.32,44.267],[145.326,44.326],[145.342,44.34]]]]}},{"type":"Feature","properties":{"name":"根室地方中部"},"geometry":{"type":"MultiPolygon","coordinates":[[[[145.197,43.61],[145.219,43.587],[145.222,43.559],[145.242,43.532],[145.278,43.401],[145.318,43.348],[145.391,43.294],[145.371,43.291],[145.298,43.329],[145.255,43.33],[145.259,43.292],[145.224,43.278],[145.213,43.25],[145.163,43.258],[145.124,43.233],[145.065,43.244],[145.013,43.216],[144.947,43.248],[144.917,43.244],[144.879,43.279],[144.829,43.297],[144.728,43.316],[144.702,43.342],[144.67,43.352],[144.638,43.419],[144.652,43.446],[144.68,43.443],[144.755,43.492],[144.816,43.476],[144.9,43.488],[144.935,43.461],[144.976,43.469],[145.035,43.514],[145.011,43.535],[145.14,43.565],[145.17,43.584],[145.179,43.607],[145.197,43.61]]],[[[145.247,43.615],[145.327,43.596],[145.349,43.564],[145.328,43.551],[145.285,43.551],[145.311,43.552],[145.286,43.561],[145.334,43.563],[145.34,43.584],[145.32,43.582],[145.335,43.59],[145.307,43.601],[145.263,43.596],[145.273,43.604],[145.242,43.592],[145.269,43.608],[145.247,43.615]]]]}},{"type":"Feature","properties":{"name":"根室地方南部"},"geometry":{"type":"MultiPolygon","coordinates":[[[[145.758,43.399],[145.817,43.386],[145.812,43.369],[145.756,43.337],[145.689,43.328],[145.679,43.312],[145.622,43.316],[145.588,43.278],[145.569,43.283],[145.549,43.23],[145.557,43.22],[145.531,43.208],[145.529,43.186],[145.51,43.188],[145.508,43.178],[145.523,43.174],[145.509,43.162],[145.495,43.16],[145.504,43.17],[145.493,43.184],[145.469,43.189],[145.327,43.173],[145.313,43.203],[145.269,43.227],[145.226,43.206],[145.196,43.258],[145.213,43.25],[145.223,43.277],[145.259,43.292],[145.253,43.33],[145.307,43.327],[145.371,43.291],[145.41,43.292],[145.492,43.266],[145.523,43.308],[145.586,43.34],[145.579,43.348],[145.623,43.363],[145.65,43.391],[145.722,43.383],[145.758,43.399]]],[[[146.099,43.448],[146.108,43.431],[146.085,43.414],[146.025,43.408],[146.048,43.431],[146.087,43.426],[146.083,43.439],[146.099,43.448]]],[[[145.888,43.462],[145.901,43.448],[145.95,43.454],[145.934,43.441],[145.955,43.425],[145.899,43.417],[145.896,43.447],[145.863,43.454],[145.888,43.462]]],[[[146.135,43.549],[146.163,43.534],[146.204,43.534],[146.179,43.504],[146.194,43.489],[146.117,43.458],[146.103,43.495],[146.059,43.522],[146.135,43.549]]],[[[146.312,43.651],[146.351,43.64],[146.357,43.618],[146.27,43.627],[146.297,43.63],[146.312,43.651]]]]}},{"type":"Feature","properties":{"name":"青森県津軽北部"},"geometry":{"type":"MultiPolygon","coordinates":[[[[140.346,41.263],[140.464,41.182],[140.499,41.19],[140.549,41.229],[140.603,41.215],[140.633,41.191],[140.644,41.173],[140.632,41.097],[140.662,40.943],[140.687,40.868],[140.733,40.831],[140.797,40.837],[140.86,40.888],[140.872,40.944],[140.838,40.953],[140.863,40.958],[140.879,41.009],[140.949,40.992],[140.984,40.96],[140.973,40.934],[141.018,40.931],[141.081,40.896],[141.084,40.886],[141.047,40.877],[141.039,40.84],[140.981,40.806],[140.955,40.766],[140.918,40.761],[140.902,40.743],[140.91,40.729],[140.953,40.719],[140.978,40.698],[140.955,40.647],[140.879,40.657],[140.876,40.614],[140.845,40.606],[140.766,40.666],[140.669,40.657],[140.635,40.689],[140.6,40.692],[140.559,40.688],[140.551,40.67],[140.541,40.686],[140.547,40.7],[140.522,40.721],[140.521,40.693],[140.536,40.688],[140.503,40.709],[140.472,40.666],[140.419,40.725],[140.42,40.737],[140.329,40.757],[140.292,40.773],[140.27,40.8],[140.25,40.8],[140.302,40.917],[140.324,41.061],[140.306,41.106],[140.249,41.133],[140.257,41.141],[140.303,41.131],[140.321,41.147],[140.336,41.188],[140.33,41.23],[140.346,41.263]]]]}},{"type":"Feature","properties":{"name":"青森県津軽南部"},"geometry":{"type":"MultiPolygon","coordinates":[[[[140.254,40.8],[140.328,40.758],[140.42,40.737],[140.472,40.666],[140.504,40.709],[140.536,40.688],[140.521,40.693],[140.521,40.721],[140.548,40.699],[140.54,40.687],[140.55,40.67],[140.559,40.688],[140.602,40.692],[140.633,40.69],[140.668,40.657],[140.767,40.666],[140.844,40.606],[140.863,40.61],[140.864,40.559],[140.851,40.545],[140.88,40.51],[140.821,40.496],[140.804,40.449],[140.769,40.454],[140.734,40.439],[140.732,40.416],[140.699,40.429],[140.653,40.403],[140.635,40.402],[140.625,40.424],[140.591,40.436],[140.553,40.421],[140.567,40.399],[140.541,40.403],[140.525,40.41],[140.529,40.431],[140.509,40.429],[140.465,40.456],[140.44,40.45],[140.435,40.48],[140.403,40.475],[140.388,40.487],[140.348,40.468],[140.339,40.441],[140.311,40.436],[140.292,40.447],[140.219,40.431],[140.185,40.443],[140.111,40.435],[140.07,40.469],[140.023,40.452],[140.02,40.421],[139.996,40.435],[139.937,40.429],[139.95,40.496],[139.94,40.553],[139.919,40.586],[139.869,40.585],[139.86,40.614],[139.903,40.646],[139.928,40.642],[139.936,40.671],[139.964,40.683],[140.0,40.747],[140.053,40.769],[140.118,40.742],[140.191,40.782],[140.228,40.782],[140.235,40.798],[140.254,40.8]]]]}},{"type":"Feature","properties":{"name":"青森県三八上北"},"geometry":{"type":"MultiPolygon","coordinates":[[[[141.289,41.157],[141.324,41.153],[141.334,41.109],[141.361,41.108],[141.396,41.13],[141.384,40.98],[141.392,40.937],[141.376,40.935],[141.399,40.926],[141.391,40.904],[141.406,40.796],[141.462,40.603],[141.482,40.569],[141.527,40.558],[141.486,40.558],[141.514,40.552],[141.504,40.541],[141.534,40.527],[141.575,40.543],[141.683,40.452],[141.654,40.428],[141.587,40.407],[141.586,40.379],[141.539,40.348],[141.48,40.376],[141.442,40.376],[141.425,40.361],[141.397,40.367],[141.382,40.342],[141.351,40.331],[141.335,40.345],[141.336,40.36],[141.315,40.372],[141.218,40.315],[141.139,40.301],[141.1,40.28],[141.104,40.256],[141.016,40.218],[140.98,40.22],[140.946,40.258],[140.958,40.282],[140.944,40.292],[140.968,40.337],[140.962,40.347],[140.995,40.353],[140.985,40.427],[140.893,40.423],[140.861,40.441],[140.88,40.51],[140.852,40.544],[140.866,40.573],[140.858,40.605],[140.876,40.614],[140.884,40.636],[140.877,40.657],[140.954,40.647],[140.978,40.697],[140.953,40.719],[140.91,40.729],[140.902,40.743],[140.919,40.761],[140.954,40.766],[140.981,40.806],[141.016,40.82],[141.019,40.837],[141.046,40.852],[141.048,40.877],[141.084,40.886],[141.103,40.872],[141.133,40.873],[141.179,40.905],[141.23,40.994],[141.248,41.11],[141.289,41.157]]]]}},{"type":"Feature","properties":{"name":"青森県下北"},"geometry":{"type":"MultiPolygon","coordinates":[[[[140.919,41.547],[141.002,41.486],[141.066,41.482],[141.113,41.463],[141.193,41.387],[141.271,41.354],[141.314,41.352],[141.387,41.375],[141.463,41.431],[141.46,41.381],[141.443,41.36],[141.391,41.178],[141.394,41.131],[141.362,41.108],[141.328,41.113],[141.324,41.153],[141.277,41.152],[141.248,41.224],[141.197,41.273],[141.181,41.275],[141.188,41.279],[141.159,41.277],[141.133,41.243],[141.144,41.241],[141.159,41.262],[141.154,41.243],[141.055,41.182],[140.98,41.199],[140.946,41.174],[140.853,41.161],[140.812,41.128],[140.77,41.141],[140.764,41.194],[140.779,41.208],[140.801,41.328],[140.82,41.345],[140.836,41.417],[140.866,41.436],[140.909,41.495],[140.897,41.527],[140.919,41.547]]]]}},{"type":"Feature","properties":{"name":"岩手県沿岸北部"},"geometry":{"type":"MultiPolygon","coordinates":[[[[141.683,40.449],[141.769,40.349],[141.774,40.321],[141.816,40.272],[141.835,40.219],[141.807,40.215],[141.799,40.2],[141.812,40.19],[141.794,40.191],[141.852,40.169],[141.876,40.144],[141.829,40.113],[141.833,40.075],[141.877,40.049],[141.906,40.01],[141.936,40.009],[141.955,39.984],[141.961,39.945],[141.944,39.944],[141.94,39.919],[141.977,39.872],[141.978,39.832],[141.991,39.821],[141.983,39.789],[142.004,39.776],[141.989,39.756],[142.004,39.752],[141.972,39.732],[141.987,39.723],[141.967,39.69],[141.986,39.686],[141.97,39.654],[141.983,39.647],[141.964,39.639],[141.977,39.629],[141.966,39.634],[141.972,39.626],[141.945,39.596],[141.958,39.586],[142.026,39.655],[142.028,39.575],[142.057,39.575],[142.072,39.548],[142.051,39.533],[142.056,39.522],[142.034,39.53],[142.029,39.509],[142.011,39.501],[142.01,39.477],[141.974,39.482],[141.954,39.468],[141.978,39.439],[142.051,39.484],[142.062,39.471],[142.038,39.447],[142.044,39.427],[142.031,39.416],[142.011,39.427],[142.006,39.411],[141.983,39.409],[141.976,39.428],[141.953,39.399],[141.893,39.4],[141.84,39.46],[141.818,39.466],[141.782,39.514],[141.748,39.529],[141.704,39.493],[141.721,39.446],[141.679,39.439],[141.659,39.457],[141.633,39.457],[141.574,39.514],[141.501,39.536],[141.492,39.558],[141.429,39.555],[141.42,39.564],[141.436,39.57],[141.43,39.584],[141.337,39.642],[141.408,39.691],[141.395,39.729],[141.409,39.759],[141.475,39.765],[141.498,39.807],[141.527,39.812],[141.504,39.856],[141.507,39.879],[141.484,39.883],[141.485,39.9],[141.517,39.911],[141.552,39.903],[141.56,39.928],[141.589,39.956],[141.53,40.034],[141.525,40.074],[141.487,40.087],[141.457,40.135],[141.476,40.15],[141.492,40.205],[141.521,40.234],[141.575,40.229],[141.611,40.245],[141.611,40.27],[141.586,40.277],[141.584,40.311],[141.571,40.318],[141.613,40.358],[141.584,40.368],[141.582,40.399],[141.683,40.449]]]]}},{"type":"Feature","properties":{"name":"岩手県沿岸南部"},"geometry":{"type":"MultiPolygon","coordinates":[[[[141.749,39.529],[141.782,39.514],[141.818,39.466],[141.84,39.46],[141.892,39.4],[141.953,39.4],[141.938,39.384],[141.947,39.371],[141.965,39.378],[141.957,39.356],[141.915,39.355],[141.902,39.328],[141.975,39.337],[141.996,39.351],[141.97,39.313],[141.888,39.303],[141.925,39.286],[141.929,39.271],[141.889,39.274],[141.903,39.256],[141.891,39.247],[141.921,39.238],[141.971,39.248],[141.945,39.242],[141.948,39.218],[141.925,39.223],[141.903,39.205],[141.887,39.209],[141.89,39.198],[141.866,39.206],[141.866,39.192],[141.922,39.178],[141.887,39.156],[141.851,39.157],[141.836,39.146],[141.873,39.131],[141.874,39.115],[141.9,39.12],[141.921,39.105],[141.88,39.084],[141.86,39.104],[141.811,39.112],[141.809,39.09],[141.824,39.086],[141.824,39.075],[141.876,39.065],[141.815,39.058],[141.849,39.037],[141.848,39.026],[141.8,39.025],[141.797,39.043],[141.782,39.028],[141.768,39.034],[141.759,39.018],[141.732,39.023],[141.739,39.063],[141.722,39.066],[141.725,39.041],[141.71,39.023],[141.731,39.015],[141.744,38.991],[141.711,38.996],[141.716,38.982],[141.697,38.969],[141.728,38.953],[141.703,38.938],[141.668,38.977],[141.681,38.998],[141.667,39.006],[141.624,39.0],[141.629,38.97],[141.568,38.995],[141.523,38.991],[141.509,39.003],[141.49,38.998],[141.482,38.979],[141.465,38.99],[141.473,39.013],[141.46,39.038],[141.479,39.056],[141.481,39.081],[141.451,39.107],[141.413,39.109],[141.384,39.163],[141.389,39.182],[141.373,39.189],[141.407,39.202],[141.441,39.192],[141.479,39.211],[141.48,39.235],[141.541,39.243],[141.563,39.26],[141.594,39.243],[141.635,39.252],[141.659,39.244],[141.697,39.266],[141.683,39.296],[141.695,39.314],[141.66,39.321],[141.656,39.374],[141.67,39.405],[141.746,39.416],[141.721,39.428],[141.702,39.478],[141.71,39.504],[141.749,39.529]]]]}},{"type":"Feature","properties":{"name":"岩手県内陸北部"},"geometry":{"type":"MultiPolygon","coordinates":[[[[141.468,40.377],[141.537,40.347],[141.581,40.374],[141.613,40.358],[141.571,40.32],[141.59,40.294],[141.582,40.283],[141.611,40.27],[141.612,40.253],[141.575,40.229],[141.522,40.234],[141.492,40.206],[141.475,40.149],[141.457,40.135],[141.486,40.088],[141.526,40.073],[141.53,40.035],[141.589,39.956],[141.552,39.904],[141.515,39.91],[141.485,39.9],[141.485,39.883],[141.507,39.877],[141.504,39.857],[141.526,39.812],[141.498,39.807],[141.474,39.765],[141.409,39.759],[141.395,39.729],[141.409,39.692],[141.338,39.643],[141.348,39.626],[141.431,39.584],[141.435,39.569],[141.421,39.564],[141.402,39.577],[141.295,39.568],[141.285,39.525],[141.296,39.509],[141.278,39.483],[141.212,39.49],[141.169,39.51],[141.108,39.507],[141.084,39.514],[141.077,39.53],[141.027,39.525],[140.974,39.546],[140.956,39.532],[140.92,39.543],[140.883,39.518],[140.874,39.522],[140.856,39.581],[140.796,39.603],[140.822,39.65],[140.822,39.688],[140.775,39.734],[140.803,39.745],[140.848,39.793],[140.821,39.815],[140.787,39.823],[140.785,39.872],[140.825,39.886],[140.853,39.866],[140.879,39.878],[140.855,39.923],[140.846,39.975],[140.856,40.015],[140.844,40.074],[140.875,40.094],[140.881,40.114],[140.867,40.132],[140.883,40.157],[140.86,40.172],[140.892,40.192],[140.906,40.222],[140.942,40.228],[140.946,40.247],[140.979,40.22],[141.022,40.22],[141.104,40.256],[141.1,40.28],[141.138,40.3],[141.218,40.315],[141.316,40.372],[141.353,40.331],[141.382,40.342],[141.397,40.367],[141.407,40.357],[141.468,40.377]]]]}},{"type":"Feature","properties":{"name":"岩手県内陸南部"},"geometry":{"type":"MultiPolygon","coordinates":[[[[140.787,39.603],[140.857,39.581],[140.881,39.518],[140.92,39.543],[140.956,39.532],[140.973,39.546],[141.017,39.526],[141.078,39.529],[141.106,39.507],[141.169,39.509],[141.266,39.483],[141.282,39.486],[141.295,39.508],[141.285,39.524],[141.296,39.568],[141.404,39.577],[141.429,39.555],[141.492,39.558],[141.501,39.536],[141.574,39.514],[141.634,39.456],[141.659,39.457],[141.681,39.439],[141.721,39.446],[141.721,39.427],[141.742,39.423],[141.738,39.41],[141.669,39.404],[141.656,39.374],[141.661,39.322],[141.695,39.315],[141.683,39.295],[141.697,39.266],[141.658,39.243],[141.635,39.252],[141.595,39.244],[141.562,39.26],[141.54,39.244],[141.478,39.234],[141.478,39.21],[141.442,39.193],[141.407,39.202],[141.374,39.189],[141.389,39.183],[141.385,39.162],[141.412,39.109],[141.462,39.102],[141.483,39.077],[141.46,39.038],[141.473,39.013],[141.465,38.991],[141.494,38.956],[141.492,38.913],[141.451,38.876],[141.466,38.856],[141.45,38.837],[141.458,38.814],[141.43,38.811],[141.438,38.783],[141.411,38.768],[141.415,38.786],[141.394,38.8],[141.309,38.822],[141.304,38.793],[141.273,38.797],[141.257,38.761],[141.216,38.748],[141.195,38.777],[141.146,38.784],[141.143,38.812],[141.104,38.824],[141.106,38.838],[141.126,38.837],[141.146,38.856],[141.14,38.877],[141.093,38.888],[140.986,38.875],[140.958,38.908],[140.881,38.928],[140.824,38.964],[140.774,38.958],[140.764,39.0],[140.809,39.057],[140.801,39.078],[140.753,39.086],[140.756,39.117],[140.77,39.124],[140.749,39.139],[140.775,39.168],[140.808,39.18],[140.765,39.198],[140.766,39.219],[140.789,39.238],[140.718,39.273],[140.718,39.296],[140.693,39.303],[140.699,39.328],[140.709,39.33],[140.704,39.343],[140.688,39.348],[140.679,39.383],[140.653,39.391],[140.658,39.415],[140.685,39.424],[140.682,39.457],[140.724,39.481],[140.714,39.5],[140.741,39.535],[140.73,39.565],[140.754,39.571],[140.787,39.603]]]]}},{"type":"Feature","properties":{"name":"宮城県北部"},"geometry":{"type":"MultiPolygon","coordinates":[[[[141.624,38.885],[141.634,38.868],[141.622,38.851],[141.638,38.841],[141.625,38.831],[141.602,38.873],[141.624,38.885]]],[[[141.511,39.002],[141.523,38.992],[141.568,38.995],[141.634,38.969],[141.644,38.956],[141.632,38.954],[141.648,38.942],[141.634,38.93],[141.653,38.919],[141.648,38.911],[141.675,38.864],[141.657,38.863],[141.638,38.902],[141.606,38.88],[141.587,38.909],[141.576,38.907],[141.594,38.89],[141.584,38.847],[141.604,38.829],[141.521,38.789],[141.512,38.768],[141.546,38.734],[141.565,38.739],[141.561,38.691],[141.557,38.707],[141.526,38.717],[141.516,38.69],[141.491,38.69],[141.495,38.674],[141.444,38.672],[141.443,38.644],[141.53,38.636],[141.508,38.615],[141.473,38.62],[141.425,38.593],[141.407,38.598],[141.409,38.611],[141.313,38.568],[141.287,38.571],[141.289,38.603],[141.269,38.604],[141.264,38.584],[141.235,38.569],[141.227,38.534],[141.197,38.541],[141.178,38.531],[141.161,38.476],[141.175,38.456],[141.13,38.438],[141.127,38.449],[141.027,38.445],[141.035,38.465],[140.969,38.506],[140.942,38.486],[140.905,38.496],[140.889,38.514],[140.874,38.502],[140.73,38.497],[140.626,38.447],[140.607,38.461],[140.603,38.483],[140.567,38.502],[140.571,38.525],[140.554,38.54],[140.578,38.57],[140.537,38.636],[140.547,38.65],[140.587,38.634],[140.602,38.64],[140.624,38.688],[140.624,38.7],[140.607,38.703],[140.607,38.721],[140.646,38.769],[140.604,38.783],[140.591,38.836],[140.54,38.862],[140.547,38.889],[140.562,38.873],[140.614,38.894],[140.64,38.884],[140.745,38.956],[140.824,38.964],[140.881,38.928],[140.958,38.908],[140.985,38.875],[141.092,38.888],[141.139,38.877],[141.146,38.855],[141.126,38.837],[141.105,38.837],[141.105,38.823],[141.124,38.825],[141.142,38.812],[141.14,38.79],[141.195,38.777],[141.216,38.748],[141.257,38.761],[141.273,38.797],[141.304,38.793],[141.317,38.823],[141.334,38.807],[141.394,38.799],[141.415,38.786],[141.414,38.768],[141.439,38.785],[141.431,38.812],[141.459,38.815],[141.45,38.838],[141.466,38.857],[141.451,38.875],[141.492,38.912],[141.484,38.984],[141.511,39.002]]]]}},{"type":"Feature","properties":{"name":"宮城県南部"},"geometry":{"type":"MultiPolygon","coordinates":[[[[140.563,38.267],[140.63,38.258],[140.684,38.225],[140.735,38.211],[140.756,38.177],[140.813,38.185],[140.784,38.214],[140.817,38.219],[140.861,38.204],[140.867,38.188],[140.935,38.183],[140.936,38.198],[140.967,38.17],[140.931,38.1],[140.915,38.001],[140.931,37.897],[140.9,37.904],[140.857,37.891],[140.852,37.796],[140.775,37.806],[140.765,37.796],[140.797,37.774],[140.746,37.788],[140.728,37.782],[140.686,37.815],[140.688,37.889],[140.626,37.9],[140.616,37.915],[140.591,37.906],[140.566,37.923],[140.559,37.91],[140.488,37.9],[140.47,37.918],[140.475,37.947],[140.429,37.955],[140.407,37.974],[140.388,37.968],[140.384,37.952],[140.359,37.959],[140.349,37.95],[140.275,37.982],[140.289,38.007],[140.276,38.029],[140.28,38.058],[140.374,38.057],[140.418,38.081],[140.425,38.122],[140.446,38.13],[140.48,38.182],[140.472,38.252],[140.563,38.267]]]]}},{"type":"Feature","properties":{"name":"宮城県中部"},"geometry":{"type":"MultiPolygon","coordinates":[[[[141.47,38.284],[141.5,38.246],[141.457,38.268],[141.47,38.284]]],[[[141.567,38.314],[141.589,38.302],[141.575,38.269],[141.548,38.295],[141.567,38.314]]],[[[141.15,38.357],[141.163,38.34],[141.169,38.35],[141.167,38.332],[141.182,38.322],[141.155,38.322],[141.149,38.334],[141.138,38.322],[141.132,38.338],[141.148,38.339],[141.141,38.354],[141.15,38.357]]],[[[141.525,38.632],[141.524,38.61],[141.459,38.575],[141.495,38.533],[141.535,38.547],[141.53,38.533],[141.548,38.524],[141.534,38.509],[141.543,38.505],[141.528,38.489],[141.512,38.514],[141.468,38.52],[141.465,38.512],[141.474,38.518],[141.497,38.495],[141.499,38.479],[141.477,38.463],[141.512,38.45],[141.493,38.437],[141.448,38.444],[141.474,38.422],[141.47,38.394],[141.5,38.416],[141.514,38.393],[141.539,38.401],[141.531,38.381],[141.513,38.391],[141.482,38.376],[141.518,38.368],[141.534,38.34],[141.525,38.324],[141.541,38.306],[141.526,38.296],[141.522,38.272],[141.509,38.297],[141.492,38.294],[141.496,38.307],[141.475,38.308],[141.471,38.32],[141.467,38.306],[141.45,38.316],[141.474,38.33],[141.462,38.351],[141.45,38.34],[141.449,38.353],[141.436,38.341],[141.416,38.346],[141.459,38.374],[141.433,38.373],[141.438,38.381],[141.423,38.385],[141.43,38.4],[141.415,38.391],[141.409,38.404],[141.374,38.383],[141.36,38.413],[141.317,38.412],[141.325,38.402],[141.304,38.415],[141.294,38.414],[141.295,38.4],[141.276,38.41],[141.264,38.398],[141.286,38.416],[141.273,38.42],[141.268,38.408],[141.175,38.376],[141.159,38.354],[141.133,38.36],[141.133,38.377],[141.108,38.386],[141.116,38.376],[141.104,38.368],[141.086,38.381],[141.062,38.369],[141.066,38.351],[141.037,38.341],[141.054,38.331],[141.025,38.32],[141.045,38.319],[141.038,38.307],[141.077,38.319],[141.088,38.297],[141.04,38.273],[141.029,38.283],[141.025,38.271],[141.0,38.273],[141.047,38.265],[141.022,38.263],[140.963,38.174],[140.935,38.199],[140.933,38.183],[140.867,38.188],[140.861,38.204],[140.796,38.219],[140.784,38.214],[140.788,38.203],[140.814,38.186],[140.793,38.174],[140.757,38.177],[140.736,38.21],[140.609,38.265],[140.47,38.256],[140.473,38.271],[140.496,38.283],[140.492,38.302],[140.528,38.319],[140.523,38.353],[140.578,38.393],[140.58,38.437],[140.722,38.495],[140.874,38.502],[140.89,38.513],[140.906,38.495],[140.942,38.486],[140.969,38.506],[141.035,38.464],[141.028,38.445],[141.127,38.45],[141.13,38.438],[141.176,38.455],[141.161,38.475],[141.178,38.531],[141.198,38.542],[141.227,38.535],[141.235,38.569],[141.264,38.583],[141.27,38.605],[141.29,38.601],[141.288,38.57],[141.317,38.569],[141.401,38.609],[141.427,38.594],[141.473,38.621],[141.509,38.615],[141.525,38.632]]]]}},{"type":"Feature","properties":{"name":"秋田県沿岸北部"},"geometry":{"type":"MultiPolygon","coordinates":[[[[139.864,39.89],[139.847,39.878],[139.865,39.874],[139.859,39.866],[139.754,39.858],[139.735,39.905],[139.706,39.928],[139.702,39.942],[139.721,39.955],[139.702,39.961],[139.693,39.995],[139.701,40.007],[139.723,39.982],[139.818,39.96],[139.885,39.999],[139.949,40.079],[139.992,40.176],[139.979,40.202],[140.026,40.217],[139.984,40.211],[140.006,40.227],[140.026,40.343],[140.012,40.374],[139.983,40.385],[139.939,40.429],[139.995,40.435],[140.018,40.42],[140.024,40.452],[140.069,40.469],[140.11,40.436],[140.185,40.443],[140.219,40.431],[140.291,40.446],[140.335,40.439],[140.334,40.386],[140.356,40.365],[140.326,40.311],[140.323,40.273],[140.274,40.237],[140.283,40.225],[140.273,40.211],[140.3,40.202],[140.255,40.183],[140.243,40.112],[140.254,40.07],[140.236,40.045],[140.245,40.029],[140.234,39.992],[140.251,39.983],[140.248,39.96],[140.296,39.919],[140.301,39.837],[140.25,39.828],[140.209,39.865],[140.193,39.848],[140.123,39.852],[140.094,39.835],[140.068,39.859],[140.049,39.848],[140.056,39.807],[140.035,39.805],[140.001,39.852],[139.955,39.888],[139.909,39.902],[139.864,39.89]]]]}},{"type":"Feature","properties":{"name":"秋田県沿岸南部"},"geometry":{"type":"MultiPolygon","coordinates":[[[[140.209,39.864],[140.251,39.828],[140.306,39.83],[140.316,39.796],[140.373,39.836],[140.458,39.824],[140.515,39.749],[140.483,39.718],[140.445,39.705],[140.415,39.714],[140.348,39.691],[140.342,39.675],[140.308,39.669],[140.309,39.648],[140.267,39.652],[140.272,39.638],[140.284,39.64],[140.284,39.625],[140.228,39.548],[140.246,39.541],[140.251,39.515],[140.275,39.491],[140.266,39.484],[140.284,39.46],[140.269,39.45],[140.271,39.432],[140.307,39.416],[140.285,39.397],[140.32,39.383],[140.295,39.373],[140.263,39.379],[140.269,39.356],[140.32,39.348],[140.356,39.298],[140.331,39.274],[140.348,39.247],[140.286,39.243],[140.221,39.222],[140.234,39.198],[140.273,39.172],[140.318,39.101],[140.342,39.088],[140.332,39.059],[140.342,39.047],[140.311,39.014],[140.261,39.035],[140.231,39.027],[140.201,39.035],[140.199,39.061],[140.152,39.049],[140.114,39.078],[140.063,39.093],[140.062,39.133],[140.009,39.123],[139.994,39.106],[139.87,39.118],[139.905,39.181],[139.893,39.212],[139.915,39.249],[139.916,39.275],[139.966,39.295],[139.982,39.316],[140.038,39.469],[140.063,39.635],[140.058,39.728],[140.04,39.759],[140.05,39.772],[140.043,39.762],[140.029,39.77],[140.042,39.783],[140.035,39.803],[140.056,39.807],[140.049,39.849],[140.068,39.859],[140.094,39.835],[140.122,39.852],[140.192,39.848],[140.209,39.864]]]]}},{"type":"Feature","properties":{"name":"秋田県内陸北部"},"geometry":{"type":"MultiPolygon","coordinates":[[[[140.88,40.51],[140.862,40.442],[140.892,40.424],[140.985,40.428],[140.995,40.356],[140.981,40.343],[140.962,40.347],[140.957,40.305],[140.944,40.296],[140.958,40.282],[140.942,40.228],[140.905,40.222],[140.892,40.192],[140.86,40.172],[140.883,40.158],[140.867,40.132],[140.881,40.113],[140.872,40.091],[140.845,40.075],[140.856,40.044],[140.848,39.959],[140.814,39.976],[140.757,39.964],[140.739,39.997],[140.715,39.997],[140.66,39.941],[140.63,39.927],[140.636,39.907],[140.626,39.89],[140.611,39.882],[140.577,39.895],[140.54,39.883],[140.536,39.861],[140.51,39.841],[140.513,39.81],[140.475,39.796],[140.459,39.824],[140.372,39.836],[140.34,39.805],[140.311,39.798],[140.31,39.825],[140.296,39.833],[140.306,39.849],[140.296,39.92],[140.248,39.959],[140.251,39.983],[140.234,39.992],[140.245,40.029],[140.237,40.047],[140.254,40.071],[140.243,40.111],[140.254,40.182],[140.3,40.202],[140.273,40.211],[140.282,40.223],[140.274,40.236],[140.323,40.273],[140.326,40.311],[140.356,40.367],[140.334,40.387],[140.349,40.468],[140.387,40.487],[140.403,40.475],[140.431,40.482],[140.441,40.45],[140.478,40.453],[140.509,40.429],[140.529,40.431],[140.524,40.411],[140.541,40.403],[140.567,40.399],[140.555,40.423],[140.59,40.436],[140.625,40.424],[140.633,40.403],[140.652,40.403],[140.699,40.429],[140.734,40.416],[140.734,40.44],[140.768,40.453],[140.804,40.449],[140.82,40.495],[140.88,40.51]]]]}},{"type":"Feature","properties":{"name":"秋田県内陸南部"},"geometry":{"type":"MultiPolygon","coordinates":[[[[140.735,39.997],[140.76,39.963],[140.814,39.976],[140.855,39.956],[140.855,39.924],[140.88,39.881],[140.854,39.866],[140.826,39.886],[140.782,39.868],[140.787,39.824],[140.847,39.798],[140.805,39.746],[140.775,39.734],[140.823,39.688],[140.822,39.65],[140.8,39.606],[140.73,39.565],[140.741,39.537],[140.714,39.498],[140.724,39.481],[140.682,39.457],[140.684,39.424],[140.659,39.415],[140.654,39.392],[140.679,39.383],[140.688,39.348],[140.708,39.334],[140.693,39.301],[140.718,39.296],[140.718,39.273],[140.788,39.238],[140.764,39.214],[140.765,39.199],[140.808,39.179],[140.774,39.167],[140.75,39.141],[140.77,39.124],[140.756,39.118],[140.753,39.087],[140.801,39.078],[140.809,39.058],[140.764,39.0],[140.773,38.958],[140.732,38.949],[140.712,38.923],[140.686,38.918],[140.653,38.889],[140.614,38.894],[140.562,38.874],[140.538,38.9],[140.5,38.895],[140.483,38.916],[140.462,38.919],[140.451,38.971],[140.432,38.991],[140.375,38.995],[140.362,39.025],[140.332,39.031],[140.342,39.046],[140.332,39.058],[140.341,39.089],[140.317,39.101],[140.273,39.172],[140.222,39.219],[140.227,39.23],[140.248,39.225],[140.286,39.244],[140.348,39.248],[140.331,39.273],[140.356,39.297],[140.32,39.349],[140.27,39.355],[140.262,39.38],[140.294,39.373],[140.319,39.384],[140.285,39.397],[140.306,39.417],[140.271,39.432],[140.27,39.45],[140.284,39.461],[140.266,39.483],[140.275,39.491],[140.252,39.514],[140.245,39.542],[140.227,39.548],[140.283,39.625],[140.285,39.64],[140.266,39.651],[140.309,39.648],[140.308,39.67],[140.343,39.676],[140.348,39.691],[140.415,39.715],[140.446,39.705],[140.504,39.727],[140.515,39.75],[140.48,39.797],[140.514,39.811],[140.51,39.841],[140.537,39.862],[140.538,39.881],[140.578,39.895],[140.618,39.885],[140.634,39.9],[140.635,39.933],[140.66,39.941],[140.714,39.997],[140.735,39.997]]]]}},{"type":"Feature","properties":{"name":"山形県庄内"},"geometry":{"type":"MultiPolygon","coordinates":[[[[140.063,39.106],[140.064,39.092],[140.114,39.079],[140.151,39.049],[140.115,39.025],[140.121,39.004],[140.11,38.993],[140.147,38.971],[140.142,38.947],[140.121,38.937],[140.139,38.912],[140.12,38.897],[140.12,38.872],[140.089,38.859],[140.088,38.842],[140.113,38.835],[140.118,38.821],[140.082,38.817],[140.085,38.8],[140.029,38.771],[140.056,38.726],[140.034,38.674],[140.072,38.634],[140.108,38.619],[140.117,38.578],[140.055,38.528],[140.024,38.546],[139.933,38.503],[139.942,38.49],[139.927,38.48],[139.935,38.434],[139.914,38.41],[139.916,38.366],[139.897,38.332],[139.873,38.317],[139.849,38.343],[139.751,38.359],[139.723,38.394],[139.71,38.387],[139.72,38.497],[139.6,38.522],[139.54,38.558],[139.61,38.669],[139.697,38.729],[139.753,38.785],[139.805,38.907],[139.809,38.925],[139.795,38.936],[139.808,38.926],[139.813,38.951],[139.836,38.956],[139.819,38.961],[139.867,39.052],[139.873,39.07],[139.864,39.071],[139.879,39.096],[139.871,39.118],[139.994,39.106],[140.008,39.123],[140.062,39.133],[140.063,39.106]]]]}},{"type":"Feature","properties":{"name":"山形県最上"},"geometry":{"type":"MultiPolygon","coordinates":[[[[140.194,39.06],[140.204,39.054],[140.202,39.035],[140.226,39.027],[140.26,39.035],[140.31,39.014],[140.328,39.035],[140.361,39.026],[140.375,38.995],[140.432,38.992],[140.446,38.98],[140.464,38.918],[140.482,38.916],[140.5,38.895],[140.536,38.901],[140.547,38.892],[140.54,38.863],[140.59,38.836],[140.604,38.784],[140.646,38.77],[140.607,38.722],[140.607,38.703],[140.622,38.7],[140.624,38.687],[140.602,38.641],[140.588,38.634],[140.547,38.65],[140.539,38.685],[140.474,38.695],[140.458,38.722],[140.374,38.685],[140.313,38.679],[140.32,38.659],[140.3,38.641],[140.303,38.615],[140.276,38.603],[140.211,38.534],[140.162,38.531],[140.12,38.494],[140.087,38.513],[140.039,38.501],[140.036,38.532],[140.054,38.528],[140.117,38.58],[140.105,38.601],[140.111,38.616],[140.072,38.634],[140.033,38.675],[140.056,38.726],[140.029,38.772],[140.085,38.801],[140.083,38.817],[140.117,38.821],[140.113,38.835],[140.088,38.842],[140.089,38.858],[140.12,38.873],[140.119,38.896],[140.14,38.916],[140.124,38.922],[140.121,38.94],[140.141,38.946],[140.147,38.97],[140.112,38.985],[140.114,39.024],[140.138,39.045],[140.194,39.06]]]]}},{"type":"Feature","properties":{"name":"山形県村山"},"geometry":{"type":"MultiPolygon","coordinates":[[[[140.461,38.714],[140.474,38.695],[140.525,38.694],[140.544,38.679],[140.537,38.635],[140.578,38.57],[140.555,38.531],[140.572,38.526],[140.568,38.501],[140.603,38.483],[140.608,38.459],[140.62,38.456],[140.598,38.437],[140.583,38.439],[140.571,38.413],[140.578,38.393],[140.526,38.357],[140.53,38.321],[140.52,38.31],[140.506,38.314],[140.492,38.301],[140.496,38.282],[140.471,38.269],[140.48,38.182],[140.446,38.13],[140.425,38.122],[140.418,38.08],[140.381,38.07],[140.373,38.057],[140.27,38.059],[140.233,38.083],[140.237,38.095],[140.188,38.118],[140.184,38.135],[140.21,38.142],[140.193,38.211],[140.141,38.256],[140.091,38.241],[140.07,38.268],[140.042,38.244],[140.013,38.243],[139.993,38.188],[139.978,38.18],[139.96,38.203],[139.941,38.209],[139.944,38.23],[139.918,38.246],[139.921,38.262],[139.875,38.317],[139.917,38.366],[139.916,38.417],[139.935,38.434],[139.925,38.451],[139.926,38.479],[139.942,38.489],[139.934,38.504],[140.026,38.547],[140.042,38.499],[140.086,38.513],[140.122,38.494],[140.163,38.531],[140.21,38.534],[140.276,38.603],[140.302,38.614],[140.3,38.641],[140.32,38.659],[140.314,38.68],[140.374,38.685],[140.397,38.702],[140.461,38.714]]]]}},{"type":"Feature","properties":{"name":"山形県置賜"},"geometry":{"type":"MultiPolygon","coordinates":[[[[139.904,38.275],[139.921,38.264],[139.917,38.247],[139.944,38.23],[139.941,38.209],[139.978,38.18],[139.993,38.188],[140.013,38.243],[140.043,38.245],[140.071,38.269],[140.09,38.241],[140.141,38.256],[140.191,38.214],[140.21,38.143],[140.183,38.129],[140.279,38.055],[140.289,38.008],[140.272,37.968],[140.281,37.941],[140.265,37.912],[140.262,37.835],[140.298,37.809],[140.238,37.747],[140.165,37.757],[140.115,37.734],[140.052,37.779],[139.993,37.759],[139.937,37.828],[139.925,37.814],[139.887,37.81],[139.858,37.827],[139.808,37.804],[139.783,37.832],[139.741,37.82],[139.716,37.854],[139.681,37.847],[139.632,37.889],[139.626,37.921],[139.643,37.946],[139.639,37.985],[139.654,37.997],[139.655,38.034],[139.693,38.057],[139.691,38.074],[139.671,38.077],[139.694,38.116],[139.682,38.171],[139.7,38.203],[139.785,38.192],[139.86,38.231],[139.876,38.261],[139.904,38.275]]]]}},{"type":"Feature","properties":{"name":"福島県中通り"},"geometry":{"type":"MultiPolygon","coordinates":[[[[140.286,37.973],[140.35,37.95],[140.386,37.953],[140.388,37.968],[140.407,37.974],[140.427,37.956],[140.474,37.947],[140.469,37.918],[140.489,37.899],[140.559,37.91],[140.568,37.922],[140.591,37.906],[140.612,37.915],[140.627,37.899],[140.69,37.888],[140.682,37.876],[140.692,37.85],[140.68,37.837],[140.695,37.804],[140.678,37.78],[140.703,37.76],[140.737,37.761],[140.678,37.738],[140.661,37.7],[140.645,37.692],[140.667,37.676],[140.674,37.623],[140.726,37.593],[140.713,37.573],[140.698,37.574],[140.682,37.541],[140.705,37.524],[140.692,37.503],[140.772,37.472],[140.835,37.468],[140.862,37.41],[140.85,37.372],[140.763,37.385],[140.728,37.405],[140.7,37.375],[140.723,37.321],[140.691,37.306],[140.683,37.234],[140.605,37.198],[140.612,37.154],[140.624,37.143],[140.632,37.155],[140.664,37.093],[140.625,37.048],[140.619,37.017],[140.599,37.016],[140.599,37.005],[140.566,36.986],[140.587,36.947],[140.568,36.937],[140.565,36.914],[140.592,36.873],[140.538,36.859],[140.514,36.823],[140.488,36.818],[140.464,36.791],[140.439,36.821],[140.377,36.838],[140.365,36.884],[140.327,36.891],[140.293,36.933],[140.243,36.943],[140.253,36.963],[140.24,37.0],[140.25,37.025],[140.204,37.024],[140.195,37.063],[140.158,37.081],[140.14,37.105],[140.023,37.143],[139.963,37.149],[139.96,37.18],[139.982,37.201],[139.948,37.222],[139.966,37.247],[139.963,37.273],[139.978,37.273],[140.001,37.318],[140.051,37.355],[140.049,37.41],[140.063,37.429],[140.113,37.47],[140.2,37.45],[140.19,37.51],[140.165,37.526],[140.204,37.56],[140.228,37.555],[140.238,37.589],[140.285,37.626],[140.278,37.662],[140.231,37.679],[140.229,37.717],[140.244,37.734],[140.241,37.754],[140.299,37.808],[140.262,37.835],[140.265,37.912],[140.281,37.941],[140.271,37.966],[140.286,37.973]]]]}},{"type":"Feature","properties":{"name":"福島県浜通り"},"geometry":{"type":"MultiPolygon","coordinates":[[[[140.901,37.903],[140.93,37.896],[140.946,37.854],[140.967,37.86],[140.95,37.854],[140.962,37.831],[140.967,37.844],[140.964,37.831],[140.981,37.826],[140.976,37.837],[140.987,37.823],[140.989,37.773],[141.011,37.74],[141.015,37.675],[141.041,37.665],[141.019,37.67],[141.032,37.667],[141.019,37.658],[141.046,37.48],[141.034,37.431],[141.039,37.364],[141.026,37.325],[141.035,37.32],[141.028,37.314],[141.038,37.319],[141.025,37.314],[141.013,37.252],[141.018,37.23],[141.028,37.238],[141.012,37.229],[141.003,37.2],[141.0,37.109],[140.974,37.053],[140.983,36.996],[140.924,36.935],[140.903,36.945],[140.864,36.917],[140.815,36.907],[140.787,36.856],[140.759,36.872],[140.722,36.871],[140.655,36.901],[140.616,36.903],[140.566,36.985],[140.599,37.005],[140.599,37.016],[140.619,37.017],[140.625,37.049],[140.664,37.09],[140.633,37.154],[140.623,37.144],[140.602,37.18],[140.607,37.204],[140.683,37.234],[140.691,37.305],[140.723,37.321],[140.699,37.371],[140.713,37.395],[140.729,37.405],[140.764,37.384],[140.85,37.371],[140.859,37.387],[140.862,37.412],[140.834,37.468],[140.772,37.472],[140.693,37.503],[140.705,37.523],[140.682,37.54],[140.699,37.574],[140.713,37.573],[140.726,37.593],[140.674,37.623],[140.667,37.675],[140.645,37.691],[140.662,37.7],[140.678,37.738],[140.728,37.752],[140.736,37.765],[140.703,37.76],[140.678,37.787],[140.703,37.803],[140.727,37.781],[140.745,37.788],[140.794,37.773],[140.802,37.779],[140.765,37.798],[140.775,37.806],[140.852,37.795],[140.858,37.892],[140.901,37.903]]]]}},{"type":"Feature","properties":{"name":"福島県会津"},"geometry":{"type":"MultiPolygon","coordinates":[[[[139.715,37.854],[139.741,37.821],[139.782,37.832],[139.81,37.803],[139.859,37.827],[139.887,37.809],[139.925,37.814],[139.937,37.828],[139.958,37.815],[139.968,37.783],[139.992,37.759],[140.052,37.779],[140.115,37.734],[140.167,37.757],[140.241,37.743],[140.231,37.68],[140.278,37.662],[140.285,37.627],[140.239,37.59],[140.227,37.555],[140.203,37.56],[140.166,37.527],[140.19,37.51],[140.2,37.45],[140.115,37.469],[140.051,37.415],[140.051,37.356],[140.001,37.318],[139.978,37.273],[139.962,37.273],[139.966,37.247],[139.948,37.222],[139.981,37.202],[139.96,37.18],[139.961,37.153],[139.895,37.153],[139.833,37.134],[139.816,37.117],[139.821,37.086],[139.776,37.091],[139.752,37.07],[139.674,37.058],[139.664,37.04],[139.625,37.033],[139.617,37.015],[139.582,37.015],[139.535,36.981],[139.461,36.971],[139.43,36.926],[139.409,36.927],[139.394,36.911],[139.265,36.941],[139.241,36.93],[139.23,36.94],[139.251,36.962],[139.244,37.016],[139.26,37.047],[139.235,37.112],[139.253,37.165],[139.221,37.209],[139.198,37.194],[139.165,37.237],[139.212,37.286],[139.218,37.333],[139.234,37.344],[139.231,37.388],[139.197,37.411],[139.223,37.449],[139.362,37.47],[139.399,37.461],[139.412,37.506],[139.43,37.515],[139.456,37.518],[139.476,37.503],[139.523,37.515],[139.564,37.502],[139.585,37.513],[139.591,37.527],[139.566,37.546],[139.565,37.597],[139.549,37.609],[139.55,37.648],[139.628,37.689],[139.624,37.71],[139.65,37.73],[139.658,37.755],[139.741,37.817],[139.715,37.853],[139.682,37.847],[139.715,37.854]]]]}},{"type":"Feature","properties":{"name":"茨城県北部"},"geometry":{"type":"MultiPolygon","coordinates":[[[[140.587,36.944],[140.616,36.903],[140.681,36.893],[140.721,36.871],[140.779,36.867],[140.798,36.859],[140.805,36.83],[140.774,36.823],[140.748,36.784],[140.716,36.663],[140.693,36.643],[140.65,36.566],[140.628,36.496],[140.612,36.487],[140.627,36.483],[140.612,36.476],[140.61,36.441],[140.633,36.442],[140.608,36.428],[140.624,36.426],[140.609,36.415],[140.625,36.369],[140.594,36.339],[140.58,36.301],[140.585,36.31],[140.562,36.296],[140.56,36.256],[140.522,36.278],[140.497,36.276],[140.496,36.246],[140.421,36.232],[140.416,36.218],[140.45,36.187],[140.434,36.154],[140.407,36.137],[140.394,36.156],[140.363,36.157],[140.367,36.131],[140.346,36.131],[140.307,36.16],[140.309,36.184],[140.344,36.189],[140.272,36.227],[140.281,36.255],[140.314,36.267],[140.258,36.272],[140.212,36.317],[140.182,36.321],[140.162,36.342],[140.191,36.385],[140.186,36.4],[140.203,36.421],[140.215,36.476],[140.229,36.502],[140.26,36.517],[140.247,36.538],[140.248,36.611],[140.234,36.634],[140.241,36.651],[140.221,36.687],[140.233,36.7],[140.291,36.712],[140.256,36.759],[140.267,36.818],[140.252,36.852],[140.249,36.923],[140.26,36.933],[140.299,36.93],[140.326,36.892],[140.366,36.883],[140.377,36.838],[140.438,36.822],[140.464,36.791],[140.488,36.818],[140.514,36.824],[140.538,36.859],[140.592,36.874],[140.565,36.914],[140.567,36.937],[140.587,36.944]]]]}},{"type":"Feature","properties":{"name":"茨城県南部"},"geometry":{"type":"MultiPolygon","coordinates":[[[[140.132,36.415],[140.156,36.398],[140.186,36.397],[140.19,36.384],[140.163,36.343],[140.183,36.32],[140.212,36.317],[140.234,36.287],[140.268,36.268],[140.315,36.265],[140.281,36.255],[140.272,36.228],[140.344,36.189],[140.309,36.185],[140.307,36.166],[140.346,36.131],[140.367,36.131],[140.363,36.157],[140.395,36.156],[140.407,36.138],[140.434,36.154],[140.45,36.186],[140.416,36.217],[140.421,36.231],[140.496,36.246],[140.5,36.276],[140.556,36.261],[140.611,36.082],[140.671,35.973],[140.701,35.963],[140.685,35.965],[140.703,35.939],[140.694,35.929],[140.677,35.919],[140.653,35.927],[140.688,35.882],[140.678,35.912],[140.71,35.927],[140.712,35.955],[140.707,35.923],[140.742,35.867],[140.811,35.776],[140.848,35.747],[140.846,35.758],[140.851,35.743],[140.818,35.74],[140.745,35.783],[140.707,35.836],[140.631,35.859],[140.607,35.897],[140.512,35.958],[140.487,35.929],[140.503,35.906],[140.458,35.927],[140.424,35.907],[140.362,35.899],[140.32,35.865],[140.28,35.874],[140.242,35.855],[140.205,35.861],[140.151,35.843],[140.123,35.873],[140.093,35.884],[140.072,35.877],[139.939,35.941],[139.936,35.967],[139.885,35.988],[139.787,36.104],[139.769,36.081],[139.73,36.087],[139.695,36.159],[139.691,36.206],[139.72,36.211],[139.729,36.202],[139.821,36.239],[139.849,36.311],[139.881,36.323],[139.88,36.31],[139.91,36.301],[139.914,36.336],[139.965,36.351],[139.973,36.378],[139.99,36.367],[140.048,36.375],[140.068,36.388],[140.066,36.403],[140.11,36.398],[140.132,36.415]]]]}},{"type":"Feature","properties":{"name":"栃木県北部"},"geometry":{"type":"MultiPolygon","coordinates":[[[[139.958,37.154],[140.1,37.123],[140.193,37.066],[140.203,37.024],[140.25,37.025],[140.241,36.999],[140.253,36.964],[140.241,36.947],[140.264,36.934],[140.248,36.921],[140.264,36.786],[140.234,36.801],[140.231,36.837],[140.217,36.843],[140.191,36.815],[140.174,36.828],[140.137,36.785],[140.086,36.797],[140.081,36.785],[140.047,36.787],[140.039,36.769],[139.986,36.802],[139.964,36.729],[139.924,36.719],[139.86,36.73],[139.837,36.704],[139.817,36.716],[139.789,36.707],[139.792,36.642],[139.743,36.616],[139.713,36.622],[139.72,36.642],[139.708,36.663],[139.682,36.657],[139.649,36.668],[139.642,36.657],[139.655,36.649],[139.642,36.636],[139.604,36.65],[139.573,36.677],[139.574,36.705],[139.548,36.715],[139.523,36.708],[139.525,36.683],[139.498,36.662],[139.508,36.631],[139.464,36.606],[139.399,36.602],[139.33,36.627],[139.337,36.691],[139.364,36.719],[139.372,36.746],[139.356,36.75],[139.354,36.774],[139.407,36.827],[139.349,36.852],[139.356,36.877],[139.369,36.878],[139.4,36.921],[139.431,36.927],[139.461,36.971],[139.536,36.982],[139.582,37.015],[139.616,37.015],[139.625,37.033],[139.665,37.04],[139.674,37.058],[139.752,37.07],[139.775,37.092],[139.82,37.085],[139.816,37.118],[139.832,37.134],[139.896,37.153],[139.958,37.154]]]]}},{"type":"Feature","properties":{"name":"栃木県南部"},"geometry":{"type":"MultiPolygon","coordinates":[[[[140.218,36.843],[140.231,36.837],[140.228,36.816],[140.257,36.777],[140.257,36.757],[140.292,36.713],[140.231,36.7],[140.221,36.687],[140.241,36.651],[140.235,36.624],[140.248,36.611],[140.247,36.538],[140.26,36.518],[140.23,36.502],[140.185,36.398],[140.125,36.414],[140.108,36.398],[140.067,36.404],[140.068,36.388],[140.048,36.375],[139.99,36.367],[139.973,36.378],[139.965,36.352],[139.913,36.335],[139.911,36.301],[139.879,36.31],[139.881,36.323],[139.848,36.311],[139.821,36.239],[139.727,36.202],[139.718,36.211],[139.688,36.2],[139.664,36.208],[139.663,36.23],[139.641,36.237],[139.631,36.255],[139.643,36.266],[139.632,36.271],[139.562,36.267],[139.526,36.285],[139.463,36.272],[139.46,36.288],[139.431,36.295],[139.418,36.313],[139.422,36.333],[139.367,36.37],[139.362,36.385],[139.409,36.458],[139.436,36.466],[139.419,36.501],[139.442,36.529],[139.44,36.551],[139.46,36.553],[139.482,36.578],[139.464,36.613],[139.508,36.631],[139.495,36.654],[139.525,36.684],[139.523,36.708],[139.565,36.713],[139.579,36.668],[139.637,36.636],[139.656,36.649],[139.642,36.656],[139.649,36.667],[139.708,36.662],[139.721,36.641],[139.714,36.622],[139.744,36.616],[139.792,36.641],[139.788,36.707],[139.817,36.716],[139.837,36.704],[139.86,36.73],[139.924,36.719],[139.964,36.729],[139.985,36.801],[140.037,36.769],[140.047,36.787],[140.078,36.784],[140.087,36.798],[140.137,36.785],[140.175,36.828],[140.191,36.815],[140.218,36.843]]]]}},{"type":"Feature","properties":{"name":"群馬県北部"},"geometry":{"type":"MultiPolygon","coordinates":[[[[139.108,37.055],[139.171,37.001],[139.183,36.962],[139.229,36.961],[139.24,36.93],[139.267,36.941],[139.395,36.908],[139.357,36.878],[139.349,36.853],[139.406,36.828],[139.353,36.774],[139.356,36.751],[139.371,36.747],[139.367,36.725],[139.337,36.692],[139.329,36.634],[139.297,36.595],[139.242,36.588],[139.188,36.558],[139.156,36.577],[139.076,36.586],[138.902,36.586],[138.901,36.555],[138.953,36.547],[138.881,36.483],[138.774,36.466],[138.774,36.478],[138.687,36.474],[138.643,36.438],[138.644,36.412],[138.592,36.424],[138.539,36.403],[138.495,36.414],[138.488,36.401],[138.401,36.434],[138.397,36.49],[138.412,36.541],[138.429,36.556],[138.427,36.595],[138.473,36.644],[138.529,36.655],[138.535,36.665],[138.516,36.691],[138.713,36.739],[138.726,36.763],[138.789,36.745],[138.802,36.762],[138.82,36.764],[138.832,36.794],[138.822,36.817],[138.857,36.812],[138.929,36.833],[138.916,36.852],[138.924,36.884],[138.94,36.895],[138.98,36.892],[138.968,36.98],[139.047,36.987],[139.088,37.016],[139.095,37.057],[139.108,37.055]]]]}},{"type":"Feature","properties":{"name":"群馬県南部"},"geometry":{"type":"MultiPolygon","coordinates":[[[[139.327,36.633],[139.398,36.602],[139.465,36.606],[139.483,36.583],[139.461,36.554],[139.439,36.551],[139.442,36.529],[139.418,36.497],[139.437,36.466],[139.408,36.458],[139.362,36.385],[139.368,36.368],[139.423,36.332],[139.417,36.313],[139.435,36.292],[139.46,36.287],[139.464,36.271],[139.525,36.284],[139.562,36.267],[139.643,36.266],[139.631,36.255],[139.642,36.235],[139.662,36.23],[139.664,36.207],[139.651,36.212],[139.651,36.197],[139.624,36.187],[139.588,36.21],[139.529,36.192],[139.463,36.189],[139.359,36.253],[139.322,36.237],[139.268,36.25],[139.244,36.244],[139.13,36.283],[139.063,36.196],[139.062,36.153],[139.043,36.148],[139.041,36.127],[139.005,36.133],[138.985,36.116],[138.963,36.126],[138.945,36.094],[138.864,36.077],[138.828,36.037],[138.754,36.034],[138.713,35.985],[138.689,35.992],[138.68,36.012],[138.632,36.028],[138.644,36.049],[138.631,36.09],[138.645,36.099],[138.645,36.121],[138.635,36.133],[138.601,36.136],[138.577,36.168],[138.583,36.178],[138.608,36.162],[138.637,36.174],[138.623,36.196],[138.635,36.213],[138.612,36.229],[138.6,36.278],[138.653,36.304],[138.65,36.447],[138.714,36.481],[138.775,36.478],[138.774,36.466],[138.881,36.483],[138.951,36.546],[138.9,36.556],[138.902,36.587],[139.076,36.586],[139.155,36.577],[139.188,36.558],[139.242,36.588],[139.288,36.59],[139.327,36.633]]]]}},{"type":"Feature","properties":{"name":"埼玉県北部"},"geometry":{"type":"MultiPolygon","coordinates":[[[[139.136,36.278],[139.164,36.279],[139.244,36.245],[139.267,36.25],[139.322,36.237],[139.36,36.253],[139.464,36.189],[139.529,36.192],[139.587,36.21],[139.624,36.187],[139.651,36.198],[139.66,36.215],[139.687,36.203],[139.696,36.157],[139.727,36.108],[139.693,36.091],[139.709,36.07],[139.699,36.056],[139.685,36.058],[139.684,36.042],[139.66,36.049],[139.649,36.035],[139.615,36.049],[139.586,36.029],[139.526,36.057],[139.53,36.034],[139.495,36.036],[139.5,36.014],[139.475,36.02],[139.454,36.005],[139.423,36.007],[139.424,35.994],[139.338,35.962],[139.281,35.994],[139.213,35.957],[139.18,35.969],[139.175,36.0],[139.153,36.024],[139.158,36.071],[139.139,36.092],[139.138,36.118],[139.161,36.132],[139.157,36.14],[139.107,36.144],[139.082,36.122],[139.054,36.125],[139.034,36.1],[138.992,36.096],[138.976,36.111],[139.005,36.133],[139.042,36.128],[139.043,36.148],[139.062,36.153],[139.063,36.196],[139.108,36.262],[139.136,36.278]]]]}},{"type":"Feature","properties":{"name":"埼玉県南部"},"geometry":{"type":"MultiPolygon","coordinates":[[[[139.727,36.102],[139.732,36.087],[139.767,36.08],[139.777,36.089],[139.815,36.037],[139.826,35.973],[139.9,35.864],[139.889,35.832],[139.894,35.783],[139.875,35.782],[139.873,35.797],[139.826,35.793],[139.822,35.815],[139.793,35.805],[139.768,35.818],[139.751,35.81],[139.755,35.787],[139.738,35.78],[139.694,35.8],[139.654,35.8],[139.628,35.785],[139.623,35.767],[139.589,35.779],[139.547,35.754],[139.548,35.774],[139.517,35.766],[139.543,35.78],[139.542,35.807],[139.497,35.779],[139.391,35.764],[139.37,35.791],[139.325,35.795],[139.301,35.835],[139.193,35.84],[139.148,35.863],[139.1,35.867],[139.121,35.896],[139.103,35.927],[139.163,35.946],[139.178,35.969],[139.212,35.957],[139.28,35.993],[139.339,35.962],[139.424,35.994],[139.422,36.007],[139.454,36.005],[139.475,36.02],[139.498,36.013],[139.505,36.027],[139.494,36.035],[139.531,36.035],[139.526,36.058],[139.587,36.029],[139.614,36.049],[139.65,36.035],[139.658,36.048],[139.686,36.043],[139.685,36.057],[139.709,36.069],[139.693,36.09],[139.723,36.109],[139.727,36.102]]]]}},{"type":"Feature","properties":{"name":"埼玉県秩父"},"geometry":{"type":"MultiPolygon","coordinates":[[[[139.129,36.147],[139.16,36.136],[139.138,36.118],[139.137,36.095],[139.156,36.082],[139.153,36.024],[139.176,35.999],[139.179,35.97],[139.162,35.946],[139.103,35.927],[139.121,35.896],[139.104,35.869],[139.062,35.874],[139.014,35.898],[138.954,35.875],[138.942,35.853],[138.893,35.84],[138.856,35.865],[138.814,35.862],[138.78,35.9],[138.729,35.909],[138.739,35.939],[138.713,35.982],[138.755,36.035],[138.828,36.037],[138.865,36.077],[138.944,36.094],[138.962,36.125],[138.992,36.096],[139.018,36.098],[139.041,36.104],[139.057,36.126],[139.075,36.119],[139.129,36.147]]]]}},{"type":"Feature","properties":{"name":"千葉県北東部"},"geometry":{"type":"MultiPolygon","coordinates":[[[[140.558,35.93],[140.608,35.895],[140.631,35.859],[140.706,35.837],[140.747,35.782],[140.819,35.74],[140.86,35.748],[140.872,35.74],[140.861,35.75],[140.882,35.731],[140.868,35.738],[140.866,35.693],[140.819,35.713],[140.729,35.685],[140.735,35.695],[140.684,35.698],[140.618,35.669],[140.503,35.583],[140.43,35.498],[140.394,35.405],[140.397,35.331],[140.318,35.346],[140.271,35.314],[140.246,35.327],[140.225,35.318],[140.198,35.369],[140.206,35.381],[140.173,35.431],[140.187,35.443],[140.171,35.457],[140.174,35.469],[140.212,35.487],[140.247,35.482],[140.26,35.502],[140.272,35.494],[140.276,35.511],[140.3,35.519],[140.281,35.542],[140.292,35.549],[140.287,35.573],[140.338,35.586],[140.321,35.601],[140.306,35.594],[140.33,35.606],[140.31,35.61],[140.308,35.625],[140.329,35.631],[140.32,35.65],[140.354,35.657],[140.339,35.664],[140.354,35.684],[140.392,35.676],[140.405,35.689],[140.37,35.697],[140.385,35.712],[140.368,35.738],[140.393,35.728],[140.382,35.741],[140.403,35.743],[140.39,35.768],[140.407,35.786],[140.418,35.775],[140.436,35.781],[140.467,35.82],[140.455,35.82],[140.472,35.846],[140.46,35.864],[140.419,35.867],[140.395,35.853],[140.4,35.875],[140.376,35.902],[140.425,35.907],[140.458,35.926],[140.503,35.905],[140.487,35.928],[140.511,35.958],[140.558,35.93]]]]}},{"type":"Feature","properties":{"name":"千葉県北西部"},"geometry":{"type":"MultiPolygon","coordinates":[[[[140.092,35.588],[140.112,35.57],[140.086,35.569],[140.082,35.588],[140.092,35.588]]],[[[139.924,35.97],[139.937,35.965],[139.938,35.941],[139.993,35.91],[140.021,35.909],[140.074,35.877],[140.092,35.884],[140.125,35.873],[140.152,35.843],[140.205,35.861],[140.241,35.855],[140.278,35.874],[140.32,35.865],[140.376,35.902],[140.4,35.876],[140.395,35.853],[140.452,35.87],[140.472,35.851],[140.455,35.818],[140.468,35.821],[140.443,35.788],[140.419,35.775],[140.406,35.786],[140.389,35.767],[140.403,35.743],[140.382,35.741],[140.393,35.729],[140.368,35.738],[140.366,35.726],[140.386,35.713],[140.371,35.698],[140.405,35.69],[140.4,35.681],[140.353,35.683],[140.339,35.665],[140.354,35.657],[140.32,35.65],[140.329,35.632],[140.308,35.625],[140.309,35.614],[140.33,35.607],[140.306,35.594],[140.323,35.601],[140.338,35.587],[140.287,35.573],[140.292,35.549],[140.281,35.542],[140.3,35.519],[140.277,35.511],[140.272,35.494],[140.26,35.501],[140.248,35.482],[140.212,35.487],[140.174,35.468],[140.187,35.443],[140.173,35.432],[140.207,35.38],[140.198,35.37],[140.209,35.366],[140.231,35.307],[140.199,35.308],[140.203,35.288],[140.178,35.274],[140.175,35.252],[140.155,35.252],[140.14,35.231],[140.119,35.262],[140.122,35.314],[140.102,35.317],[140.129,35.347],[140.106,35.384],[140.09,35.381],[140.088,35.428],[140.033,35.424],[140.043,35.437],[140.01,35.486],[140.034,35.493],[140.025,35.502],[140.046,35.511],[140.038,35.517],[140.061,35.53],[140.067,35.553],[140.095,35.536],[140.091,35.553],[140.115,35.549],[140.091,35.564],[140.126,35.568],[140.112,35.57],[140.117,35.597],[140.089,35.595],[140.099,35.606],[140.08,35.612],[140.082,35.598],[140.015,35.657],[139.988,35.655],[140.003,35.665],[139.986,35.665],[139.985,35.691],[139.961,35.68],[139.953,35.689],[139.953,35.672],[139.947,35.681],[139.932,35.675],[139.948,35.67],[139.919,35.657],[139.937,35.639],[139.91,35.624],[139.899,35.63],[139.907,35.623],[139.899,35.617],[139.873,35.626],[139.887,35.679],[139.919,35.698],[139.879,35.768],[139.894,35.78],[139.889,35.832],[139.9,35.864],[139.825,35.974],[139.817,36.032],[139.783,36.07],[139.778,36.099],[139.799,36.095],[139.813,36.063],[139.876,36.011],[139.884,35.989],[139.924,35.97]]]]}},{"type":"Feature","properties":{"name":"千葉県南部"},"geometry":{"type":"MultiPolygon","coordinates":[[[[140.004,35.481],[140.04,35.446],[140.035,35.424],[140.088,35.427],[140.09,35.381],[140.106,35.384],[140.129,35.347],[140.101,35.319],[140.122,35.314],[140.119,35.262],[140.14,35.232],[140.154,35.253],[140.174,35.251],[140.178,35.275],[140.203,35.288],[140.199,35.308],[140.231,35.304],[140.226,35.316],[140.246,35.327],[140.271,35.313],[140.319,35.346],[140.403,35.33],[140.415,35.306],[140.4,35.27],[140.405,35.237],[140.384,35.187],[140.35,35.18],[140.325,35.139],[140.312,35.135],[140.312,35.147],[140.298,35.151],[140.285,35.134],[140.257,35.138],[140.237,35.117],[140.202,35.11],[140.192,35.127],[140.128,35.119],[140.106,35.103],[140.099,35.074],[140.073,35.056],[140.038,35.052],[139.984,35.015],[139.961,34.969],[139.965,34.943],[139.942,34.917],[139.887,34.9],[139.837,34.903],[139.817,34.94],[139.753,34.966],[139.755,34.978],[139.82,34.978],[139.824,34.991],[139.849,34.985],[139.858,34.999],[139.852,35.023],[139.811,35.037],[139.832,35.044],[139.82,35.065],[139.842,35.086],[139.824,35.101],[139.839,35.131],[139.816,35.17],[139.824,35.198],[139.868,35.22],[139.869,35.243],[139.847,35.272],[139.848,35.29],[139.784,35.313],[139.82,35.316],[139.82,35.333],[139.821,35.323],[139.84,35.334],[139.822,35.346],[139.837,35.358],[139.859,35.348],[139.84,35.367],[139.846,35.375],[139.898,35.358],[139.888,35.371],[139.907,35.37],[139.898,35.375],[139.918,35.388],[139.898,35.406],[139.901,35.43],[139.949,35.442],[139.953,35.457],[139.965,35.453],[139.952,35.453],[139.956,35.444],[139.974,35.448],[139.966,35.468],[139.982,35.475],[139.992,35.453],[139.989,35.47],[140.003,35.468],[140.004,35.481]]]]}},{"type":"Feature","properties":{"name":"東京都２３区"},"geometry":{"type":"MultiPolygon","coordinates":[[[[139.827,35.598],[139.831,35.588],[139.813,35.579],[139.794,35.592],[139.819,35.607],[139.827,35.598]]],[[[139.755,35.618],[139.776,35.591],[139.77,35.585],[139.785,35.578],[139.755,35.578],[139.755,35.618]]],[[[139.776,35.812],[139.823,35.814],[139.825,35.794],[139.873,35.797],[139.874,35.782],[139.894,35.783],[139.879,35.768],[139.919,35.698],[139.886,35.679],[139.887,35.654],[139.871,35.639],[139.842,35.643],[139.821,35.63],[139.834,35.643],[139.807,35.645],[139.799,35.622],[139.779,35.637],[139.795,35.65],[139.776,35.642],[139.791,35.656],[139.761,35.651],[139.751,35.566],[139.787,35.57],[139.808,35.538],[139.739,35.545],[139.704,35.536],[139.703,35.553],[139.679,35.563],[139.665,35.589],[139.59,35.618],[139.582,35.673],[139.595,35.705],[139.566,35.723],[139.564,35.761],[139.589,35.778],[139.622,35.767],[139.629,35.785],[139.655,35.8],[139.693,35.801],[139.739,35.781],[139.76,35.794],[139.751,35.81],[139.776,35.812]]]]}},{"type":"Feature","properties":{"name":"東京都多摩東部"},"geometry":{"type":"MultiPolygon","coordinates":[[[[139.538,35.792],[139.543,35.78],[139.517,35.766],[139.547,35.774],[139.545,35.755],[139.563,35.761],[139.569,35.752],[139.566,35.721],[139.595,35.705],[139.583,35.674],[139.594,35.627],[139.588,35.619],[139.526,35.643],[139.495,35.617],[139.5,35.606],[139.463,35.625],[139.453,35.617],[139.453,35.605],[139.465,35.609],[139.507,35.576],[139.49,35.562],[139.486,35.585],[139.47,35.569],[139.482,35.555],[139.485,35.504],[139.468,35.502],[139.458,35.528],[139.4,35.584],[139.284,35.613],[139.251,35.602],[139.22,35.626],[139.214,35.648],[139.167,35.652],[139.172,35.689],[139.2,35.689],[139.216,35.718],[139.329,35.711],[139.293,35.774],[139.322,35.778],[139.318,35.789],[139.37,35.792],[139.392,35.763],[139.496,35.78],[139.543,35.807],[139.538,35.792]]]]}},{"type":"Feature","properties":{"name":"東京都多摩西部"},"geometry":{"type":"MultiPolygon","coordinates":[[[[139.019,35.898],[139.061,35.874],[139.148,35.863],[139.192,35.84],[139.302,35.834],[139.33,35.794],[139.319,35.79],[139.321,35.777],[139.293,35.776],[139.297,35.756],[139.331,35.713],[139.216,35.718],[139.199,35.688],[139.173,35.689],[139.154,35.666],[139.028,35.717],[138.984,35.768],[138.97,35.831],[138.943,35.857],[138.955,35.875],[139.019,35.898]]]]}},{"type":"Feature","properties":{"name":"神津島"},"geometry":{"type":"MultiPolygon","coordinates":[[[[139.143,34.244],[139.168,34.234],[139.176,34.208],[139.129,34.185],[139.119,34.191],[139.143,34.244]]]]}},{"type":"Feature","properties":{"name":"伊豆大島"},"geometry":{"type":"MultiPolygon","coordinates":[[[[139.361,34.799],[139.412,34.787],[139.437,34.768],[139.449,34.74],[139.439,34.679],[139.359,34.701],[139.349,34.762],[139.361,34.799]]]]}},{"type":"Feature","properties":{"name":"新島"},"geometry":{"type":"MultiPolygon","coordinates":[[[[139.279,34.431],[139.291,34.408],[139.278,34.39],[139.272,34.331],[139.245,34.348],[139.24,34.371],[139.279,34.431]]],[[[139.281,34.533],[139.293,34.525],[139.276,34.511],[139.268,34.525],[139.281,34.533]]]]}},{"type":"Feature","properties":{"name":"三宅島"},"geometry":{"type":"MultiPolygon","coordinates":[[[[139.604,33.901],[139.632,33.872],[139.621,33.852],[139.577,33.864],[139.587,33.897],[139.604,33.901]]],[[[139.532,34.125],[139.562,34.109],[139.563,34.07],[139.531,34.047],[139.482,34.051],[139.473,34.077],[139.492,34.118],[139.532,34.125]]]]}},{"type":"Feature","properties":{"name":"八丈島"},"geometry":{"type":"MultiPolygon","coordinates":[[[[140.304,30.496],[140.314,30.482],[140.299,30.473],[140.286,30.485],[140.304,30.496]]],[[[139.758,32.473],[139.779,32.46],[139.779,32.447],[139.755,32.45],[139.758,32.473]]],[[[139.76,33.159],[139.818,33.12],[139.846,33.117],[139.859,33.084],[139.834,33.068],[139.834,33.047],[139.784,33.07],[139.779,33.101],[139.754,33.105],[139.738,33.142],[139.76,33.159]]]]}},{"type":"Feature","properties":{"name":"小笠原"},"geometry":{"type":"MultiPolygon","coordinates":[[[[141.323,24.813],[141.346,24.779],[141.287,24.746],[141.286,24.789],[141.323,24.813]]],[[[141.284,25.449],[141.293,25.427],[141.277,25.419],[141.273,25.44],[141.284,25.449]]],[[[142.126,26.714],[142.135,26.699],[142.142,26.709],[142.165,26.703],[142.147,26.686],[142.169,26.689],[142.165,26.66],[142.189,26.659],[142.171,26.643],[142.178,26.608],[142.171,26.631],[142.154,26.636],[142.126,26.714]]],[[[142.193,27.106],[142.218,27.101],[142.233,27.077],[142.237,27.05],[142.222,27.053],[142.229,27.036],[142.186,27.041],[142.195,27.061],[142.182,27.074],[142.208,27.083],[142.202,27.099],[142.182,27.094],[142.193,27.106]]],[[[142.192,27.144],[142.236,27.111],[142.201,27.11],[142.206,27.118],[142.188,27.121],[142.192,27.144]]],[[[142.189,27.19],[142.202,27.169],[142.187,27.145],[142.189,27.19]]]]}},{"type":"Feature","properties":{"name":"神奈川県東部"},"geometry":{"type":"MultiPolygon","coordinates":[[[[139.734,35.495],[139.742,35.477],[139.713,35.464],[139.702,35.481],[139.734,35.495]]],[[[139.771,35.506],[139.783,35.502],[139.746,35.485],[139.736,35.494],[139.771,35.506]]],[[[139.536,35.639],[139.665,35.589],[139.678,35.564],[139.704,35.553],[139.702,35.537],[139.758,35.544],[139.8,35.513],[139.776,35.51],[139.752,35.533],[139.738,35.514],[139.747,35.506],[139.735,35.5],[139.732,35.516],[139.731,35.499],[139.72,35.494],[139.714,35.505],[139.717,35.493],[139.696,35.484],[139.689,35.495],[139.693,35.481],[139.676,35.469],[139.668,35.469],[139.673,35.484],[139.633,35.464],[139.644,35.449],[139.666,35.449],[139.66,35.442],[139.674,35.45],[139.678,35.43],[139.69,35.438],[139.669,35.403],[139.63,35.413],[139.645,35.403],[139.622,35.396],[139.658,35.378],[139.656,35.342],[139.622,35.331],[139.661,35.322],[139.631,35.3],[139.66,35.283],[139.662,35.301],[139.673,35.301],[139.685,35.289],[139.672,35.287],[139.693,35.266],[139.746,35.256],[139.731,35.24],[139.717,35.246],[139.729,35.233],[139.714,35.224],[139.725,35.212],[139.688,35.208],[139.656,35.185],[139.662,35.161],[139.679,35.157],[139.677,35.139],[139.605,35.145],[139.62,35.155],[139.611,35.163],[139.63,35.163],[139.617,35.166],[139.616,35.19],[139.599,35.195],[139.627,35.215],[139.577,35.253],[139.565,35.284],[139.573,35.291],[139.544,35.308],[139.352,35.315],[139.234,35.288],[139.234,35.32],[139.249,35.33],[139.241,35.348],[139.303,35.388],[139.321,35.37],[139.319,35.383],[139.354,35.382],[139.356,35.404],[139.373,35.395],[139.374,35.492],[139.456,35.52],[139.469,35.502],[139.483,35.504],[139.486,35.536],[139.47,35.569],[139.487,35.585],[139.49,35.562],[139.507,35.576],[139.466,35.609],[139.454,35.604],[139.453,35.618],[139.464,35.625],[139.499,35.605],[139.494,35.617],[139.536,35.639]]]]}},{"type":"Feature","properties":{"name":"神奈川県西部"},"geometry":{"type":"MultiPolygon","coordinates":[[[[139.136,35.672],[139.164,35.666],[139.179,35.646],[139.214,35.648],[139.22,35.626],[139.251,35.602],[139.284,35.613],[139.4,35.584],[139.458,35.527],[139.374,35.492],[139.374,35.395],[139.355,35.404],[139.349,35.379],[139.347,35.388],[139.32,35.383],[139.32,35.37],[139.303,35.387],[139.275,35.373],[139.267,35.357],[139.239,35.347],[139.249,35.33],[139.233,35.32],[139.237,35.29],[139.147,35.24],[139.136,35.181],[139.142,35.153],[139.162,35.142],[139.135,35.15],[139.091,35.14],[139.029,35.15],[139.026,35.176],[138.987,35.205],[138.975,35.264],[139.004,35.29],[139.019,35.329],[139.001,35.4],[138.916,35.405],[138.938,35.449],[139.026,35.481],[139.047,35.51],[139.086,35.513],[139.11,35.532],[139.129,35.564],[139.121,35.587],[139.134,35.616],[139.117,35.654],[139.136,35.672]]]]}},{"type":"Feature","properties":{"name":"新潟県上越"},"geometry":{"type":"MultiPolygon","coordinates":[[[[138.42,37.305],[138.42,37.294],[138.431,37.302],[138.49,37.288],[138.542,37.261],[138.521,37.253],[138.505,37.227],[138.537,37.198],[138.552,37.204],[138.569,37.178],[138.562,37.155],[138.527,37.137],[138.524,37.108],[138.545,37.086],[138.54,37.044],[138.525,37.031],[138.395,36.997],[138.343,36.921],[138.318,36.925],[138.297,36.911],[138.296,36.855],[138.275,36.841],[138.254,36.87],[138.214,36.87],[138.168,36.845],[138.113,36.85],[138.052,36.8],[138.003,36.826],[138.033,36.885],[138.014,36.904],[137.961,36.903],[137.92,36.92],[137.867,36.916],[137.862,36.892],[137.876,36.866],[137.831,36.808],[137.781,36.773],[137.763,36.767],[137.75,36.779],[137.749,36.809],[137.731,36.826],[137.734,36.868],[137.713,36.894],[137.72,36.926],[137.712,36.944],[137.668,36.95],[137.635,36.979],[137.915,37.062],[137.998,37.115],[138.048,37.128],[138.096,37.173],[138.151,37.161],[138.231,37.174],[138.256,37.208],[138.249,37.183],[138.42,37.305]]]]}},{"type":"Feature","properties":{"name":"新潟県中越"},"geometry":{"type":"MultiPolygon","coordinates":[[[[139.094,37.732],[139.108,37.726],[139.093,37.71],[139.106,37.697],[139.105,37.656],[139.133,37.657],[139.14,37.63],[139.17,37.599],[139.196,37.614],[139.218,37.602],[139.234,37.555],[139.258,37.536],[139.259,37.513],[139.287,37.508],[139.298,37.488],[139.247,37.449],[139.219,37.445],[139.197,37.411],[139.232,37.387],[139.234,37.344],[139.218,37.334],[139.213,37.288],[139.165,37.239],[139.197,37.194],[139.221,37.209],[139.253,37.165],[139.235,37.111],[139.26,37.048],[139.243,37.015],[139.256,36.989],[139.25,36.957],[139.233,36.941],[139.229,36.961],[139.183,36.961],[139.171,37.002],[139.132,37.026],[139.123,37.047],[139.095,37.057],[139.091,37.02],[139.047,36.987],[138.967,36.979],[138.98,36.892],[138.941,36.895],[138.923,36.883],[138.916,36.85],[138.929,36.833],[138.856,36.812],[138.822,36.817],[138.827,36.773],[138.789,36.745],[138.728,36.764],[138.712,36.739],[138.698,36.738],[138.689,36.765],[138.669,36.779],[138.696,36.807],[138.68,36.822],[138.693,36.854],[138.626,36.882],[138.619,36.905],[138.589,36.914],[138.587,36.988],[138.566,37.021],[138.525,37.03],[138.54,37.045],[138.545,37.086],[138.524,37.107],[138.526,37.13],[138.563,37.156],[138.569,37.178],[138.552,37.203],[138.537,37.198],[138.505,37.229],[138.541,37.262],[138.484,37.29],[138.432,37.303],[138.418,37.295],[138.419,37.308],[138.525,37.363],[138.543,37.383],[138.531,37.365],[138.557,37.381],[138.617,37.484],[138.714,37.56],[138.748,37.606],[138.785,37.707],[138.81,37.703],[138.787,37.656],[138.808,37.637],[138.823,37.645],[138.838,37.618],[138.825,37.607],[138.831,37.594],[138.852,37.611],[138.932,37.631],[138.921,37.654],[138.95,37.653],[138.962,37.679],[138.992,37.679],[139.001,37.704],[139.017,37.711],[139.033,37.693],[139.048,37.72],[139.094,37.732]]]]}},{"type":"Feature","properties":{"name":"新潟県下越"},"geometry":{"type":"MultiPolygon","coordinates":[[[[139.256,38.491],[139.265,38.487],[139.248,38.453],[139.215,38.438],[139.225,38.465],[139.256,38.491]]],[[[139.55,38.553],[139.599,38.522],[139.721,38.496],[139.708,38.389],[139.723,38.394],[139.75,38.359],[139.849,38.342],[139.9,38.288],[139.856,38.228],[139.786,38.193],[139.7,38.203],[139.682,38.171],[139.694,38.116],[139.672,38.077],[139.692,38.075],[139.692,38.058],[139.655,38.035],[139.654,37.997],[139.639,37.985],[139.643,37.947],[139.625,37.921],[139.629,37.894],[139.68,37.847],[139.715,37.853],[139.741,37.818],[139.658,37.755],[139.649,37.729],[139.624,37.71],[139.628,37.689],[139.55,37.649],[139.549,37.61],[139.57,37.579],[139.566,37.546],[139.59,37.528],[139.585,37.513],[139.565,37.502],[139.523,37.515],[139.476,37.503],[139.457,37.518],[139.428,37.514],[139.412,37.506],[139.398,37.46],[139.363,37.47],[139.259,37.447],[139.26,37.468],[139.298,37.485],[139.288,37.507],[139.259,37.513],[139.258,37.537],[139.234,37.555],[139.218,37.602],[139.195,37.614],[139.17,37.599],[139.139,37.63],[139.134,37.657],[139.106,37.655],[139.106,37.698],[139.094,37.711],[139.108,37.725],[139.094,37.737],[139.048,37.72],[139.033,37.693],[139.018,37.71],[139.001,37.704],[138.991,37.679],[138.958,37.676],[138.95,37.653],[138.921,37.655],[138.932,37.631],[138.852,37.611],[138.831,37.594],[138.825,37.606],[138.836,37.62],[138.823,37.645],[138.808,37.638],[138.787,37.655],[138.811,37.701],[138.787,37.706],[138.785,37.718],[138.832,37.811],[139.068,37.958],[139.068,37.944],[139.2,37.982],[139.231,38.02],[139.215,37.995],[139.223,37.969],[139.244,37.971],[139.226,38.001],[139.258,38.011],[139.332,38.065],[139.429,38.18],[139.431,38.19],[139.421,38.186],[139.45,38.238],[139.442,38.246],[139.456,38.394],[139.55,38.553]]]]}},{"type":"Feature","properties":{"name":"新潟県佐渡"},"geometry":{"type":"MultiPolygon","coordinates":[[[[138.503,38.332],[138.522,38.324],[138.506,38.249],[138.493,38.204],[138.436,38.117],[138.435,38.086],[138.48,38.062],[138.562,38.088],[138.574,38.063],[138.504,37.946],[138.5,37.921],[138.362,37.832],[138.304,37.827],[138.254,37.804],[138.215,37.81],[138.206,37.828],[138.27,37.848],[138.289,37.885],[138.285,37.919],[138.344,37.966],[138.327,37.992],[138.299,38.007],[138.274,38.002],[138.255,37.965],[138.227,37.98],[138.235,37.997],[138.222,38.021],[138.238,38.027],[138.234,38.061],[138.248,38.077],[138.24,38.086],[138.291,38.136],[138.325,38.198],[138.365,38.214],[138.402,38.254],[138.433,38.258],[138.459,38.322],[138.503,38.332]]]]}},{"type":"Feature","properties":{"name":"富山県東部"},"geometry":{"type":"MultiPolygon","coordinates":[[[[137.633,36.98],[137.667,36.95],[137.711,36.944],[137.72,36.927],[137.713,36.892],[137.734,36.87],[137.73,36.826],[137.749,36.81],[137.75,36.779],[137.763,36.769],[137.752,36.751],[137.762,36.666],[137.744,36.618],[137.753,36.593],[137.688,36.562],[137.685,36.538],[137.709,36.536],[137.705,36.519],[137.669,36.51],[137.667,36.494],[137.653,36.49],[137.655,36.459],[137.636,36.428],[137.608,36.419],[137.592,36.39],[137.559,36.388],[137.52,36.407],[137.51,36.424],[137.475,36.425],[137.46,36.412],[137.405,36.427],[137.39,36.459],[137.319,36.424],[137.306,36.433],[137.318,36.451],[137.307,36.464],[137.278,36.465],[137.256,36.451],[137.248,36.462],[137.206,36.428],[137.194,36.454],[137.16,36.456],[137.092,36.397],[137.095,36.384],[137.047,36.372],[137.064,36.452],[137.05,36.503],[137.028,36.506],[137.04,36.58],[137.065,36.638],[137.057,36.652],[137.081,36.65],[137.072,36.655],[137.087,36.659],[137.1,36.684],[137.124,36.689],[137.125,36.717],[137.18,36.758],[137.334,36.763],[137.393,36.807],[137.418,36.873],[137.409,36.897],[137.436,36.931],[137.498,36.956],[137.633,36.98]]]]}},{"type":"Feature","properties":{"name":"富山県西部"},"geometry":{"type":"MultiPolygon","coordinates":[[[[136.988,36.967],[137.052,36.959],[136.985,36.877],[136.996,36.847],[137.082,36.785],[137.113,36.781],[137.092,36.771],[137.132,36.757],[137.118,36.767],[137.119,36.784],[137.179,36.758],[137.179,36.749],[137.125,36.718],[137.122,36.687],[137.1,36.682],[137.072,36.655],[137.08,36.649],[137.064,36.657],[137.053,36.646],[137.065,36.639],[137.04,36.58],[137.028,36.506],[137.05,36.503],[137.064,36.453],[137.047,36.373],[137.062,36.367],[137.052,36.328],[137.02,36.318],[137.007,36.289],[136.969,36.275],[136.958,36.279],[136.972,36.314],[136.955,36.339],[136.907,36.36],[136.874,36.344],[136.871,36.368],[136.864,36.35],[136.838,36.347],[136.832,36.307],[136.792,36.299],[136.785,36.344],[136.807,36.36],[136.795,36.401],[136.77,36.415],[136.769,36.429],[136.796,36.444],[136.795,36.51],[136.817,36.553],[136.792,36.569],[136.783,36.617],[136.824,36.67],[136.81,36.687],[136.816,36.7],[136.789,36.719],[136.849,36.759],[136.848,36.81],[136.862,36.86],[136.883,36.876],[136.879,36.907],[136.932,36.95],[136.953,36.956],[136.975,36.945],[136.988,36.967]]]]}},{"type":"Feature","properties":{"name":"石川県能登"},"geometry":{"type":"MultiPolygon","coordinates":[[[[137.038,37.168],[137.054,37.149],[137.041,37.138],[137.049,37.122],[137.022,37.111],[136.994,37.118],[136.976,37.097],[136.966,37.105],[136.947,37.091],[136.94,37.115],[136.903,37.14],[136.912,37.155],[136.925,37.13],[136.941,37.146],[136.978,37.141],[136.969,37.154],[137.005,37.135],[137.038,37.168]]],[[[136.755,36.937],[136.77,36.995],[136.743,37.012],[136.746,37.03],[136.719,37.059],[136.727,37.136],[136.701,37.149],[136.685,37.136],[136.67,37.15],[136.679,37.205],[136.734,37.279],[136.722,37.324],[136.738,37.348],[136.749,37.343],[136.756,37.364],[136.849,37.402],[136.898,37.407],[136.925,37.395],[137.03,37.433],[137.09,37.477],[137.145,37.499],[137.209,37.506],[137.275,37.533],[137.327,37.529],[137.346,37.515],[137.351,37.501],[137.34,37.485],[137.359,37.449],[137.275,37.44],[137.25,37.424],[137.238,37.378],[137.25,37.353],[137.267,37.357],[137.253,37.341],[137.268,37.337],[137.247,37.307],[137.23,37.311],[137.233,37.295],[137.156,37.297],[137.153,37.307],[137.153,37.295],[137.099,37.279],[137.069,37.218],[137.026,37.205],[137.034,37.195],[137.011,37.183],[136.947,37.217],[136.962,37.236],[136.944,37.225],[136.924,37.233],[136.933,37.221],[136.907,37.219],[136.929,37.204],[136.907,37.203],[136.913,37.194],[136.873,37.146],[136.9,37.135],[136.892,37.111],[136.867,37.111],[136.872,37.087],[136.859,37.077],[136.888,37.068],[136.917,37.091],[136.943,37.084],[136.937,37.071],[136.963,37.067],[136.956,37.058],[136.971,37.048],[136.986,37.048],[137.006,37.058],[137.022,37.102],[137.057,37.108],[137.046,37.036],[137.056,36.968],[137.052,36.959],[136.986,36.967],[136.974,36.944],[136.954,36.956],[136.932,36.95],[136.888,36.916],[136.882,36.876],[136.863,36.86],[136.849,36.813],[136.845,36.756],[136.832,36.781],[136.819,36.783],[136.817,36.768],[136.776,36.787],[136.724,36.79],[136.767,36.9],[136.755,36.937]]]]}},{"type":"Feature","properties":{"name":"石川県加賀"},"geometry":{"type":"MultiPolygon","coordinates":[[[[136.743,36.792],[136.818,36.768],[136.827,36.778],[136.819,36.783],[136.832,36.781],[136.845,36.754],[136.789,36.718],[136.823,36.681],[136.783,36.617],[136.791,36.569],[136.817,36.549],[136.795,36.511],[136.803,36.486],[136.788,36.453],[136.796,36.445],[136.768,36.424],[136.795,36.401],[136.808,36.36],[136.785,36.344],[136.791,36.301],[136.815,36.267],[136.852,36.247],[136.798,36.172],[136.766,36.163],[136.78,36.135],[136.754,36.086],[136.662,36.068],[136.651,36.092],[136.56,36.153],[136.51,36.146],[136.489,36.159],[136.461,36.137],[136.441,36.137],[136.409,36.172],[136.344,36.173],[136.329,36.204],[136.332,36.229],[136.302,36.258],[136.267,36.265],[136.243,36.297],[136.297,36.35],[136.347,36.365],[136.414,36.417],[136.639,36.66],[136.724,36.789],[136.743,36.792]]]]}},{"type":"Feature","properties":{"name":"福井県嶺北"},"geometry":{"type":"MultiPolygon","coordinates":[[[[136.243,36.295],[136.259,36.289],[136.267,36.265],[136.301,36.258],[136.332,36.229],[136.336,36.185],[136.357,36.166],[136.409,36.172],[136.441,36.137],[136.462,36.137],[136.487,36.159],[136.512,36.146],[136.56,36.153],[136.651,36.092],[136.663,36.068],[136.756,36.085],[136.765,36.07],[136.733,36.049],[136.727,35.996],[136.752,35.989],[136.753,35.956],[136.793,35.946],[136.784,35.926],[136.813,35.911],[136.832,35.86],[136.825,35.845],[136.802,35.844],[136.79,35.8],[136.723,35.808],[136.709,35.792],[136.659,35.784],[136.645,35.807],[136.622,35.787],[136.6,35.798],[136.571,35.777],[136.523,35.788],[136.505,35.75],[136.486,35.776],[136.431,35.775],[136.377,35.795],[136.325,35.771],[136.324,35.717],[136.292,35.691],[136.299,35.678],[136.281,35.659],[136.213,35.682],[136.19,35.703],[136.147,35.699],[136.071,35.824],[135.995,35.888],[135.996,35.935],[135.958,35.982],[136.01,36.033],[136.029,36.095],[136.093,36.153],[136.113,36.205],[136.129,36.191],[136.134,36.205],[136.12,36.201],[136.135,36.222],[136.123,36.25],[136.175,36.254],[136.243,36.295]]]]}},{"type":"Feature","properties":{"name":"福井県嶺南"},"geometry":{"type":"MultiPolygon","coordinates":[[[[136.113,35.765],[136.149,35.711],[136.135,35.668],[136.149,35.661],[136.177,35.599],[136.17,35.566],[136.114,35.583],[136.106,35.529],[136.083,35.541],[136.069,35.526],[136.026,35.529],[136.004,35.491],[135.982,35.487],[135.941,35.52],[135.917,35.471],[135.914,35.432],[135.893,35.42],[135.89,35.403],[135.865,35.394],[135.854,35.411],[135.813,35.413],[135.808,35.385],[135.791,35.387],[135.769,35.356],[135.719,35.355],[135.701,35.344],[135.642,35.367],[135.528,35.38],[135.526,35.42],[135.502,35.42],[135.497,35.438],[135.459,35.468],[135.476,35.505],[135.45,35.527],[135.461,35.548],[135.485,35.557],[135.469,35.53],[135.501,35.524],[135.509,35.537],[135.495,35.539],[135.499,35.554],[135.517,35.55],[135.507,35.506],[135.535,35.489],[135.573,35.492],[135.661,35.548],[135.669,35.525],[135.631,35.521],[135.642,35.508],[135.627,35.489],[135.582,35.491],[135.647,35.478],[135.662,35.493],[135.713,35.483],[135.741,35.498],[135.751,35.532],[135.764,35.536],[135.717,35.521],[135.717,35.54],[135.689,35.545],[135.715,35.57],[135.749,35.566],[135.755,35.546],[135.77,35.544],[135.767,35.556],[135.793,35.541],[135.786,35.534],[135.798,35.526],[135.833,35.536],[135.802,35.571],[135.811,35.577],[135.837,35.562],[135.857,35.59],[135.854,35.603],[135.828,35.608],[135.839,35.621],[135.816,35.642],[135.846,35.636],[135.868,35.608],[135.907,35.625],[135.913,35.61],[135.93,35.611],[135.95,35.634],[135.975,35.625],[135.986,35.643],[135.963,35.657],[135.976,35.697],[135.971,35.712],[135.956,35.704],[135.955,35.723],[136.019,35.764],[136.038,35.739],[136.022,35.749],[136.045,35.695],[136.026,35.68],[136.046,35.658],[136.072,35.661],[136.06,35.664],[136.073,35.667],[136.065,35.679],[136.086,35.685],[136.079,35.703],[136.099,35.726],[136.086,35.739],[136.1,35.747],[136.099,35.764],[136.113,35.765]]]]}},{"type":"Feature","properties":{"name":"山梨県中・西部"},"geometry":{"type":"MultiPolygon","coordinates":[[[[138.375,35.971],[138.451,35.945],[138.444,35.922],[138.454,35.9],[138.49,35.896],[138.51,35.922],[138.576,35.911],[138.591,35.92],[138.612,35.908],[138.611,35.874],[138.675,35.87],[138.708,35.91],[138.729,35.909],[138.78,35.9],[138.815,35.862],[138.85,35.867],[138.864,35.854],[138.852,35.823],[138.868,35.784],[138.817,35.776],[138.86,35.731],[138.851,35.65],[138.83,35.629],[138.767,35.605],[138.792,35.561],[138.595,35.496],[138.582,35.479],[138.584,35.448],[138.532,35.409],[138.535,35.331],[138.512,35.312],[138.533,35.2],[138.515,35.198],[138.491,35.168],[138.432,35.18],[138.418,35.199],[138.399,35.2],[138.359,35.317],[138.324,35.327],[138.285,35.304],[138.255,35.32],[138.251,35.363],[138.233,35.375],[138.258,35.407],[138.244,35.458],[138.268,35.516],[138.241,35.575],[138.231,35.644],[138.194,35.672],[138.18,35.714],[138.236,35.757],[138.186,35.791],[138.233,35.876],[138.25,35.885],[138.283,35.859],[138.375,35.971]]]]}},{"type":"Feature","properties":{"name":"山梨県東部・富士五湖"},"geometry":{"type":"MultiPolygon","coordinates":[[[[138.872,35.855],[138.892,35.84],[138.946,35.854],[138.969,35.831],[138.985,35.767],[139.025,35.72],[139.129,35.674],[139.117,35.654],[139.134,35.618],[139.122,35.587],[139.129,35.564],[139.086,35.513],[139.046,35.51],[139.027,35.481],[138.938,35.449],[138.916,35.401],[138.874,35.379],[138.85,35.39],[138.822,35.374],[138.681,35.358],[138.664,35.398],[138.609,35.393],[138.582,35.445],[138.582,35.479],[138.602,35.504],[138.792,35.561],[138.768,35.604],[138.851,35.649],[138.86,35.729],[138.817,35.775],[138.868,35.784],[138.852,35.823],[138.864,35.859],[138.872,35.855]]]]}},{"type":"Feature","properties":{"name":"長野県北部"},"geometry":{"type":"MultiPolygon","coordinates":[[[[138.527,37.028],[138.566,37.021],[138.587,36.988],[138.589,36.914],[138.621,36.904],[138.626,36.882],[138.693,36.855],[138.68,36.821],[138.696,36.807],[138.669,36.779],[138.688,36.766],[138.696,36.738],[138.623,36.721],[138.611,36.706],[138.596,36.715],[138.584,36.701],[138.559,36.707],[138.514,36.691],[138.535,36.665],[138.529,36.655],[138.459,36.634],[138.455,36.614],[138.427,36.595],[138.429,36.557],[138.418,36.544],[138.378,36.554],[138.334,36.537],[138.312,36.549],[138.294,36.532],[138.277,36.535],[138.267,36.514],[138.201,36.512],[138.231,36.479],[138.249,36.434],[138.168,36.415],[138.122,36.437],[138.106,36.468],[138.075,36.491],[138.046,36.495],[137.977,36.461],[137.947,36.489],[137.927,36.47],[137.937,36.467],[137.929,36.451],[137.905,36.439],[137.924,36.413],[137.91,36.402],[137.913,36.39],[137.902,36.393],[137.909,36.367],[137.889,36.364],[137.853,36.394],[137.831,36.381],[137.811,36.395],[137.769,36.392],[137.73,36.425],[137.713,36.417],[137.709,36.377],[137.68,36.337],[137.636,36.342],[137.618,36.365],[137.587,36.372],[137.609,36.418],[137.633,36.425],[137.655,36.459],[137.652,36.488],[137.669,36.509],[137.705,36.518],[137.711,36.536],[137.685,36.538],[137.688,36.562],[137.724,36.586],[137.751,36.589],[137.744,36.616],[137.762,36.665],[137.752,36.753],[137.831,36.808],[137.877,36.866],[137.862,36.89],[137.866,36.915],[137.92,36.92],[137.958,36.903],[138.014,36.903],[138.032,36.881],[138.004,36.827],[138.053,36.8],[138.113,36.85],[138.169,36.845],[138.214,36.871],[138.255,36.87],[138.272,36.842],[138.288,36.846],[138.296,36.911],[138.318,36.925],[138.344,36.921],[138.395,36.997],[138.527,37.028]]]]}},{"type":"Feature","properties":{"name":"長野県中部"},"geometry":{"type":"MultiPolygon","coordinates":[[[[138.382,36.555],[138.414,36.533],[138.397,36.49],[138.401,36.434],[138.489,36.401],[138.496,36.414],[138.539,36.403],[138.592,36.424],[138.648,36.41],[138.653,36.304],[138.602,36.279],[138.603,36.248],[138.622,36.215],[138.635,36.214],[138.623,36.197],[138.636,36.172],[138.608,36.162],[138.59,36.179],[138.577,36.168],[138.6,36.136],[138.634,36.134],[138.645,36.121],[138.645,36.099],[138.631,36.091],[138.644,36.05],[138.632,36.027],[138.679,36.012],[138.688,35.992],[138.713,35.985],[138.714,35.965],[138.739,35.939],[138.729,35.91],[138.686,35.893],[138.676,35.87],[138.611,35.874],[138.612,35.909],[138.592,35.919],[138.509,35.922],[138.49,35.896],[138.455,35.9],[138.445,35.923],[138.451,35.945],[138.372,35.971],[138.284,35.859],[138.251,35.885],[138.238,35.883],[138.187,35.798],[138.198,35.782],[138.189,35.782],[138.172,35.802],[138.188,35.863],[138.15,35.955],[138.114,35.975],[138.055,35.947],[138.035,35.96],[138.048,35.971],[138.037,36.012],[137.992,36.014],[138.005,36.054],[137.978,36.044],[137.947,36.064],[137.9,36.03],[137.901,36.015],[137.829,35.946],[137.835,35.928],[137.858,35.916],[137.847,35.89],[137.857,35.875],[137.847,35.835],[137.823,35.814],[137.807,35.834],[137.816,35.877],[137.796,35.954],[137.809,35.974],[137.816,36.053],[137.796,36.078],[137.749,36.083],[137.736,36.07],[137.737,36.047],[137.703,36.01],[137.599,36.026],[137.614,36.076],[137.573,36.088],[137.55,36.113],[137.555,36.14],[137.594,36.171],[137.574,36.22],[137.648,36.29],[137.646,36.341],[137.68,36.337],[137.701,36.365],[137.712,36.417],[137.729,36.425],[137.77,36.392],[137.812,36.395],[137.831,36.381],[137.853,36.393],[137.888,36.364],[137.91,36.367],[137.902,36.392],[137.913,36.39],[137.91,36.403],[137.925,36.412],[137.906,36.438],[137.929,36.451],[137.938,36.488],[137.977,36.461],[138.047,36.495],[138.074,36.491],[138.106,36.469],[138.122,36.437],[138.169,36.415],[138.248,36.433],[138.23,36.48],[138.201,36.512],[138.267,36.514],[138.278,36.536],[138.293,36.532],[138.311,36.55],[138.335,36.538],[138.382,36.555]]]]}},{"type":"Feature","properties":{"name":"長野県南部"},"geometry":{"type":"MultiPolygon","coordinates":[[[[137.776,36.075],[137.797,36.077],[137.815,36.054],[137.808,35.974],[137.795,35.96],[137.816,35.879],[137.806,35.835],[137.824,35.813],[137.847,35.835],[137.857,35.876],[137.847,35.89],[137.858,35.916],[137.835,35.928],[137.83,35.947],[137.941,36.063],[137.979,36.044],[138.007,36.053],[137.992,36.015],[138.036,36.012],[138.049,35.971],[138.035,35.96],[138.056,35.947],[138.114,35.975],[138.149,35.955],[138.189,35.858],[138.176,35.84],[138.176,35.788],[138.206,35.783],[138.236,35.759],[138.18,35.715],[138.195,35.672],[138.219,35.645],[138.203,35.632],[138.206,35.609],[138.19,35.578],[138.162,35.581],[138.143,35.556],[138.159,35.545],[138.138,35.522],[138.14,35.5],[138.164,35.494],[138.16,35.468],[138.119,35.446],[138.121,35.429],[138.139,35.423],[138.135,35.408],[138.153,35.398],[138.141,35.37],[138.097,35.354],[138.095,35.34],[138.061,35.347],[138.019,35.301],[137.929,35.275],[137.918,35.254],[137.895,35.257],[137.873,35.219],[137.774,35.203],[137.759,35.222],[137.682,35.235],[137.655,35.227],[137.644,35.209],[137.578,35.199],[137.578,35.22],[137.546,35.253],[137.57,35.282],[137.557,35.31],[137.604,35.333],[137.598,35.378],[137.576,35.399],[137.618,35.392],[137.635,35.401],[137.593,35.447],[137.632,35.47],[137.632,35.509],[137.575,35.545],[137.571,35.584],[137.538,35.585],[137.514,35.608],[137.545,35.652],[137.497,35.688],[137.465,35.756],[137.393,35.778],[137.391,35.799],[137.338,35.798],[137.327,35.826],[137.335,35.844],[137.361,35.847],[137.364,35.879],[137.382,35.893],[137.433,35.905],[137.458,35.889],[137.477,35.894],[137.503,35.939],[137.524,35.942],[137.545,35.984],[137.576,35.995],[137.6,36.026],[137.702,36.01],[137.736,36.047],[137.747,36.081],[137.776,36.075]]]]}},{"type":"Feature","properties":{"name":"岐阜県飛騨"},"geometry":{"type":"MultiPolygon","coordinates":[[[[137.279,36.465],[137.317,36.46],[137.305,36.436],[137.313,36.425],[137.351,36.433],[137.39,36.459],[137.405,36.427],[137.445,36.413],[137.51,36.424],[137.542,36.391],[137.587,36.39],[137.588,36.372],[137.618,36.365],[137.646,36.341],[137.648,36.289],[137.573,36.219],[137.581,36.196],[137.595,36.191],[137.595,36.172],[137.555,36.14],[137.55,36.113],[137.574,36.087],[137.613,36.077],[137.615,36.062],[137.591,36.007],[137.544,35.983],[137.525,35.942],[137.503,35.939],[137.479,35.896],[137.459,35.889],[137.435,35.905],[137.382,35.893],[137.365,35.879],[137.36,35.845],[137.333,35.842],[137.325,35.812],[137.36,35.796],[137.325,35.747],[137.33,35.711],[137.284,35.691],[137.267,35.698],[137.244,35.675],[137.204,35.676],[137.17,35.637],[137.113,35.621],[137.094,35.627],[137.086,35.649],[137.101,35.678],[137.05,35.699],[137.067,35.701],[137.073,35.725],[137.132,35.741],[137.123,35.836],[137.135,35.85],[137.165,35.847],[137.166,35.859],[137.1,35.927],[137.085,35.898],[137.05,35.96],[137.019,35.959],[136.978,35.919],[136.959,35.979],[136.93,36.006],[136.894,36.028],[136.838,36.001],[136.797,36.032],[136.796,36.051],[136.769,36.057],[136.754,36.089],[136.78,36.134],[136.766,36.162],[136.798,36.172],[136.851,36.247],[136.834,36.266],[136.816,36.266],[136.792,36.299],[136.832,36.307],[136.838,36.347],[136.865,36.35],[136.871,36.368],[136.876,36.343],[136.907,36.36],[136.955,36.339],[136.972,36.311],[136.958,36.279],[136.974,36.275],[137.013,36.294],[137.02,36.318],[137.051,36.328],[137.059,36.373],[137.095,36.384],[137.092,36.396],[137.16,36.457],[137.194,36.454],[137.206,36.428],[137.247,36.462],[137.256,36.451],[137.279,36.465]]]]}},{"type":"Feature","properties":{"name":"岐阜県美濃東部"},"geometry":{"type":"MultiPolygon","coordinates":[[[[137.383,35.8],[137.394,35.797],[137.393,35.778],[137.464,35.757],[137.497,35.688],[137.545,35.651],[137.515,35.607],[137.538,35.585],[137.571,35.584],[137.574,35.545],[137.632,35.509],[137.631,35.47],[137.593,35.447],[137.634,35.399],[137.575,35.4],[137.598,35.379],[137.604,35.333],[137.557,35.31],[137.562,35.284],[137.52,35.284],[137.505,35.263],[137.43,35.223],[137.418,35.24],[137.387,35.241],[137.383,35.26],[137.344,35.259],[137.345,35.274],[137.308,35.291],[137.263,35.285],[137.25,35.269],[137.2,35.252],[137.176,35.26],[137.165,35.283],[137.145,35.28],[137.101,35.302],[137.082,35.292],[137.064,35.319],[137.068,35.335],[137.047,35.337],[137.047,35.366],[136.978,35.404],[136.993,35.424],[136.951,35.416],[136.964,35.484],[136.949,35.507],[136.992,35.508],[137.011,35.534],[137.071,35.57],[137.054,35.593],[137.062,35.623],[137.086,35.633],[137.131,35.62],[137.198,35.656],[137.205,35.677],[137.244,35.675],[137.266,35.697],[137.285,35.691],[137.331,35.711],[137.325,35.747],[137.335,35.765],[137.363,35.798],[137.383,35.8]]]]}},{"type":"Feature","properties":{"name":"岐阜県美濃中西部"},"geometry":{"type":"MultiPolygon","coordinates":[[[[136.764,36.068],[136.796,36.051],[136.812,36.015],[136.837,36.003],[136.894,36.028],[136.93,36.006],[136.959,35.979],[136.982,35.918],[137.019,35.959],[137.05,35.96],[137.085,35.898],[137.1,35.927],[137.167,35.852],[137.134,35.85],[137.123,35.835],[137.132,35.742],[137.073,35.724],[137.066,35.701],[137.05,35.699],[137.1,35.679],[137.086,35.65],[137.094,35.637],[137.061,35.623],[137.054,35.599],[137.073,35.573],[136.991,35.508],[136.949,35.507],[136.951,35.489],[136.963,35.485],[136.949,35.429],[136.962,35.401],[136.834,35.356],[136.767,35.366],[136.678,35.242],[136.671,35.134],[136.647,35.165],[136.645,35.145],[136.616,35.15],[136.603,35.177],[136.549,35.22],[136.534,35.257],[136.517,35.254],[136.506,35.235],[136.461,35.236],[136.441,35.217],[136.431,35.229],[136.412,35.218],[136.377,35.243],[136.396,35.257],[136.391,35.29],[136.422,35.348],[136.41,35.355],[136.413,35.371],[136.444,35.388],[136.412,35.419],[136.426,35.449],[136.421,35.466],[136.387,35.488],[136.406,35.513],[136.4,35.53],[136.383,35.535],[136.374,35.559],[136.346,35.536],[136.336,35.55],[136.318,35.547],[136.323,35.617],[136.289,35.62],[136.276,35.652],[136.299,35.678],[136.293,35.691],[136.324,35.717],[136.328,35.775],[136.377,35.795],[136.433,35.775],[136.485,35.777],[136.506,35.75],[136.525,35.788],[136.571,35.777],[136.599,35.799],[136.624,35.788],[136.645,35.807],[136.66,35.783],[136.71,35.792],[136.724,35.808],[136.789,35.799],[136.802,35.844],[136.826,35.846],[136.832,35.86],[136.814,35.911],[136.784,35.926],[136.793,35.946],[136.752,35.957],[136.752,35.989],[136.727,35.996],[136.734,36.048],[136.764,36.068]]]]}},{"type":"Feature","properties":{"name":"静岡県伊豆"},"geometry":{"type":"MultiPolygon","coordinates":[[[[139.019,35.182],[139.029,35.15],[139.111,35.142],[139.077,35.098],[139.069,35.054],[139.1,35.046],[139.1,35.009],[139.083,35.002],[139.095,34.976],[139.147,34.954],[139.132,34.899],[139.14,34.891],[139.083,34.853],[139.077,34.819],[139.042,34.774],[139.048,34.768],[138.999,34.744],[138.973,34.691],[138.986,34.658],[138.958,34.653],[138.957,34.677],[138.919,34.653],[138.908,34.631],[138.892,34.635],[138.843,34.601],[138.826,34.606],[138.809,34.628],[138.795,34.622],[138.774,34.644],[138.79,34.669],[138.74,34.69],[138.739,34.727],[138.776,34.756],[138.753,34.8],[138.766,34.808],[138.752,34.823],[138.768,34.822],[138.76,34.843],[138.776,34.854],[138.753,34.868],[138.757,34.886],[138.789,34.906],[138.776,34.939],[138.839,34.945],[138.837,34.973],[138.908,35.008],[138.907,35.06],[139.019,35.182]]]]}},{"type":"Feature","properties":{"name":"静岡県東部"},"geometry":{"type":"MultiPolygon","coordinates":[[[[138.585,35.441],[138.609,35.394],[138.663,35.398],[138.682,35.358],[138.822,35.374],[138.85,35.39],[138.874,35.379],[138.915,35.4],[139.002,35.399],[139.019,35.328],[138.974,35.249],[138.988,35.201],[139.013,35.178],[138.946,35.09],[138.907,35.06],[138.906,35.007],[138.837,34.973],[138.838,34.944],[138.777,34.939],[138.762,34.969],[138.777,34.971],[138.769,34.984],[138.787,35.03],[138.846,35.014],[138.877,35.027],[138.897,35.021],[138.892,35.032],[138.906,35.048],[138.886,35.047],[138.84,35.099],[138.696,35.145],[138.685,35.144],[138.698,35.135],[138.64,35.117],[138.63,35.133],[138.612,35.129],[138.599,35.144],[138.559,35.158],[138.539,35.152],[138.526,35.166],[138.519,35.191],[138.533,35.2],[138.532,35.225],[138.514,35.262],[138.522,35.283],[138.512,35.313],[138.535,35.332],[138.532,35.409],[138.585,35.441]]]]}},{"type":"Feature","properties":{"name":"静岡県中部"},"geometry":{"type":"MultiPolygon","coordinates":[[[[138.229,35.646],[138.241,35.575],[138.268,35.515],[138.244,35.459],[138.258,35.408],[138.232,35.372],[138.251,35.363],[138.255,35.32],[138.285,35.304],[138.324,35.327],[138.358,35.318],[138.399,35.201],[138.418,35.199],[138.432,35.18],[138.491,35.168],[138.521,35.199],[138.54,35.152],[138.558,35.159],[138.611,35.13],[138.63,35.134],[138.638,35.117],[138.557,35.102],[138.524,35.043],[138.493,35.03],[138.503,34.986],[138.512,34.994],[138.504,35.015],[138.533,35.014],[138.508,34.978],[138.356,34.913],[138.334,34.869],[138.324,34.869],[138.338,34.828],[138.301,34.779],[138.289,34.781],[138.305,34.778],[138.218,34.717],[138.195,34.663],[138.206,34.621],[138.197,34.619],[138.17,34.625],[138.183,34.666],[138.146,34.698],[138.134,34.806],[138.123,34.793],[138.1,34.812],[138.094,34.839],[138.047,34.86],[138.057,34.907],[138.013,34.94],[138.011,34.981],[138.036,34.999],[138.014,35.024],[138.047,35.039],[138.039,35.068],[138.059,35.105],[138.0,35.146],[138.036,35.227],[138.001,35.261],[138.038,35.333],[138.061,35.347],[138.096,35.34],[138.097,35.354],[138.142,35.37],[138.152,35.398],[138.135,35.408],[138.139,35.423],[138.121,35.429],[138.119,35.446],[138.122,35.456],[138.16,35.467],[138.164,35.493],[138.14,35.501],[138.138,35.522],[138.159,35.545],[138.142,35.555],[138.163,35.581],[138.189,35.577],[138.204,35.632],[138.229,35.646]]]]}},{"type":"Feature","properties":{"name":"静岡県西部"},"geometry":{"type":"MultiPolygon","coordinates":[[[[138.009,35.304],[138.018,35.295],[138.001,35.261],[138.036,35.228],[138.036,35.212],[138.0,35.164],[137.999,35.147],[138.011,35.128],[138.035,35.126],[138.059,35.105],[138.039,35.068],[138.047,35.039],[138.014,35.023],[138.035,35.0],[138.012,34.981],[138.013,34.941],[138.058,34.907],[138.048,34.859],[138.094,34.839],[138.101,34.81],[138.123,34.793],[138.134,34.806],[138.146,34.699],[138.183,34.667],[138.17,34.624],[138.21,34.62],[138.233,34.599],[138.191,34.601],[138.086,34.64],[137.97,34.665],[137.9,34.667],[137.907,34.66],[137.799,34.646],[137.581,34.68],[137.485,34.674],[137.492,34.702],[137.474,34.75],[137.5,34.832],[137.552,34.852],[137.586,34.85],[137.598,34.873],[137.639,34.891],[137.659,34.944],[137.707,34.973],[137.701,35.003],[137.717,35.035],[137.775,35.077],[137.779,35.1],[137.801,35.105],[137.793,35.135],[137.806,35.131],[137.815,35.153],[137.829,35.152],[137.825,35.168],[137.804,35.182],[137.828,35.212],[137.874,35.219],[137.896,35.258],[137.919,35.254],[137.93,35.276],[138.009,35.304]]]]}},{"type":"Feature","properties":{"name":"愛知県東部"},"geometry":{"type":"MultiPolygon","coordinates":[[[[137.686,35.231],[137.759,35.222],[137.774,35.203],[137.838,35.213],[137.803,35.184],[137.829,35.152],[137.814,35.152],[137.806,35.131],[137.793,35.135],[137.801,35.105],[137.778,35.098],[137.775,35.077],[137.719,35.036],[137.701,35.004],[137.707,34.972],[137.659,34.944],[137.639,34.891],[137.597,34.872],[137.587,34.85],[137.552,34.852],[137.501,34.832],[137.474,34.75],[137.492,34.703],[137.484,34.674],[137.308,34.64],[137.142,34.59],[137.015,34.58],[137.07,34.662],[137.091,34.657],[137.086,34.647],[137.106,34.643],[137.103,34.633],[137.12,34.635],[137.14,34.645],[137.127,34.655],[137.226,34.677],[137.243,34.689],[137.233,34.699],[137.245,34.708],[137.261,34.696],[137.258,34.716],[137.285,34.731],[137.301,34.727],[137.301,34.696],[137.287,34.681],[137.311,34.682],[137.309,34.693],[137.325,34.701],[137.309,34.702],[137.309,34.725],[137.352,34.727],[137.321,34.733],[137.321,34.771],[137.331,34.781],[137.309,34.779],[137.31,34.805],[137.252,34.805],[137.217,34.823],[137.214,34.803],[137.195,34.81],[137.189,34.776],[137.175,34.765],[137.165,34.816],[137.199,34.825],[137.193,34.848],[137.211,34.867],[137.256,34.861],[137.266,34.884],[137.303,34.878],[137.35,34.898],[137.361,34.886],[137.377,34.893],[137.396,34.884],[137.421,34.91],[137.402,34.948],[137.408,34.957],[137.391,34.965],[137.406,34.979],[137.384,34.989],[137.407,35.012],[137.426,35.009],[137.43,35.052],[137.446,35.072],[137.429,35.104],[137.444,35.111],[137.444,35.137],[137.474,35.148],[137.462,35.16],[137.488,35.194],[137.502,35.197],[137.5,35.185],[137.519,35.178],[137.539,35.191],[137.575,35.185],[137.579,35.198],[137.644,35.209],[137.656,35.228],[137.686,35.231]]]]}},{"type":"Feature","properties":{"name":"愛知県西部"},"geometry":{"type":"MultiPolygon","coordinates":[[[[136.806,34.878],[136.824,34.857],[136.81,34.839],[136.806,34.878]]],[[[136.831,35.049],[136.839,35.03],[136.811,35.027],[136.808,35.048],[136.831,35.049]]],[[[136.989,35.422],[136.978,35.404],[137.003,35.381],[137.047,35.365],[137.047,35.337],[137.068,35.335],[137.064,35.318],[137.081,35.292],[137.103,35.302],[137.145,35.28],[137.165,35.283],[137.177,35.26],[137.199,35.252],[137.275,35.29],[137.308,35.291],[137.345,35.273],[137.345,35.258],[137.383,35.26],[137.387,35.241],[137.418,35.24],[137.43,35.223],[137.505,35.263],[137.521,35.284],[137.567,35.29],[137.546,35.253],[137.579,35.219],[137.581,35.192],[137.519,35.178],[137.49,35.195],[137.463,35.161],[137.474,35.146],[137.444,35.136],[137.445,35.112],[137.43,35.104],[137.446,35.072],[137.43,35.051],[137.435,35.03],[137.426,35.009],[137.408,35.013],[137.385,34.99],[137.405,34.979],[137.391,34.966],[137.408,34.957],[137.402,34.948],[137.421,34.915],[137.398,34.885],[137.351,34.898],[137.303,34.878],[137.269,34.885],[137.256,34.86],[137.214,34.868],[137.194,34.849],[137.199,34.825],[137.164,34.815],[137.168,34.785],[137.106,34.791],[137.092,34.776],[137.075,34.787],[137.032,34.775],[136.999,34.815],[136.964,34.824],[136.954,34.848],[136.984,34.895],[136.981,34.957],[136.964,34.876],[136.936,34.878],[136.945,34.868],[136.928,34.866],[136.935,34.83],[136.922,34.829],[136.938,34.821],[136.921,34.812],[136.915,34.772],[136.966,34.732],[136.973,34.696],[136.889,34.721],[136.84,34.764],[136.866,34.839],[136.838,34.883],[136.831,34.872],[136.821,34.886],[136.821,34.966],[136.839,34.98],[136.825,34.994],[136.837,34.987],[136.854,35.002],[136.849,35.011],[136.867,35.005],[136.856,35.023],[136.87,35.042],[136.889,35.042],[136.879,35.047],[136.885,35.074],[136.896,35.077],[136.892,35.093],[136.868,35.088],[136.863,35.07],[136.855,35.078],[136.856,35.057],[136.843,35.059],[136.847,35.083],[136.827,35.082],[136.819,35.066],[136.833,35.064],[136.83,35.05],[136.797,35.051],[136.8,35.029],[136.782,35.034],[136.797,35.012],[136.771,35.022],[136.75,35.08],[136.676,35.129],[136.671,35.174],[136.683,35.2],[136.678,35.243],[136.769,35.367],[136.834,35.356],[136.865,35.373],[136.924,35.38],[136.961,35.399],[136.964,35.42],[136.989,35.422]]]]}},{"type":"Feature","properties":{"name":"三重県北部"},"geometry":{"type":"MultiPolygon","coordinates":[[[[136.673,34.998],[136.662,34.995],[136.677,34.987],[136.666,34.974],[136.65,34.977],[136.652,34.992],[136.673,34.998]]],[[[136.531,35.257],[136.548,35.22],[136.603,35.178],[136.616,35.15],[136.644,35.144],[136.651,35.163],[136.669,35.134],[136.75,35.08],[136.773,35.024],[136.75,35.036],[136.656,34.998],[136.635,34.95],[136.641,34.939],[136.648,34.947],[136.667,34.938],[136.646,34.934],[136.647,34.904],[136.618,34.855],[136.57,34.805],[136.525,34.813],[136.49,34.799],[136.45,34.811],[136.423,34.844],[136.372,34.82],[136.325,34.821],[136.312,34.807],[136.273,34.812],[136.267,34.818],[136.29,34.842],[136.278,34.859],[136.285,34.87],[136.366,34.905],[136.373,34.942],[136.416,34.981],[136.418,35.049],[136.441,35.066],[136.447,35.123],[136.436,35.131],[136.455,35.161],[136.409,35.187],[136.415,35.219],[136.431,35.229],[136.442,35.217],[136.465,35.237],[136.506,35.235],[136.531,35.257]]]]}},{"type":"Feature","properties":{"name":"三重県中部"},"geometry":{"type":"MultiPolygon","coordinates":[[[[136.113,34.9],[136.131,34.883],[136.178,34.887],[136.227,34.861],[136.254,34.858],[136.28,34.873],[136.29,34.842],[136.267,34.817],[136.278,34.81],[136.374,34.82],[136.423,34.844],[136.45,34.811],[136.492,34.799],[136.512,34.812],[136.568,34.807],[136.539,34.764],[136.522,34.703],[136.525,34.683],[136.558,34.671],[136.549,34.63],[136.529,34.611],[136.562,34.616],[136.647,34.589],[136.66,34.561],[136.645,34.537],[136.66,34.52],[136.614,34.517],[136.579,34.48],[136.579,34.452],[136.508,34.455],[136.454,34.421],[136.377,34.403],[136.275,34.407],[136.257,34.386],[136.271,34.369],[136.253,34.355],[136.194,34.345],[136.187,34.324],[136.158,34.314],[136.109,34.329],[136.086,34.379],[136.07,34.389],[136.089,34.429],[136.13,34.445],[136.207,34.449],[136.23,34.493],[136.215,34.501],[136.216,34.529],[136.168,34.52],[136.171,34.536],[136.155,34.56],[136.115,34.546],[136.047,34.585],[136.073,34.636],[136.04,34.661],[136.065,34.653],[136.086,34.676],[136.074,34.698],[136.054,34.704],[136.07,34.712],[136.068,34.724],[136.029,34.757],[136.034,34.779],[136.02,34.79],[136.09,34.812],[136.087,34.838],[136.105,34.841],[136.126,34.87],[136.099,34.871],[136.085,34.887],[136.113,34.9]]]]}},{"type":"Feature","properties":{"name":"三重県南部"},"geometry":{"type":"MultiPolygon","coordinates":[[[[136.904,34.503],[136.907,34.49],[136.888,34.478],[136.873,34.484],[136.904,34.503]]],[[[136.899,34.539],[136.903,34.519],[136.847,34.508],[136.899,34.539]]],[[[136.661,34.565],[136.773,34.51],[136.81,34.508],[136.818,34.484],[136.832,34.506],[136.847,34.481],[136.877,34.475],[136.864,34.46],[136.884,34.45],[136.876,34.43],[136.896,34.453],[136.925,34.444],[136.913,34.376],[136.888,34.392],[136.881,34.38],[136.87,34.387],[136.877,34.371],[136.857,34.364],[136.813,34.367],[136.827,34.353],[136.846,34.37],[136.852,34.356],[136.864,34.364],[136.866,34.343],[136.906,34.368],[136.878,34.335],[136.901,34.278],[136.869,34.273],[136.847,34.247],[136.766,34.26],[136.75,34.27],[136.788,34.278],[136.812,34.264],[136.829,34.271],[136.829,34.259],[136.849,34.273],[136.859,34.265],[136.86,34.28],[136.833,34.271],[136.828,34.285],[136.866,34.288],[136.849,34.291],[136.851,34.301],[136.83,34.298],[136.848,34.314],[136.806,34.308],[136.808,34.328],[136.792,34.309],[136.811,34.299],[136.798,34.29],[136.778,34.292],[136.778,34.314],[136.762,34.316],[136.753,34.298],[136.765,34.291],[136.721,34.304],[136.688,34.284],[136.7,34.326],[136.709,34.317],[136.704,34.329],[136.716,34.323],[136.73,34.334],[136.698,34.349],[136.682,34.324],[136.688,34.336],[136.678,34.337],[136.69,34.346],[136.665,34.346],[136.656,34.341],[136.673,34.325],[136.658,34.328],[136.637,34.31],[136.677,34.316],[136.65,34.291],[136.66,34.289],[136.605,34.259],[136.586,34.258],[136.58,34.275],[136.59,34.271],[136.572,34.275],[136.595,34.281],[136.591,34.295],[136.558,34.285],[136.559,34.276],[136.549,34.282],[136.558,34.268],[136.548,34.25],[136.538,34.256],[136.541,34.278],[136.527,34.26],[136.531,34.273],[136.507,34.279],[136.519,34.241],[136.493,34.258],[136.504,34.244],[136.486,34.239],[136.51,34.231],[136.496,34.225],[136.481,34.22],[136.463,34.233],[136.473,34.248],[136.466,34.257],[136.441,34.248],[136.455,34.242],[136.453,34.22],[136.399,34.203],[136.391,34.219],[136.364,34.189],[136.35,34.195],[136.353,34.212],[136.323,34.196],[136.341,34.2],[136.334,34.181],[136.304,34.18],[136.289,34.157],[136.278,34.16],[136.286,34.149],[136.277,34.138],[136.293,34.127],[136.284,34.119],[136.315,34.115],[136.296,34.086],[136.29,34.097],[136.267,34.082],[136.274,34.102],[136.257,34.087],[136.25,34.094],[136.275,34.121],[136.269,34.129],[136.228,34.101],[136.236,34.087],[136.201,34.077],[136.21,34.063],[136.252,34.062],[136.245,34.038],[136.281,34.022],[136.243,34.015],[136.272,34.005],[136.257,33.997],[136.273,33.986],[136.271,33.972],[136.238,33.969],[136.237,33.982],[136.252,33.985],[136.211,34.0],[136.215,33.984],[136.192,33.972],[136.203,33.963],[136.222,33.974],[136.232,33.946],[136.218,33.948],[136.21,33.931],[136.201,33.945],[136.181,33.939],[136.197,33.936],[136.199,33.921],[136.18,33.913],[136.149,33.931],[136.152,33.913],[136.139,33.909],[136.149,33.898],[136.134,33.899],[136.131,33.885],[136.118,33.899],[136.099,33.884],[136.057,33.825],[136.012,33.724],[135.981,33.737],[135.974,33.723],[135.942,33.735],[135.938,33.757],[135.907,33.767],[135.892,33.801],[135.857,33.818],[135.854,33.863],[135.861,33.876],[135.873,33.859],[135.88,33.872],[135.898,33.871],[135.901,33.885],[135.893,33.893],[135.885,33.884],[135.879,33.908],[135.895,33.906],[135.895,33.921],[135.933,33.917],[135.918,33.923],[135.929,33.941],[135.967,33.928],[135.978,33.967],[135.999,33.956],[136.012,33.967],[135.996,34.0],[136.019,34.037],[136.104,34.028],[136.094,34.083],[136.118,34.082],[136.1,34.12],[136.115,34.16],[136.109,34.184],[136.093,34.19],[136.118,34.214],[136.11,34.228],[136.131,34.251],[136.096,34.303],[136.188,34.324],[136.186,34.34],[136.207,34.35],[136.253,34.355],[136.271,34.369],[136.257,34.383],[136.273,34.407],[136.376,34.403],[136.454,34.421],[136.499,34.439],[136.508,34.455],[136.578,34.452],[136.582,34.485],[136.614,34.518],[136.66,34.52],[136.645,34.537],[136.661,34.565]]]]}},{"type":"Feature","properties":{"name":"滋賀県北部"},"geometry":{"type":"MultiPolygon","coordinates":[[[[136.176,35.703],[136.28,35.661],[136.288,35.621],[136.323,35.617],[136.318,35.547],[136.338,35.55],[136.346,35.536],[136.374,35.559],[136.405,35.514],[136.387,35.489],[136.42,35.467],[136.426,35.448],[136.412,35.419],[136.444,35.389],[136.413,35.371],[136.411,35.354],[136.422,35.349],[136.391,35.29],[136.396,35.258],[136.378,35.244],[136.416,35.217],[136.417,35.203],[136.408,35.187],[136.389,35.197],[136.377,35.186],[136.391,35.15],[136.355,35.131],[136.32,35.139],[136.304,35.157],[136.205,35.148],[136.193,35.189],[136.112,35.216],[136.079,35.261],[136.017,35.232],[135.984,35.272],[135.956,35.277],[135.928,35.258],[135.858,35.289],[135.834,35.275],[135.809,35.316],[135.764,35.345],[135.791,35.386],[135.807,35.385],[135.814,35.413],[135.853,35.412],[135.861,35.395],[135.891,35.404],[135.893,35.42],[135.914,35.432],[135.916,35.471],[135.94,35.52],[135.981,35.487],[136.009,35.495],[136.026,35.529],[136.069,35.526],[136.083,35.541],[136.105,35.529],[136.113,35.583],[136.169,35.565],[136.177,35.596],[136.15,35.659],[136.135,35.669],[136.151,35.698],[136.176,35.703]]]]}},{"type":"Feature","properties":{"name":"滋賀県南部"},"geometry":{"type":"MultiPolygon","coordinates":[[[[135.885,35.284],[135.928,35.258],[135.956,35.277],[135.983,35.272],[136.016,35.231],[136.079,35.261],[136.112,35.217],[136.192,35.19],[136.214,35.145],[136.227,35.144],[136.233,35.16],[136.246,35.151],[136.303,35.157],[136.319,35.138],[136.354,35.132],[136.391,35.151],[136.375,35.177],[136.39,35.196],[136.452,35.166],[136.455,35.153],[136.436,35.131],[136.448,35.124],[136.441,35.065],[136.416,35.042],[136.424,35.029],[136.416,34.981],[136.374,34.943],[136.365,34.905],[136.25,34.858],[136.19,34.873],[136.179,34.886],[136.132,34.883],[136.111,34.902],[136.085,34.878],[136.123,34.872],[136.126,34.862],[136.086,34.838],[136.091,34.812],[136.028,34.791],[136.012,34.796],[136.029,34.817],[136.005,34.826],[136.004,34.844],[135.97,34.838],[135.962,34.854],[135.946,34.852],[135.941,34.893],[135.901,34.872],[135.886,34.876],[135.863,34.902],[135.879,34.947],[135.853,34.971],[135.849,34.992],[135.827,34.991],[135.837,35.001],[135.82,35.014],[135.836,35.013],[135.834,35.022],[135.815,35.045],[135.836,35.059],[135.857,35.154],[135.83,35.216],[135.835,35.241],[135.859,35.282],[135.885,35.284]]]]}},{"type":"Feature","properties":{"name":"京都府北部"},"geometry":{"type":"MultiPolygon","coordinates":[[[[135.224,35.779],[135.255,35.759],[135.257,35.745],[135.274,35.743],[135.286,35.705],[135.308,35.694],[135.303,35.662],[135.288,35.676],[135.264,35.664],[135.245,35.62],[135.19,35.566],[135.191,35.543],[135.206,35.54],[135.205,35.56],[135.256,35.599],[135.251,35.57],[135.275,35.56],[135.254,35.552],[135.243,35.561],[135.242,35.538],[135.29,35.516],[135.311,35.512],[135.323,35.525],[135.332,35.516],[135.318,35.451],[135.347,35.475],[135.347,35.493],[135.378,35.491],[135.372,35.477],[135.398,35.479],[135.394,35.517],[135.381,35.503],[135.344,35.504],[135.34,35.55],[135.348,35.543],[135.38,35.562],[135.426,35.567],[135.434,35.59],[135.463,35.603],[135.45,35.571],[135.485,35.558],[135.461,35.548],[135.449,35.526],[135.476,35.506],[135.458,35.468],[135.498,35.437],[135.502,35.42],[135.526,35.421],[135.535,35.374],[135.501,35.361],[135.499,35.343],[135.428,35.342],[135.368,35.292],[135.32,35.274],[135.324,35.255],[135.288,35.232],[135.3,35.211],[135.284,35.198],[135.288,35.172],[135.232,35.177],[135.207,35.161],[135.187,35.173],[135.198,35.202],[135.155,35.226],[135.167,35.242],[135.157,35.261],[135.109,35.266],[135.068,35.237],[135.057,35.264],[135.011,35.269],[134.999,35.29],[134.922,35.314],[134.919,35.364],[134.933,35.407],[134.96,35.409],[134.991,35.386],[135.03,35.41],[135.049,35.408],[135.05,35.45],[135.035,35.477],[135.043,35.492],[135.033,35.497],[135.043,35.518],[135.029,35.54],[134.961,35.513],[134.927,35.513],[134.915,35.545],[134.854,35.588],[134.874,35.62],[134.87,35.659],[134.885,35.657],[134.884,35.646],[134.932,35.649],[134.964,35.663],[134.986,35.693],[135.026,35.69],[135.061,35.708],[135.086,35.74],[135.208,35.764],[135.224,35.779]]]]}},{"type":"Feature","properties":{"name":"京都府南部"},"geometry":{"type":"MultiPolygon","coordinates":[[[[135.555,35.377],[135.641,35.366],[135.701,35.344],[135.769,35.355],[135.764,35.344],[135.808,35.317],[135.829,35.277],[135.858,35.288],[135.829,35.22],[135.857,35.154],[135.834,35.055],[135.815,35.046],[135.836,35.013],[135.82,35.013],[135.836,35.001],[135.827,34.992],[135.85,34.991],[135.852,34.972],[135.879,34.947],[135.863,34.904],[135.885,34.876],[135.9,34.871],[135.94,34.894],[135.947,34.851],[135.961,34.855],[135.97,34.838],[136.003,34.844],[136.005,34.827],[136.027,34.822],[136.011,34.797],[136.034,34.779],[136.029,34.757],[136.054,34.739],[136.029,34.707],[135.986,34.716],[135.972,34.742],[135.924,34.741],[135.926,34.758],[135.89,34.708],[135.756,34.728],[135.73,34.766],[135.746,34.803],[135.707,34.85],[135.692,34.853],[135.675,34.9],[135.648,34.91],[135.651,34.923],[135.634,34.934],[135.599,34.929],[135.618,34.958],[135.614,34.97],[135.572,34.97],[135.579,34.956],[135.557,34.939],[135.582,34.936],[135.573,34.917],[135.541,34.916],[135.514,34.944],[135.49,34.942],[135.481,34.962],[135.493,34.989],[135.44,35.008],[135.382,35.01],[135.369,35.055],[135.403,35.088],[135.388,35.097],[135.39,35.128],[135.342,35.136],[135.341,35.15],[135.28,35.147],[135.292,35.161],[135.283,35.198],[135.3,35.21],[135.288,35.232],[135.324,35.255],[135.32,35.274],[135.367,35.292],[135.428,35.342],[135.498,35.342],[135.501,35.361],[135.555,35.377]]]]}},{"type":"Feature","properties":{"name":"大阪府北部"},"geometry":{"type":"MultiPolygon","coordinates":[[[[135.417,34.645],[135.438,34.642],[135.442,34.629],[135.423,34.622],[135.408,34.628],[135.412,34.637],[135.397,34.629],[135.417,34.645]]],[[[135.357,35.05],[135.38,35.039],[135.383,35.01],[135.437,35.008],[135.493,34.989],[135.482,34.949],[135.514,34.944],[135.542,34.915],[135.581,34.922],[135.581,34.937],[135.558,34.934],[135.563,34.954],[135.579,34.956],[135.572,34.97],[135.612,34.971],[135.618,34.958],[135.601,34.928],[135.63,34.935],[135.649,34.925],[135.649,34.91],[135.683,34.888],[135.695,34.849],[135.707,34.849],[135.746,34.804],[135.728,34.777],[135.711,34.781],[135.71,34.754],[135.697,34.744],[135.703,34.723],[135.673,34.702],[135.678,34.677],[135.65,34.608],[135.675,34.602],[135.682,34.585],[135.655,34.548],[135.622,34.553],[135.627,34.578],[135.614,34.588],[135.537,34.599],[135.503,34.586],[135.423,34.612],[135.441,34.626],[135.447,34.616],[135.451,34.645],[135.42,34.66],[135.416,34.652],[135.426,34.668],[135.408,34.672],[135.421,34.679],[135.407,34.697],[135.447,34.719],[135.46,34.747],[135.443,34.79],[135.416,34.816],[135.418,34.851],[135.431,34.857],[135.446,34.896],[135.432,34.892],[135.419,34.908],[135.468,34.927],[135.393,34.941],[135.383,34.956],[135.346,34.966],[135.359,34.982],[135.354,35.024],[135.331,35.035],[135.357,35.05]]]]}},{"type":"Feature","properties":{"name":"大阪府南部"},"geometry":{"type":"MultiPolygon","coordinates":[[[[135.233,34.434],[135.256,34.446],[135.265,34.438],[135.229,34.414],[135.219,34.422],[135.229,34.431],[135.201,34.428],[135.242,34.455],[135.254,34.451],[135.233,34.434]]],[[[135.438,34.556],[135.422,34.525],[135.4,34.536],[135.409,34.555],[135.42,34.538],[135.438,34.556]]],[[[135.459,34.605],[135.501,34.586],[135.543,34.599],[135.627,34.578],[135.622,34.552],[135.637,34.557],[135.677,34.525],[135.687,34.45],[135.665,34.424],[135.675,34.399],[135.655,34.384],[135.577,34.376],[135.509,34.337],[135.485,34.363],[135.397,34.331],[135.338,34.335],[135.331,34.317],[135.305,34.314],[135.293,34.299],[135.283,34.317],[135.254,34.316],[135.226,34.301],[135.208,34.308],[135.204,34.288],[135.184,34.279],[135.11,34.273],[135.097,34.296],[135.106,34.309],[135.092,34.315],[135.218,34.345],[135.287,34.396],[135.295,34.415],[135.32,34.422],[135.351,34.463],[135.353,34.451],[135.363,34.472],[135.37,34.468],[135.365,34.48],[135.377,34.475],[135.379,34.511],[135.368,34.519],[135.378,34.532],[135.39,34.505],[135.444,34.551],[135.41,34.558],[135.402,34.6],[135.422,34.57],[135.426,34.59],[135.451,34.565],[135.45,34.583],[135.466,34.584],[135.451,34.588],[135.463,34.592],[135.433,34.59],[135.424,34.605],[135.459,34.605]]]]}},{"type":"Feature","properties":{"name":"兵庫県北部"},"geometry":{"type":"MultiPolygon","coordinates":[[[[134.764,35.675],[134.765,35.661],[134.799,35.67],[134.837,35.657],[134.84,35.643],[134.867,35.659],[134.874,35.621],[134.854,35.589],[134.915,35.545],[134.929,35.512],[135.037,35.539],[135.045,35.509],[135.033,35.498],[135.043,35.492],[135.035,35.475],[135.051,35.444],[135.049,35.408],[135.03,35.41],[135.001,35.387],[134.947,35.413],[134.933,35.407],[134.917,35.341],[134.928,35.33],[134.921,35.316],[134.939,35.302],[134.903,35.254],[134.909,35.233],[134.899,35.227],[134.915,35.205],[134.845,35.162],[134.827,35.136],[134.791,35.143],[134.775,35.126],[134.767,35.146],[134.756,35.137],[134.73,35.146],[134.718,35.179],[134.728,35.192],[134.699,35.214],[134.694,35.249],[134.682,35.242],[134.653,35.254],[134.628,35.281],[134.604,35.266],[134.585,35.275],[134.58,35.296],[134.507,35.338],[134.514,35.353],[134.503,35.366],[134.473,35.377],[134.48,35.428],[134.44,35.443],[134.43,35.504],[134.413,35.515],[134.422,35.563],[134.408,35.565],[134.408,35.589],[134.37,35.614],[134.433,35.621],[134.439,35.636],[134.453,35.629],[134.538,35.67],[134.56,35.651],[134.607,35.656],[134.616,35.639],[134.657,35.665],[134.666,35.665],[134.662,35.648],[134.688,35.665],[134.704,35.653],[134.707,35.666],[134.758,35.661],[134.764,35.675]]]]}},{"type":"Feature","properties":{"name":"兵庫県南東部"},"geometry":{"type":"MultiPolygon","coordinates":[[[[135.22,34.683],[135.218,34.673],[135.232,34.674],[135.221,34.667],[135.245,34.671],[135.228,34.658],[135.249,34.651],[135.204,34.656],[135.202,34.676],[135.22,34.683]]],[[[135.281,34.697],[135.291,34.682],[135.254,34.678],[135.254,34.694],[135.281,34.697]]],[[[134.945,34.662],[134.844,34.721],[134.829,34.71],[134.832,34.698],[134.809,34.718],[134.815,34.731],[134.807,34.718],[134.811,34.73],[134.79,34.747],[134.758,34.751],[134.767,34.782],[134.759,34.793],[134.75,34.774],[134.743,34.798],[134.772,34.806],[134.779,34.818],[134.764,34.825],[134.775,34.838],[134.805,34.844],[134.795,34.865],[134.813,34.867],[134.786,34.889],[134.796,34.953],[134.848,35.022],[134.836,35.065],[134.855,35.089],[134.854,35.113],[134.903,35.161],[134.902,35.194],[134.918,35.211],[134.9,35.226],[134.909,35.233],[134.903,35.254],[134.941,35.309],[135.0,35.29],[135.01,35.27],[135.056,35.264],[135.069,35.238],[135.109,35.266],[135.157,35.261],[135.167,35.241],[135.155,35.227],[135.198,35.202],[135.187,35.173],[135.205,35.161],[135.233,35.177],[135.273,35.177],[135.29,35.171],[135.279,35.15],[135.288,35.143],[135.34,35.15],[135.343,35.136],[135.39,35.129],[135.4,35.076],[135.377,35.065],[135.371,35.045],[135.35,35.051],[135.331,35.036],[135.355,35.025],[135.359,34.984],[135.345,34.967],[135.393,34.941],[135.469,34.926],[135.419,34.909],[135.431,34.892],[135.446,34.897],[135.431,34.856],[135.417,34.852],[135.416,34.818],[135.443,34.791],[135.46,34.733],[135.392,34.68],[135.374,34.679],[135.401,34.699],[135.369,34.683],[135.374,34.693],[135.355,34.696],[135.364,34.705],[135.337,34.727],[135.293,34.721],[135.285,34.704],[135.23,34.7],[135.238,34.693],[135.219,34.695],[135.204,34.679],[135.191,34.686],[135.178,34.668],[135.187,34.666],[135.177,34.663],[135.184,34.65],[135.057,34.624],[135.019,34.643],[134.966,34.644],[134.945,34.662]]]]}},{"type":"Feature","properties":{"name":"兵庫県南西部"},"geometry":{"type":"MultiPolygon","coordinates":[[[[134.487,34.672],[134.5,34.645],[134.458,34.646],[134.463,34.664],[134.482,34.658],[134.487,34.672]]],[[[134.573,34.677],[134.591,34.666],[134.575,34.651],[134.562,34.668],[134.573,34.677]]],[[[134.536,34.687],[134.528,34.678],[134.546,34.68],[134.542,34.658],[134.508,34.677],[134.536,34.687]]],[[[134.525,35.325],[134.58,35.296],[134.6,35.267],[134.628,35.281],[134.655,35.253],[134.668,35.256],[134.682,35.242],[134.694,35.249],[134.698,35.215],[134.727,35.194],[134.718,35.179],[134.731,35.146],[134.754,35.137],[134.768,35.145],[134.774,35.126],[134.79,35.142],[134.826,35.135],[134.888,35.195],[134.905,35.192],[134.904,35.161],[134.853,35.113],[134.856,35.09],[134.836,35.065],[134.848,35.022],[134.796,34.953],[134.786,34.888],[134.813,34.867],[134.795,34.866],[134.804,34.844],[134.765,34.83],[134.779,34.818],[134.765,34.797],[134.743,34.801],[134.75,34.774],[134.757,34.794],[134.766,34.783],[134.759,34.759],[134.708,34.777],[134.686,34.778],[134.68,34.767],[134.66,34.774],[134.664,34.785],[134.65,34.771],[134.657,34.788],[134.646,34.767],[134.629,34.764],[134.643,34.783],[134.623,34.784],[134.629,34.775],[134.612,34.768],[134.605,34.779],[134.566,34.757],[134.528,34.783],[134.505,34.762],[134.5,34.774],[134.473,34.756],[134.466,34.809],[134.463,34.763],[134.451,34.754],[134.456,34.768],[134.432,34.766],[134.433,34.747],[134.411,34.728],[134.374,34.731],[134.359,34.751],[134.353,34.745],[134.364,34.741],[134.338,34.738],[134.322,34.722],[134.313,34.738],[134.335,34.769],[134.316,34.781],[134.317,34.802],[134.287,34.829],[134.264,34.827],[134.253,34.851],[134.264,34.885],[134.295,34.904],[134.254,34.938],[134.286,34.995],[134.265,35.015],[134.282,35.037],[134.316,35.043],[134.319,35.083],[134.35,35.091],[134.367,35.147],[134.412,35.153],[134.412,35.185],[134.383,35.195],[134.382,35.221],[134.403,35.241],[134.434,35.23],[134.464,35.238],[134.515,35.278],[134.505,35.337],[134.525,35.325]]]]}},{"type":"Feature","properties":{"name":"兵庫県淡路島"},"geometry":{"type":"MultiPolygon","coordinates":[[[[135.004,34.608],[135.024,34.574],[134.995,34.545],[134.989,34.512],[134.895,34.416],[134.894,34.353],[134.944,34.298],[134.952,34.267],[134.846,34.231],[134.797,34.198],[134.734,34.189],[134.73,34.208],[134.7,34.221],[134.723,34.255],[134.701,34.242],[134.659,34.241],[134.676,34.255],[134.654,34.294],[134.673,34.317],[134.687,34.331],[134.707,34.321],[134.73,34.33],[134.798,34.448],[134.818,34.469],[134.842,34.472],[134.878,34.525],[134.936,34.55],[134.976,34.598],[135.004,34.608]]]]}},{"type":"Feature","properties":{"name":"奈良県"},"geometry":{"type":"MultiPolygon","coordinates":[[[[135.713,34.781],[135.728,34.777],[135.755,34.728],[135.851,34.706],[135.889,34.709],[135.926,34.758],[135.925,34.741],[135.976,34.741],[135.986,34.716],[136.015,34.708],[136.029,34.706],[136.055,34.738],[136.071,34.715],[136.054,34.704],[136.075,34.698],[136.086,34.676],[136.064,34.652],[136.04,34.662],[136.074,34.635],[136.047,34.601],[136.05,34.581],[136.114,34.546],[136.156,34.559],[136.171,34.537],[136.168,34.521],[136.216,34.528],[136.215,34.501],[136.23,34.492],[136.206,34.449],[136.096,34.435],[136.07,34.395],[136.102,34.337],[136.129,34.317],[136.095,34.302],[136.131,34.253],[136.11,34.228],[136.118,34.214],[136.093,34.19],[136.108,34.185],[136.114,34.161],[136.1,34.119],[136.118,34.083],[136.094,34.083],[136.104,34.027],[136.02,34.037],[135.984,33.992],[135.922,33.979],[135.892,33.946],[135.909,33.919],[135.894,33.92],[135.893,33.906],[135.866,33.92],[135.86,33.89],[135.882,33.88],[135.871,33.859],[135.852,33.894],[135.809,33.906],[135.756,33.885],[135.724,33.903],[135.685,33.904],[135.662,33.898],[135.648,33.877],[135.618,33.872],[135.622,33.898],[135.6,33.908],[135.617,33.954],[135.637,33.951],[135.639,33.984],[135.623,34.009],[135.594,34.013],[135.599,34.034],[135.58,34.058],[135.54,34.075],[135.547,34.099],[135.578,34.116],[135.589,34.148],[135.621,34.158],[135.642,34.184],[135.642,34.214],[135.67,34.225],[135.709,34.209],[135.73,34.23],[135.717,34.265],[135.674,34.281],[135.651,34.382],[135.676,34.4],[135.665,34.423],[135.687,34.451],[135.676,34.526],[135.65,34.544],[135.681,34.584],[135.676,34.601],[135.651,34.609],[135.678,34.677],[135.673,34.701],[135.704,34.723],[135.698,34.748],[135.71,34.754],[135.713,34.781]]]]}},{"type":"Feature","properties":{"name":"和歌山県北部"},"geometry":{"type":"MultiPolygon","coordinates":[[[[135.621,34.384],[135.651,34.382],[135.674,34.28],[135.716,34.266],[135.73,34.228],[135.709,34.208],[135.67,34.225],[135.642,34.214],[135.641,34.183],[135.622,34.159],[135.588,34.147],[135.578,34.116],[135.547,34.1],[135.54,34.075],[135.548,34.068],[135.535,34.051],[135.506,34.044],[135.508,34.025],[135.538,34.011],[135.53,33.999],[135.547,33.974],[135.542,33.963],[135.468,33.936],[135.424,33.945],[135.398,33.93],[135.393,33.896],[135.429,33.88],[135.428,33.864],[135.464,33.853],[135.461,33.839],[135.391,33.838],[135.349,33.81],[135.346,33.767],[135.329,33.742],[135.314,33.769],[135.235,33.782],[135.236,33.798],[135.186,33.819],[135.141,33.885],[135.114,33.893],[135.057,33.881],[135.06,33.905],[135.084,33.911],[135.068,33.932],[135.117,33.96],[135.08,33.956],[135.086,33.969],[135.068,33.977],[135.151,34.007],[135.137,34.017],[135.172,34.028],[135.135,34.065],[135.079,34.073],[135.111,34.097],[135.116,34.12],[135.145,34.111],[135.125,34.136],[135.17,34.133],[135.21,34.15],[135.184,34.148],[135.193,34.158],[135.183,34.158],[135.178,34.187],[135.18,34.17],[135.165,34.187],[135.141,34.188],[135.137,34.202],[135.15,34.2],[135.135,34.214],[135.144,34.219],[135.128,34.217],[135.14,34.225],[135.1,34.236],[135.133,34.23],[135.121,34.243],[135.062,34.263],[135.074,34.306],[135.106,34.309],[135.097,34.297],[135.111,34.272],[135.147,34.284],[135.152,34.275],[135.184,34.279],[135.205,34.289],[135.208,34.307],[135.225,34.301],[135.282,34.317],[135.296,34.3],[135.305,34.314],[135.331,34.317],[135.338,34.335],[135.396,34.331],[135.485,34.363],[135.507,34.336],[135.577,34.376],[135.621,34.384]]]]}},{"type":"Feature","properties":{"name":"和歌山県南部"},"geometry":{"type":"MultiPolygon","coordinates":[[[[135.812,33.481],[135.863,33.472],[135.83,33.449],[135.823,33.462],[135.798,33.464],[135.812,33.481]]],[[[135.875,33.918],[135.885,33.884],[135.892,33.894],[135.902,33.883],[135.875,33.862],[135.882,33.88],[135.858,33.897],[135.866,33.922],[135.875,33.918]]],[[[136.007,34.007],[135.996,34.0],[136.013,33.968],[136.0,33.956],[135.977,33.967],[135.968,33.928],[135.929,33.941],[135.917,33.924],[135.932,33.917],[135.899,33.926],[135.894,33.95],[135.922,33.978],[135.975,33.986],[136.007,34.007]]],[[[135.557,34.064],[135.592,34.046],[135.593,34.014],[135.623,34.009],[135.639,33.985],[135.637,33.952],[135.617,33.954],[135.6,33.908],[135.623,33.898],[135.62,33.872],[135.686,33.904],[135.724,33.903],[135.755,33.886],[135.808,33.906],[135.848,33.896],[135.858,33.817],[135.892,33.8],[135.906,33.768],[135.938,33.757],[135.945,33.732],[135.975,33.723],[135.981,33.737],[136.012,33.723],[135.991,33.682],[135.972,33.672],[135.986,33.655],[135.937,33.642],[135.953,33.622],[135.949,33.63],[135.925,33.608],[135.934,33.594],[135.945,33.605],[135.946,33.59],[135.961,33.595],[135.96,33.582],[135.923,33.576],[135.891,33.556],[135.923,33.559],[135.878,33.529],[135.871,33.535],[135.799,33.5],[135.781,33.464],[135.797,33.461],[135.788,33.438],[135.771,33.447],[135.763,33.434],[135.753,33.438],[135.751,33.451],[135.777,33.464],[135.759,33.484],[135.709,33.478],[135.7,33.494],[135.675,33.488],[135.63,33.509],[135.589,33.503],[135.57,33.517],[135.517,33.522],[135.488,33.551],[135.447,33.549],[135.443,33.564],[135.393,33.589],[135.392,33.642],[135.33,33.67],[135.344,33.682],[135.336,33.695],[135.356,33.696],[135.36,33.68],[135.378,33.683],[135.4,33.721],[135.354,33.726],[135.356,33.741],[135.336,33.747],[135.349,33.779],[135.346,33.807],[135.391,33.838],[135.46,33.838],[135.465,33.853],[135.429,33.864],[135.429,33.88],[135.394,33.895],[135.398,33.929],[135.424,33.946],[135.468,33.936],[135.542,33.963],[135.53,33.999],[135.538,34.011],[135.508,34.025],[135.505,34.04],[135.557,34.064]]]]}},{"type":"Feature","properties":{"name":"鳥取県東部"},"geometry":{"type":"MultiPolygon","coordinates":[[[[134.37,35.614],[134.408,35.589],[134.408,35.565],[134.422,35.562],[134.413,35.516],[134.431,35.503],[134.44,35.444],[134.48,35.427],[134.472,35.379],[134.514,35.354],[134.502,35.326],[134.515,35.277],[134.464,35.237],[134.434,35.23],[134.39,35.252],[134.321,35.202],[134.28,35.197],[134.261,35.211],[134.194,35.189],[134.172,35.17],[134.153,35.196],[134.164,35.228],[134.137,35.239],[134.15,35.259],[134.139,35.279],[134.116,35.284],[134.094,35.306],[134.052,35.298],[134.0,35.315],[134.02,35.364],[134.042,35.377],[133.991,35.394],[133.996,35.423],[133.95,35.43],[133.947,35.463],[133.971,35.512],[133.965,35.522],[133.996,35.523],[134.007,35.537],[134.034,35.519],[134.184,35.541],[134.197,35.533],[134.192,35.546],[134.27,35.559],[134.292,35.588],[134.335,35.593],[134.34,35.608],[134.367,35.602],[134.37,35.614]]]]}},{"type":"Feature","properties":{"name":"鳥取県中部"},"geometry":{"type":"MultiPolygon","coordinates":[[[[133.961,35.525],[133.971,35.513],[133.946,35.462],[133.951,35.428],[133.996,35.423],[133.992,35.393],[134.041,35.374],[134.013,35.35],[133.934,35.335],[133.925,35.308],[133.863,35.293],[133.866,35.273],[133.843,35.249],[133.819,35.252],[133.8,35.292],[133.746,35.319],[133.677,35.319],[133.559,35.364],[133.561,35.381],[133.583,35.389],[133.575,35.43],[133.599,35.449],[133.598,35.511],[133.608,35.522],[133.784,35.501],[133.926,35.51],[133.961,35.525]]]]}},{"type":"Feature","properties":{"name":"鳥取県西部"},"geometry":{"type":"MultiPolygon","coordinates":[[[[133.272,35.552],[133.245,35.534],[133.27,35.494],[133.322,35.466],[133.392,35.454],[133.424,35.459],[133.447,35.494],[133.498,35.516],[133.59,35.532],[133.608,35.522],[133.599,35.449],[133.576,35.43],[133.583,35.389],[133.562,35.381],[133.559,35.364],[133.593,35.351],[133.592,35.331],[133.577,35.315],[133.561,35.247],[133.517,35.241],[133.506,35.228],[133.526,35.184],[133.502,35.192],[133.448,35.171],[133.397,35.181],[133.412,35.121],[133.356,35.101],[133.339,35.107],[133.324,35.094],[133.293,35.101],[133.291,35.071],[133.27,35.058],[133.249,35.079],[133.229,35.068],[133.162,35.074],[133.143,35.065],[133.149,35.14],[133.195,35.169],[133.182,35.201],[133.152,35.205],[133.153,35.219],[133.254,35.26],[133.311,35.268],[133.293,35.321],[133.297,35.35],[133.324,35.373],[133.314,35.389],[133.32,35.411],[133.306,35.432],[133.223,35.48],[133.198,35.528],[133.221,35.547],[133.272,35.552]]]]}},{"type":"Feature","properties":{"name":"島根県東部"},"geometry":{"type":"MultiPolygon","coordinates":[[[[133.095,35.604],[133.121,35.579],[133.14,35.581],[133.131,35.576],[133.142,35.561],[133.16,35.572],[133.191,35.562],[133.192,35.58],[133.196,35.567],[133.211,35.567],[133.218,35.581],[133.234,35.579],[133.224,35.571],[133.292,35.578],[133.327,35.568],[133.221,35.547],[133.198,35.528],[133.223,35.48],[133.308,35.431],[133.32,35.412],[133.314,35.387],[133.324,35.374],[133.296,35.349],[133.293,35.32],[133.311,35.268],[133.254,35.26],[133.152,35.218],[133.153,35.204],[133.182,35.201],[133.195,35.17],[133.148,35.14],[133.14,35.076],[133.095,35.085],[133.033,35.068],[132.991,35.101],[132.949,35.076],[132.883,35.105],[132.828,35.062],[132.837,35.048],[132.814,35.041],[132.787,35.004],[132.766,34.997],[132.768,34.983],[132.745,34.976],[132.749,34.96],[132.686,34.951],[132.685,34.965],[132.657,34.969],[132.649,34.984],[132.665,34.987],[132.664,35.008],[132.695,35.029],[132.717,35.023],[132.721,35.051],[132.659,35.085],[132.671,35.118],[132.63,35.136],[132.666,35.171],[132.659,35.2],[132.647,35.21],[132.632,35.202],[132.58,35.235],[132.576,35.271],[132.629,35.288],[132.672,35.356],[132.673,35.399],[132.624,35.418],[132.628,35.434],[132.675,35.448],[132.686,35.441],[132.684,35.451],[132.71,35.441],[132.755,35.448],[132.757,35.457],[132.727,35.47],[132.8,35.484],[132.831,35.505],[132.972,35.516],[132.969,35.544],[133.028,35.539],[133.028,35.554],[133.06,35.565],[133.047,35.578],[133.098,35.58],[133.084,35.6],[133.095,35.604]]]]}},{"type":"Feature","properties":{"name":"島根県西部"},"geometry":{"type":"MultiPolygon","coordinates":[[[[132.575,35.272],[132.581,35.232],[132.631,35.202],[132.648,35.211],[132.666,35.186],[132.666,35.17],[132.629,35.137],[132.672,35.118],[132.658,35.086],[132.722,35.051],[132.717,35.023],[132.687,35.025],[132.664,35.009],[132.665,34.987],[132.649,34.986],[132.657,34.969],[132.684,34.966],[132.685,34.949],[132.633,34.902],[132.701,34.882],[132.71,34.85],[132.681,34.852],[132.668,34.832],[132.616,34.843],[132.539,34.795],[132.455,34.802],[132.436,34.821],[132.398,34.78],[132.374,34.801],[132.335,34.79],[132.318,34.802],[132.298,34.777],[132.28,34.784],[132.277,34.799],[132.242,34.806],[132.243,34.783],[132.225,34.77],[132.222,34.75],[132.131,34.708],[132.161,34.682],[132.116,34.613],[132.125,34.583],[132.084,34.537],[132.051,34.528],[132.037,34.501],[132.06,34.492],[132.068,34.468],[132.025,34.462],[132.016,34.437],[131.998,34.429],[131.99,34.413],[132.012,34.368],[131.974,34.341],[131.961,34.308],[131.92,34.337],[131.9,34.319],[131.887,34.326],[131.881,34.309],[131.82,34.302],[131.777,34.334],[131.763,34.381],[131.785,34.4],[131.796,34.433],[131.697,34.436],[131.699,34.477],[131.682,34.479],[131.668,34.504],[131.707,34.533],[131.703,34.564],[131.727,34.576],[131.718,34.613],[131.695,34.622],[131.691,34.681],[131.747,34.676],[131.849,34.711],[131.871,34.733],[131.865,34.756],[131.89,34.758],[131.929,34.794],[131.926,34.781],[131.946,34.792],[131.955,34.816],[132.008,34.847],[132.007,34.866],[132.037,34.882],[132.057,34.873],[132.056,34.893],[132.069,34.891],[132.064,34.904],[132.082,34.912],[132.073,34.918],[132.105,34.935],[132.112,34.953],[132.183,34.99],[132.235,35.038],[132.31,35.057],[132.332,35.097],[132.345,35.092],[132.341,35.103],[132.388,35.13],[132.381,35.146],[132.404,35.159],[132.418,35.19],[132.575,35.272]]]]}},{"type":"Feature","properties":{"name":"島根県隠岐"},"geometry":{"type":"MultiPolygon","coordinates":[[[[133.004,36.033],[133.073,36.011],[133.061,35.994],[133.042,36.012],[133.038,36.002],[133.009,36.002],[133.004,36.033]]],[[[133.113,36.12],[133.136,36.102],[133.118,36.082],[133.152,36.075],[133.116,36.079],[133.117,36.064],[133.098,36.072],[133.108,36.064],[133.097,36.057],[133.103,36.051],[133.068,36.036],[133.08,36.068],[133.064,36.1],[133.082,36.103],[133.082,36.114],[133.091,36.096],[133.094,36.118],[133.113,36.12]]],[[[133.069,36.143],[133.092,36.137],[133.07,36.114],[133.042,36.11],[133.057,36.083],[133.046,36.061],[133.007,36.075],[133.005,36.106],[133.005,36.093],[132.977,36.084],[132.998,36.039],[132.947,36.064],[132.946,36.079],[132.978,36.114],[133.005,36.108],[133.014,36.138],[133.056,36.127],[133.069,36.143]]],[[[133.279,36.349],[133.308,36.32],[133.321,36.326],[133.325,36.308],[133.363,36.297],[133.363,36.279],[133.386,36.269],[133.373,36.251],[133.368,36.205],[133.34,36.196],[133.351,36.212],[133.343,36.224],[133.336,36.201],[133.306,36.198],[133.335,36.197],[133.34,36.17],[133.29,36.18],[133.288,36.171],[133.28,36.188],[133.278,36.17],[133.259,36.164],[133.259,36.173],[133.25,36.159],[133.249,36.175],[133.23,36.17],[133.245,36.189],[133.223,36.189],[133.208,36.209],[133.184,36.212],[133.193,36.244],[133.177,36.251],[133.188,36.275],[133.181,36.288],[133.205,36.281],[133.199,36.287],[133.216,36.29],[133.191,36.29],[133.196,36.302],[133.232,36.318],[133.226,36.328],[133.271,36.332],[133.279,36.349]]]]}},{"type":"Feature","properties":{"name":"岡山県北部"},"geometry":{"type":"MultiPolygon","coordinates":[[[[133.998,35.353],[134.016,35.349],[134.001,35.319],[134.008,35.308],[134.052,35.298],[134.097,35.306],[134.116,35.284],[134.139,35.279],[134.151,35.258],[134.137,35.239],[134.164,35.228],[134.153,35.197],[134.172,35.17],[134.194,35.189],[134.26,35.211],[134.279,35.197],[134.322,35.202],[134.373,35.246],[134.402,35.246],[134.38,35.209],[134.383,35.195],[134.412,35.186],[134.412,35.153],[134.368,35.147],[134.35,35.091],[134.319,35.083],[134.316,35.043],[134.283,35.038],[134.268,35.022],[134.265,35.005],[134.286,34.997],[134.271,34.983],[134.276,34.964],[134.246,34.948],[134.227,34.909],[134.197,34.915],[134.198,34.891],[134.173,34.899],[134.161,34.881],[134.125,34.89],[134.127,34.914],[134.111,34.911],[134.088,34.929],[134.09,34.942],[134.05,34.937],[134.025,34.951],[134.004,34.895],[133.945,34.87],[133.928,34.874],[133.938,34.884],[133.923,34.9],[133.895,34.909],[133.911,34.948],[133.884,34.948],[133.869,34.933],[133.823,34.953],[133.791,34.928],[133.766,34.937],[133.762,34.952],[133.743,34.946],[133.707,34.96],[133.649,34.942],[133.65,34.915],[133.62,34.9],[133.617,34.932],[133.604,34.953],[133.59,34.951],[133.586,34.929],[133.568,34.928],[133.562,34.914],[133.564,34.886],[133.515,34.867],[133.492,34.879],[133.482,34.872],[133.473,34.886],[133.451,34.874],[133.425,34.887],[133.39,34.869],[133.353,34.877],[133.331,34.856],[133.297,34.89],[133.309,34.939],[133.298,34.957],[133.322,34.988],[133.32,35.008],[133.267,35.052],[133.291,35.071],[133.291,35.101],[133.326,35.093],[133.338,35.106],[133.403,35.114],[133.412,35.134],[133.393,35.168],[133.407,35.186],[133.449,35.171],[133.5,35.192],[133.526,35.183],[133.506,35.228],[133.517,35.241],[133.561,35.247],[133.596,35.344],[133.679,35.319],[133.746,35.319],[133.798,35.294],[133.819,35.253],[133.832,35.249],[133.865,35.272],[133.863,35.293],[133.925,35.307],[133.933,35.335],[133.998,35.353]]]]}},{"type":"Feature","properties":{"name":"岡山県南部"},"geometry":{"type":"MultiPolygon","coordinates":[[[[133.543,34.402],[133.557,34.396],[133.545,34.38],[133.559,34.367],[133.517,34.383],[133.543,34.402]]],[[[134.298,34.73],[134.322,34.714],[134.335,34.723],[134.347,34.708],[134.275,34.713],[134.298,34.73]]],[[[133.71,34.96],[133.742,34.946],[133.762,34.952],[133.788,34.928],[133.821,34.953],[133.868,34.933],[133.883,34.948],[133.912,34.948],[133.894,34.91],[133.923,34.901],[133.938,34.884],[133.928,34.872],[133.945,34.87],[134.004,34.895],[134.025,34.951],[134.049,34.937],[134.089,34.942],[134.11,34.911],[134.128,34.913],[134.124,34.891],[134.165,34.881],[134.172,34.899],[134.197,34.891],[134.196,34.915],[134.227,34.909],[134.25,34.949],[134.295,34.908],[134.263,34.885],[134.253,34.853],[134.264,34.827],[134.288,34.828],[134.335,34.769],[134.313,34.739],[134.322,34.723],[134.297,34.736],[134.245,34.716],[134.186,34.743],[134.179,34.735],[134.205,34.726],[134.195,34.717],[134.214,34.716],[134.197,34.708],[134.236,34.715],[134.244,34.697],[134.213,34.684],[134.223,34.681],[134.188,34.651],[134.17,34.652],[134.175,34.631],[134.186,34.631],[134.17,34.614],[134.147,34.617],[134.121,34.589],[134.06,34.585],[134.053,34.596],[134.063,34.608],[134.047,34.598],[134.042,34.608],[133.997,34.614],[133.98,34.6],[133.946,34.599],[133.96,34.584],[134.027,34.599],[134.046,34.578],[134.031,34.571],[134.032,34.552],[134.0,34.543],[134.003,34.512],[133.988,34.53],[133.963,34.526],[133.964,34.494],[133.935,34.479],[133.944,34.463],[133.935,34.451],[133.829,34.475],[133.808,34.458],[133.821,34.429],[133.787,34.435],[133.757,34.473],[133.74,34.525],[133.734,34.499],[133.719,34.504],[133.737,34.491],[133.743,34.472],[133.724,34.472],[133.733,34.469],[133.705,34.477],[133.705,34.522],[133.684,34.525],[133.69,34.505],[133.659,34.52],[133.649,34.504],[133.593,34.49],[133.6,34.473],[133.541,34.462],[133.486,34.514],[133.527,34.471],[133.527,34.453],[133.473,34.443],[133.49,34.459],[133.456,34.455],[133.445,34.557],[133.385,34.617],[133.403,34.671],[133.383,34.68],[133.359,34.733],[133.378,34.808],[133.333,34.838],[133.336,34.869],[133.393,34.87],[133.424,34.886],[133.45,34.874],[133.473,34.886],[133.481,34.872],[133.514,34.866],[133.565,34.887],[133.563,34.915],[133.589,34.933],[133.59,34.951],[133.604,34.952],[133.617,34.932],[133.619,34.9],[133.65,34.916],[133.65,34.943],[133.71,34.96]]]]}},{"type":"Feature","properties":{"name":"広島県北部"},"geometry":{"type":"MultiPolygon","coordinates":[[[[132.891,35.105],[132.91,35.086],[132.949,35.076],[132.99,35.101],[133.037,35.068],[133.096,35.085],[133.122,35.084],[133.142,35.065],[133.251,35.078],[133.321,35.006],[133.32,34.983],[133.297,34.956],[133.309,34.938],[133.295,34.904],[133.331,34.855],[133.278,34.854],[133.274,34.835],[133.246,34.812],[133.215,34.861],[133.163,34.854],[133.135,34.826],[133.145,34.81],[133.136,34.796],[133.166,34.755],[133.134,34.755],[133.102,34.732],[133.102,34.693],[133.085,34.661],[133.063,34.652],[133.016,34.679],[132.985,34.677],[132.955,34.652],[132.938,34.682],[132.89,34.683],[132.882,34.646],[132.873,34.647],[132.875,34.614],[132.84,34.605],[132.798,34.622],[132.784,34.58],[132.709,34.554],[132.7,34.536],[132.688,34.535],[132.683,34.566],[132.692,34.591],[132.673,34.611],[132.634,34.596],[132.613,34.601],[132.574,34.563],[132.531,34.588],[132.525,34.606],[132.5,34.594],[132.472,34.615],[132.44,34.592],[132.4,34.604],[132.386,34.554],[132.364,34.539],[132.359,34.559],[132.294,34.548],[132.25,34.53],[132.241,34.508],[132.215,34.515],[132.196,34.496],[132.171,34.517],[132.185,34.541],[132.156,34.549],[132.117,34.607],[132.162,34.683],[132.131,34.708],[132.221,34.749],[132.242,34.783],[132.242,34.806],[132.278,34.799],[132.28,34.784],[132.298,34.777],[132.318,34.802],[132.334,34.79],[132.375,34.801],[132.397,34.78],[132.436,34.821],[132.454,34.801],[132.538,34.795],[132.615,34.843],[132.662,34.832],[132.68,34.851],[132.699,34.843],[132.711,34.852],[132.701,34.882],[132.634,34.904],[132.686,34.951],[132.749,34.96],[132.746,34.977],[132.769,34.984],[132.766,34.997],[132.788,35.005],[132.814,35.041],[132.836,35.047],[132.828,35.062],[132.846,35.081],[132.891,35.105]]]]}},{"type":"Feature","properties":{"name":"広島県南東部"},"geometry":{"type":"MultiPolygon","coordinates":[[[[133.133,34.317],[133.148,34.303],[133.146,34.287],[133.092,34.257],[133.07,34.262],[133.089,34.313],[133.133,34.317]]],[[[133.079,34.333],[133.087,34.313],[133.069,34.303],[133.063,34.318],[133.079,34.333]]],[[[133.152,34.359],[133.177,34.356],[133.178,34.343],[133.21,34.319],[133.194,34.301],[133.21,34.297],[133.196,34.275],[133.156,34.299],[133.135,34.329],[133.152,34.359]]],[[[133.117,34.36],[133.127,34.337],[133.109,34.318],[133.095,34.331],[133.103,34.326],[133.104,34.356],[133.117,34.36]]],[[[133.319,34.373],[133.325,34.36],[133.342,34.37],[133.338,34.357],[133.296,34.345],[133.293,34.362],[133.319,34.373]]],[[[133.215,34.409],[133.238,34.405],[133.237,34.391],[133.212,34.357],[133.184,34.359],[133.171,34.391],[133.215,34.409]]],[[[133.216,34.861],[133.245,34.811],[133.276,34.836],[133.273,34.851],[133.289,34.854],[133.33,34.853],[133.334,34.838],[133.378,34.808],[133.359,34.734],[133.383,34.681],[133.403,34.672],[133.385,34.617],[133.398,34.594],[133.423,34.586],[133.454,34.532],[133.444,34.446],[133.415,34.459],[133.408,34.478],[133.409,34.456],[133.441,34.436],[133.431,34.424],[133.409,34.437],[133.387,34.422],[133.384,34.381],[133.352,34.366],[133.335,34.381],[133.286,34.386],[133.28,34.401],[133.246,34.39],[133.244,34.399],[133.273,34.407],[133.27,34.432],[133.255,34.442],[133.256,34.426],[133.244,34.436],[133.234,34.412],[133.127,34.383],[133.085,34.396],[133.097,34.379],[133.086,34.379],[133.079,34.346],[133.04,34.331],[133.012,34.329],[133.002,34.349],[132.942,34.356],[132.934,34.381],[132.912,34.386],[132.906,34.425],[132.894,34.434],[132.904,34.444],[132.889,34.465],[132.919,34.458],[132.912,34.484],[132.886,34.518],[132.856,34.524],[132.848,34.54],[132.882,34.556],[132.878,34.576],[132.896,34.583],[132.878,34.603],[132.885,34.612],[132.867,34.621],[132.878,34.631],[132.878,34.664],[132.895,34.684],[132.939,34.682],[132.954,34.652],[132.989,34.678],[133.018,34.679],[133.062,34.652],[133.085,34.66],[133.102,34.694],[133.102,34.732],[133.135,34.756],[133.166,34.756],[133.136,34.794],[133.143,34.84],[133.163,34.854],[133.216,34.861]]]]}},{"type":"Feature","properties":{"name":"広島県南西部"},"geometry":{"type":"MultiPolygon","coordinates":[[[[132.385,34.177],[132.412,34.17],[132.414,34.151],[132.387,34.15],[132.385,34.177]]],[[[132.795,34.168],[132.772,34.162],[132.772,34.177],[132.786,34.189],[132.795,34.168]]],[[[132.849,34.196],[132.868,34.173],[132.803,34.154],[132.807,34.177],[132.849,34.196]]],[[[132.535,34.2],[132.534,34.189],[132.552,34.187],[132.558,34.173],[132.521,34.157],[132.548,34.142],[132.558,34.151],[132.539,34.107],[132.577,34.127],[132.59,34.109],[132.57,34.116],[132.556,34.08],[132.533,34.104],[132.513,34.091],[132.503,34.103],[132.499,34.091],[132.461,34.082],[132.448,34.109],[132.505,34.134],[132.493,34.153],[132.501,34.181],[132.535,34.2]]],[[[132.675,34.202],[132.684,34.188],[132.676,34.175],[132.645,34.172],[132.655,34.195],[132.675,34.202]]],[[[132.712,34.204],[132.758,34.193],[132.765,34.176],[132.739,34.158],[132.738,34.173],[132.686,34.184],[132.693,34.201],[132.712,34.204]]],[[[132.931,34.285],[132.942,34.278],[132.915,34.235],[132.92,34.214],[132.865,34.206],[132.842,34.223],[132.84,34.242],[132.882,34.244],[132.887,34.261],[132.903,34.249],[132.931,34.285]]],[[[132.48,34.296],[132.498,34.268],[132.49,34.202],[132.472,34.185],[132.49,34.142],[132.429,34.129],[132.446,34.152],[132.445,34.179],[132.457,34.179],[132.438,34.196],[132.429,34.174],[132.372,34.258],[132.42,34.258],[132.438,34.226],[132.457,34.23],[132.473,34.208],[132.471,34.245],[132.456,34.257],[132.434,34.249],[132.446,34.267],[132.435,34.285],[132.474,34.284],[132.48,34.296]]],[[[132.334,34.311],[132.348,34.281],[132.275,34.232],[132.264,34.256],[132.29,34.287],[132.334,34.311]]],[[[132.81,34.624],[132.839,34.605],[132.885,34.614],[132.878,34.604],[132.896,34.585],[132.879,34.576],[132.884,34.558],[132.848,34.541],[132.857,34.524],[132.887,34.518],[132.92,34.468],[132.918,34.457],[132.889,34.465],[132.904,34.445],[132.894,34.435],[132.906,34.426],[132.905,34.399],[132.935,34.38],[132.941,34.356],[133.005,34.348],[133.011,34.33],[132.951,34.34],[132.929,34.326],[132.917,34.333],[132.85,34.292],[132.835,34.316],[132.798,34.312],[132.788,34.278],[132.754,34.282],[132.753,34.26],[132.773,34.256],[132.76,34.241],[132.701,34.238],[132.684,34.21],[132.66,34.219],[132.643,34.202],[132.596,34.231],[132.592,34.211],[132.539,34.194],[132.544,34.21],[132.532,34.223],[132.558,34.238],[132.515,34.257],[132.518,34.283],[132.494,34.316],[132.505,34.335],[132.492,34.338],[132.503,34.35],[132.516,34.344],[132.509,34.353],[132.522,34.363],[132.483,34.354],[132.476,34.366],[132.479,34.357],[132.444,34.341],[132.399,34.365],[132.366,34.348],[132.363,34.36],[132.337,34.347],[132.358,34.345],[132.32,34.339],[132.279,34.283],[132.23,34.255],[132.221,34.233],[132.247,34.215],[132.21,34.203],[132.194,34.206],[132.205,34.229],[132.171,34.225],[132.144,34.237],[132.14,34.286],[132.125,34.292],[132.127,34.333],[132.108,34.328],[132.085,34.358],[132.071,34.356],[132.07,34.417],[132.081,34.443],[132.06,34.492],[132.038,34.502],[132.053,34.53],[132.084,34.537],[132.126,34.583],[132.164,34.542],[132.185,34.542],[132.167,34.521],[132.197,34.496],[132.215,34.514],[132.24,34.508],[132.249,34.53],[132.295,34.549],[132.36,34.559],[132.366,34.54],[132.386,34.554],[132.399,34.603],[132.438,34.593],[132.472,34.615],[132.499,34.594],[132.525,34.606],[132.532,34.587],[132.574,34.563],[132.613,34.601],[132.652,34.599],[132.674,34.611],[132.693,34.59],[132.688,34.536],[132.7,34.536],[132.71,34.554],[132.784,34.581],[132.793,34.615],[132.81,34.624]]]]}},{"type":"Feature","properties":{"name":"徳島県北部"},"geometry":{"type":"MultiPolygon","coordinates":[[[[134.644,34.24],[134.624,34.186],[134.59,34.202],[134.59,34.211],[134.622,34.211],[134.617,34.232],[134.644,34.24]]],[[[134.588,34.24],[134.586,34.201],[134.641,34.18],[134.617,34.145],[134.623,34.128],[134.605,34.122],[134.608,34.091],[134.584,34.043],[134.601,34.018],[134.589,34.008],[134.614,33.997],[134.607,33.983],[134.633,33.994],[134.629,34.01],[134.651,33.993],[134.636,33.964],[134.622,33.968],[134.611,33.95],[134.565,33.938],[134.567,33.962],[134.537,33.955],[134.496,33.97],[134.468,33.952],[134.408,33.953],[134.34,33.925],[134.326,33.934],[134.304,33.926],[134.294,33.907],[134.25,33.917],[134.231,33.908],[134.232,33.889],[134.191,33.886],[134.169,33.867],[134.144,33.869],[134.024,33.825],[133.997,33.822],[133.985,33.841],[133.96,33.835],[133.947,33.804],[133.914,33.792],[133.873,33.806],[133.838,33.845],[133.747,33.837],[133.738,33.85],[133.701,33.85],[133.663,33.87],[133.661,33.885],[133.69,33.917],[133.676,33.927],[133.693,33.948],[133.676,33.985],[133.68,34.011],[133.722,34.023],[133.729,34.044],[133.778,34.079],[133.819,34.073],[133.833,34.097],[133.893,34.108],[133.902,34.1],[133.933,34.116],[133.959,34.082],[133.995,34.073],[134.026,34.085],[134.051,34.118],[134.122,34.119],[134.139,34.134],[134.147,34.166],[134.174,34.177],[134.26,34.184],[134.297,34.169],[134.344,34.172],[134.356,34.185],[134.415,34.157],[134.433,34.169],[134.441,34.208],[134.506,34.226],[134.572,34.223],[134.567,34.234],[134.588,34.24]]],[[[134.607,34.252],[134.617,34.233],[134.592,34.215],[134.588,34.231],[134.607,34.252]]]]}},{"type":"Feature","properties":{"name":"徳島県南部"},"geometry":{"type":"MultiPolygon","coordinates":[[[[134.653,33.984],[134.668,33.963],[134.698,33.953],[134.712,33.924],[134.675,33.88],[134.653,33.882],[134.66,33.875],[134.637,33.873],[134.63,33.857],[134.646,33.866],[134.643,33.843],[134.692,33.854],[134.72,33.845],[134.68,33.83],[134.741,33.841],[134.75,33.834],[134.642,33.781],[134.621,33.787],[134.602,33.764],[134.582,33.772],[134.565,33.732],[134.544,33.737],[134.543,33.72],[134.517,33.702],[134.443,33.664],[134.397,33.657],[134.378,33.63],[134.363,33.627],[134.39,33.623],[134.364,33.589],[134.332,33.584],[134.363,33.58],[134.311,33.576],[134.315,33.546],[134.282,33.561],[134.239,33.553],[134.218,33.568],[134.194,33.562],[134.171,33.597],[134.175,33.608],[134.149,33.627],[134.184,33.649],[134.171,33.658],[134.175,33.684],[134.057,33.694],[134.068,33.729],[134.058,33.781],[134.033,33.809],[134.038,33.834],[134.233,33.889],[134.232,33.907],[134.25,33.917],[134.294,33.907],[134.325,33.934],[134.341,33.925],[134.408,33.953],[134.468,33.952],[134.497,33.97],[134.535,33.955],[134.566,33.963],[134.567,33.939],[134.612,33.951],[134.653,33.984]]]]}},{"type":"Feature","properties":{"name":"香川県東部"},"geometry":{"type":"MultiPolygon","coordinates":[[[[134.136,34.4],[134.163,34.383],[134.154,34.344],[134.165,34.326],[134.19,34.332],[134.183,34.353],[134.211,34.347],[134.211,34.369],[134.228,34.341],[134.251,34.351],[134.266,34.336],[134.266,34.32],[134.246,34.306],[134.259,34.285],[134.306,34.278],[134.342,34.253],[134.369,34.25],[134.379,34.262],[134.392,34.253],[134.412,34.235],[134.407,34.225],[134.44,34.208],[134.433,34.168],[134.413,34.157],[134.354,34.185],[134.344,34.172],[134.298,34.169],[134.261,34.184],[134.174,34.177],[134.146,34.165],[134.123,34.119],[134.062,34.111],[134.036,34.127],[134.018,34.159],[134.026,34.188],[133.985,34.242],[133.995,34.262],[133.945,34.271],[133.925,34.315],[133.954,34.325],[133.928,34.389],[133.94,34.375],[133.959,34.377],[133.965,34.364],[133.978,34.373],[134.0,34.351],[134.037,34.349],[134.052,34.362],[134.059,34.348],[134.07,34.365],[134.07,34.352],[134.077,34.362],[134.084,34.351],[134.093,34.385],[134.12,34.359],[134.116,34.376],[134.129,34.386],[134.12,34.397],[134.136,34.4]]],[[[133.97,34.478],[134.012,34.452],[133.982,34.445],[133.97,34.478]]],[[[134.086,34.499],[134.105,34.487],[134.085,34.46],[134.037,34.481],[134.086,34.499]]],[[[134.347,34.565],[134.347,34.557],[134.366,34.561],[134.344,34.544],[134.362,34.541],[134.337,34.433],[134.319,34.458],[134.279,34.447],[134.285,34.461],[134.317,34.46],[134.31,34.477],[134.268,34.468],[134.236,34.415],[134.225,34.425],[134.237,34.437],[134.224,34.439],[134.243,34.458],[134.228,34.481],[134.193,34.484],[134.152,34.46],[134.142,34.47],[134.157,34.492],[134.18,34.487],[134.157,34.505],[134.172,34.528],[134.188,34.516],[134.239,34.53],[134.264,34.553],[134.296,34.547],[134.347,34.565]]]]}},{"type":"Feature","properties":{"name":"香川県西部"},"geometry":{"type":"MultiPolygon","coordinates":[[[[133.928,34.39],[133.937,34.348],[133.953,34.332],[133.925,34.315],[133.944,34.272],[133.995,34.263],[133.986,34.242],[134.025,34.188],[134.024,34.141],[134.05,34.118],[134.027,34.086],[133.974,34.073],[133.931,34.116],[133.903,34.1],[133.893,34.108],[133.832,34.097],[133.817,34.072],[133.778,34.079],[133.709,34.015],[133.68,34.013],[133.665,34.027],[133.603,34.038],[133.631,34.061],[133.639,34.092],[133.628,34.118],[133.638,34.125],[133.649,34.193],[133.558,34.263],[133.591,34.26],[133.621,34.236],[133.655,34.234],[133.673,34.247],[133.674,34.222],[133.735,34.261],[133.736,34.283],[133.744,34.272],[133.742,34.283],[133.771,34.288],[133.768,34.305],[133.777,34.289],[133.782,34.302],[133.772,34.306],[133.782,34.311],[133.792,34.295],[133.791,34.309],[133.828,34.321],[133.819,34.353],[133.841,34.361],[133.829,34.342],[133.855,34.36],[133.858,34.346],[133.831,34.332],[133.865,34.327],[133.894,34.354],[133.89,34.379],[133.92,34.378],[133.928,34.39]]],[[[133.71,34.399],[133.73,34.37],[133.699,34.352],[133.684,34.362],[133.71,34.399]]],[[[133.778,34.401],[133.795,34.387],[133.755,34.371],[133.752,34.398],[133.763,34.39],[133.778,34.401]]]]}},{"type":"Feature","properties":{"name":"愛媛県東予"},"geometry":{"type":"MultiPolygon","coordinates":[[[[132.942,34.142],[132.969,34.107],[132.978,34.116],[133.006,34.067],[133.033,34.056],[133.062,33.976],[133.088,33.945],[133.101,33.949],[133.094,33.94],[133.119,33.941],[133.119,33.924],[133.125,33.941],[133.133,33.927],[133.167,33.94],[133.172,33.928],[133.178,33.947],[133.2,33.936],[133.199,33.946],[133.229,33.957],[133.254,33.956],[133.249,33.976],[133.262,33.981],[133.264,33.961],[133.281,33.99],[133.297,33.982],[133.326,33.994],[133.336,33.98],[133.341,33.993],[133.359,33.979],[133.412,33.99],[133.512,33.971],[133.538,33.983],[133.538,33.995],[133.543,33.985],[133.552,33.995],[133.542,34.005],[133.556,34.001],[133.549,34.011],[133.561,34.009],[133.598,34.043],[133.678,34.018],[133.686,34.004],[133.675,33.984],[133.693,33.947],[133.676,33.926],[133.69,33.917],[133.677,33.893],[133.629,33.872],[133.54,33.879],[133.498,33.829],[133.416,33.84],[133.392,33.825],[133.356,33.834],[133.326,33.815],[133.281,33.832],[133.25,33.788],[133.22,33.781],[133.194,33.794],[133.183,33.767],[133.159,33.751],[133.108,33.773],[133.083,33.756],[133.024,33.763],[133.013,33.813],[132.986,33.812],[132.973,33.83],[132.958,33.905],[132.926,33.906],[132.92,33.937],[132.887,33.951],[132.889,33.989],[132.833,33.999],[132.809,34.019],[132.864,34.059],[132.921,34.067],[132.926,34.109],[132.891,34.118],[132.924,34.116],[132.942,34.142]]],[[[133.037,34.195],[133.068,34.192],[133.083,34.169],[133.113,34.179],[133.035,34.107],[133.014,34.11],[133.023,34.124],[133.015,34.142],[133.026,34.158],[133.041,34.15],[133.021,34.179],[133.037,34.195]]],[[[133.108,34.242],[133.114,34.218],[133.139,34.221],[133.117,34.205],[133.124,34.194],[133.11,34.191],[133.096,34.205],[133.082,34.193],[133.054,34.212],[133.067,34.219],[133.064,34.235],[133.108,34.242]]],[[[133.153,34.28],[133.166,34.257],[133.133,34.241],[133.133,34.265],[133.153,34.28]]],[[[133.229,34.292],[133.237,34.278],[133.201,34.24],[133.199,34.268],[133.229,34.292]]],[[[133.012,34.3],[133.056,34.258],[133.058,34.219],[132.949,34.193],[132.942,34.207],[132.954,34.222],[132.991,34.229],[132.991,34.261],[132.965,34.264],[132.985,34.27],[132.984,34.29],[133.012,34.3]]]]}},{"type":"Feature","properties":{"name":"愛媛県中予"},"geometry":{"type":"MultiPolygon","coordinates":[[[[132.691,33.927],[132.703,33.926],[132.693,33.904],[132.673,33.894],[132.689,33.877],[132.667,33.871],[132.668,33.899],[132.653,33.9],[132.691,33.927]]],[[[132.562,33.994],[132.538,33.963],[132.535,33.988],[132.562,33.994]]],[[[132.646,34.018],[132.644,33.979],[132.63,33.975],[132.641,33.956],[132.614,33.957],[132.599,33.943],[132.579,33.97],[132.646,34.018]]],[[[132.809,34.018],[132.833,33.999],[132.842,34.005],[132.89,33.988],[132.887,33.951],[132.92,33.937],[132.926,33.906],[132.959,33.905],[132.973,33.831],[132.987,33.812],[133.012,33.814],[133.02,33.766],[133.084,33.757],[133.109,33.773],[133.158,33.749],[133.161,33.732],[133.12,33.691],[133.116,33.66],[133.075,33.65],[133.067,33.622],[133.079,33.609],[133.047,33.576],[133.064,33.543],[133.038,33.526],[133.014,33.48],[132.959,33.466],[132.899,33.471],[132.9,33.514],[132.921,33.534],[132.926,33.56],[132.897,33.588],[132.848,33.593],[132.858,33.619],[132.839,33.64],[132.814,33.624],[132.785,33.624],[132.77,33.608],[132.746,33.628],[132.709,33.606],[132.654,33.62],[132.652,33.652],[132.64,33.655],[132.619,33.65],[132.603,33.623],[132.582,33.626],[132.561,33.602],[132.532,33.637],[132.586,33.654],[132.648,33.693],[132.677,33.745],[132.699,33.756],[132.687,33.834],[132.692,33.848],[132.7,33.839],[132.7,33.862],[132.704,33.852],[132.707,33.867],[132.718,33.865],[132.701,33.887],[132.71,33.906],[132.731,33.9],[132.755,33.911],[132.772,33.962],[132.766,33.998],[132.809,34.018]]]]}},{"type":"Feature","properties":{"name":"愛媛県南予"},"geometry":{"type":"MultiPolygon","coordinates":[[[[132.644,33.655],[132.654,33.62],[132.708,33.606],[132.734,33.627],[132.769,33.607],[132.785,33.624],[132.814,33.624],[132.839,33.64],[132.857,33.62],[132.848,33.593],[132.896,33.588],[132.926,33.561],[132.921,33.534],[132.9,33.513],[132.9,33.471],[132.846,33.479],[132.807,33.457],[132.827,33.446],[132.825,33.424],[132.837,33.399],[132.855,33.398],[132.86,33.368],[132.89,33.358],[132.903,33.331],[132.896,33.312],[132.793,33.274],[132.772,33.241],[132.775,33.206],[132.741,33.201],[132.738,33.183],[132.696,33.137],[132.636,33.186],[132.62,33.181],[132.629,33.133],[132.669,33.094],[132.658,33.058],[132.678,33.037],[132.692,32.974],[132.683,32.947],[132.653,32.94],[132.656,32.925],[132.598,32.913],[132.586,32.934],[132.602,32.947],[132.548,32.945],[132.568,32.929],[132.513,32.95],[132.505,32.942],[132.527,32.933],[132.497,32.918],[132.526,32.914],[132.492,32.899],[132.473,32.906],[132.478,32.922],[132.461,32.938],[132.493,32.94],[132.503,32.956],[132.472,32.97],[132.497,32.987],[132.504,32.973],[132.493,32.965],[132.554,32.96],[132.511,32.978],[132.506,33.005],[132.494,33.018],[132.485,33.012],[132.485,33.047],[132.45,33.048],[132.452,33.035],[132.418,33.058],[132.397,33.014],[132.379,33.024],[132.397,33.029],[132.397,33.057],[132.411,33.071],[132.432,33.053],[132.447,33.066],[132.449,33.055],[132.478,33.065],[132.484,33.057],[132.479,33.084],[132.473,33.07],[132.462,33.076],[132.47,33.08],[132.463,33.093],[132.481,33.099],[132.447,33.124],[132.499,33.12],[132.5,33.137],[132.445,33.135],[132.425,33.156],[132.45,33.176],[132.464,33.171],[132.447,33.193],[132.439,33.185],[132.422,33.209],[132.403,33.205],[132.416,33.189],[132.4,33.185],[132.39,33.198],[132.421,33.214],[132.446,33.201],[132.46,33.21],[132.459,33.184],[132.471,33.176],[132.483,33.185],[132.487,33.164],[132.493,33.185],[132.501,33.171],[132.515,33.172],[132.508,33.194],[132.489,33.2],[132.502,33.194],[132.515,33.216],[132.544,33.215],[132.541,33.227],[132.558,33.222],[132.553,33.236],[132.52,33.249],[132.543,33.271],[132.509,33.259],[132.483,33.275],[132.468,33.256],[132.483,33.289],[132.528,33.307],[132.523,33.316],[132.497,33.313],[132.491,33.325],[132.452,33.309],[132.433,33.32],[132.421,33.303],[132.37,33.319],[132.377,33.337],[132.42,33.355],[132.407,33.36],[132.419,33.383],[132.385,33.362],[132.379,33.385],[132.397,33.397],[132.393,33.414],[132.38,33.416],[132.405,33.425],[132.416,33.443],[132.384,33.442],[132.408,33.447],[132.421,33.463],[132.392,33.455],[132.389,33.466],[132.402,33.471],[132.391,33.477],[132.373,33.46],[132.353,33.489],[132.342,33.485],[132.353,33.474],[132.325,33.473],[132.316,33.452],[132.301,33.475],[132.28,33.447],[132.182,33.412],[132.154,33.39],[132.153,33.374],[132.103,33.362],[132.12,33.387],[132.095,33.388],[132.013,33.344],[132.12,33.42],[132.135,33.403],[132.138,33.421],[132.154,33.407],[132.166,33.411],[132.148,33.433],[132.174,33.426],[132.174,33.447],[132.194,33.442],[132.199,33.456],[132.225,33.445],[132.226,33.459],[132.243,33.466],[132.261,33.45],[132.259,33.473],[132.42,33.546],[132.482,33.62],[132.531,33.638],[132.56,33.602],[132.582,33.626],[132.602,33.623],[132.619,33.65],[132.644,33.655]]]]}},{"type":"Feature","properties":{"name":"高知県東部"},"geometry":{"type":"MultiPolygon","coordinates":[[[[134.068,33.715],[134.059,33.691],[134.126,33.696],[134.174,33.685],[134.172,33.658],[134.183,33.648],[134.149,33.628],[134.155,33.613],[134.175,33.608],[134.193,33.562],[134.306,33.554],[134.21,33.396],[134.176,33.244],[134.143,33.286],[134.153,33.283],[134.136,33.297],[134.107,33.297],[134.102,33.327],[134.037,33.371],[134.031,33.412],[133.955,33.445],[133.935,33.487],[133.831,33.514],[133.771,33.516],[133.793,33.549],[133.815,33.558],[133.82,33.58],[133.844,33.577],[133.864,33.593],[133.857,33.603],[133.876,33.612],[133.886,33.653],[133.898,33.658],[133.918,33.644],[133.941,33.654],[134.004,33.713],[134.068,33.715]]]]}},{"type":"Feature","properties":{"name":"高知県中部"},"geometry":{"type":"MultiPolygon","coordinates":[[[[133.644,33.883],[133.662,33.881],[133.678,33.859],[133.737,33.85],[133.748,33.837],[133.838,33.845],[133.873,33.806],[133.913,33.791],[133.947,33.804],[133.959,33.834],[133.986,33.84],[133.999,33.821],[134.033,33.828],[134.033,33.81],[134.058,33.781],[134.068,33.725],[134.001,33.712],[133.961,33.667],[133.919,33.644],[133.887,33.653],[133.875,33.612],[133.857,33.603],[133.865,33.595],[133.844,33.577],[133.82,33.58],[133.815,33.558],[133.769,33.516],[133.75,33.536],[133.721,33.54],[133.596,33.518],[133.565,33.501],[133.573,33.537],[133.553,33.541],[133.562,33.532],[133.547,33.518],[133.559,33.498],[133.582,33.501],[133.575,33.495],[133.457,33.444],[133.449,33.452],[133.43,33.437],[133.42,33.45],[133.396,33.443],[133.405,33.432],[133.364,33.428],[133.35,33.416],[133.365,33.415],[133.36,33.408],[133.372,33.425],[133.383,33.412],[133.397,33.425],[133.403,33.414],[133.416,33.439],[133.433,33.427],[133.442,33.44],[133.462,33.431],[133.428,33.408],[133.412,33.41],[133.41,33.398],[133.346,33.401],[133.319,33.355],[133.312,33.366],[133.324,33.365],[133.324,33.379],[133.291,33.381],[133.304,33.391],[133.291,33.405],[133.295,33.389],[133.26,33.367],[133.264,33.342],[133.227,33.379],[133.176,33.379],[133.176,33.399],[133.209,33.404],[133.208,33.429],[133.257,33.438],[133.25,33.455],[133.184,33.473],[133.101,33.443],[133.073,33.453],[133.058,33.48],[133.015,33.482],[133.039,33.527],[133.064,33.543],[133.047,33.576],[133.08,33.609],[133.067,33.622],[133.075,33.651],[133.116,33.66],[133.12,33.691],[133.145,33.705],[133.159,33.751],[133.183,33.767],[133.193,33.793],[133.237,33.783],[133.282,33.832],[133.326,33.815],[133.356,33.834],[133.391,33.824],[133.415,33.84],[133.5,33.829],[133.541,33.879],[133.583,33.868],[133.597,33.88],[133.627,33.872],[133.644,33.883]]]]}},{"type":"Feature","properties":{"name":"高知県西部"},"geometry":{"type":"MultiPolygon","coordinates":[[[[132.546,32.755],[132.571,32.736],[132.573,32.717],[132.544,32.703],[132.55,32.718],[132.535,32.729],[132.546,32.755]]],[[[133.025,33.481],[133.058,33.48],[133.074,33.452],[133.101,33.443],[133.183,33.473],[133.25,33.454],[133.257,33.438],[133.208,33.429],[133.21,33.405],[133.176,33.399],[133.176,33.377],[133.228,33.379],[133.264,33.341],[133.232,33.327],[133.26,33.314],[133.239,33.297],[133.243,33.276],[133.26,33.28],[133.264,33.257],[133.248,33.249],[133.256,33.226],[133.238,33.215],[133.241,33.198],[133.211,33.184],[133.223,33.153],[133.21,33.149],[133.195,33.168],[133.172,33.152],[133.142,33.098],[133.106,33.074],[133.097,33.025],[133.045,33.039],[133.01,33.011],[132.993,32.953],[133.01,32.882],[132.993,32.862],[132.951,32.86],[132.961,32.83],[132.95,32.822],[132.965,32.8],[133.002,32.787],[133.022,32.727],[132.966,32.729],[132.971,32.748],[132.952,32.76],[132.97,32.777],[132.946,32.765],[132.935,32.787],[132.921,32.779],[132.875,32.788],[132.87,32.766],[132.862,32.791],[132.795,32.748],[132.77,32.762],[132.757,32.754],[132.711,32.799],[132.683,32.796],[132.699,32.786],[132.654,32.781],[132.65,32.766],[132.629,32.763],[132.645,32.786],[132.629,32.8],[132.656,32.801],[132.644,32.819],[132.674,32.84],[132.657,32.854],[132.697,32.886],[132.72,32.877],[132.704,32.895],[132.722,32.898],[132.711,32.9],[132.708,32.926],[132.656,32.925],[132.652,32.939],[132.683,32.946],[132.691,32.973],[132.678,33.038],[132.658,33.058],[132.669,33.07],[132.664,33.108],[132.629,33.134],[132.619,33.18],[132.635,33.186],[132.686,33.135],[132.696,33.138],[132.738,33.182],[132.741,33.201],[132.776,33.206],[132.772,33.241],[132.792,33.274],[132.899,33.315],[132.9,33.344],[132.86,33.368],[132.854,33.398],[132.836,33.4],[132.811,33.466],[132.847,33.479],[132.96,33.466],[133.025,33.481]]]]}},{"type":"Feature","properties":{"name":"山口県北部"},"geometry":{"type":"MultiPolygon","coordinates":[[[[131.246,34.438],[131.26,34.417],[131.249,34.425],[131.223,34.417],[131.226,34.427],[131.205,34.398],[131.173,34.408],[131.167,34.429],[131.217,34.426],[131.246,34.438]]],[[[131.691,34.681],[131.695,34.622],[131.718,34.614],[131.728,34.577],[131.703,34.564],[131.706,34.532],[131.648,34.499],[131.65,34.47],[131.606,34.41],[131.538,34.411],[131.548,34.389],[131.534,34.369],[131.554,34.361],[131.566,34.325],[131.55,34.3],[131.521,34.289],[131.502,34.242],[131.482,34.244],[131.405,34.21],[131.4,34.18],[131.379,34.166],[131.371,34.138],[131.347,34.138],[131.318,34.151],[131.317,34.167],[131.294,34.167],[131.274,34.141],[131.242,34.141],[131.211,34.114],[131.18,34.118],[131.159,34.09],[131.119,34.088],[131.083,34.146],[131.092,34.167],[131.117,34.16],[131.099,34.187],[131.107,34.205],[131.159,34.231],[131.172,34.263],[131.087,34.267],[131.075,34.293],[131.02,34.325],[130.981,34.363],[131.001,34.374],[131.035,34.371],[131.016,34.405],[130.957,34.407],[130.954,34.388],[130.935,34.392],[130.972,34.441],[131.019,34.411],[131.074,34.424],[131.113,34.409],[131.132,34.417],[131.156,34.372],[131.188,34.381],[131.198,34.398],[131.216,34.371],[131.225,34.392],[131.249,34.382],[131.307,34.383],[131.337,34.418],[131.361,34.411],[131.416,34.428],[131.42,34.443],[131.396,34.448],[131.397,34.46],[131.417,34.45],[131.447,34.477],[131.443,34.485],[131.462,34.486],[131.467,34.501],[131.45,34.507],[131.455,34.525],[131.467,34.538],[131.502,34.533],[131.54,34.564],[131.555,34.58],[131.56,34.618],[131.603,34.623],[131.603,34.634],[131.59,34.632],[131.604,34.662],[131.634,34.665],[131.649,34.641],[131.646,34.653],[131.675,34.665],[131.668,34.676],[131.691,34.681]]],[[[131.131,34.799],[131.164,34.777],[131.16,34.763],[131.136,34.759],[131.131,34.799]]]]}},{"type":"Feature","properties":{"name":"山口県西部"},"geometry":{"type":"MultiPolygon","coordinates":[[[[130.912,33.954],[130.928,33.927],[130.911,33.911],[130.901,33.917],[130.91,33.926],[130.9,33.922],[130.875,33.946],[130.912,33.954]]],[[[130.906,34.363],[130.928,34.341],[130.936,34.352],[130.993,34.358],[131.097,34.263],[131.172,34.264],[131.16,34.231],[131.108,34.206],[131.099,34.188],[131.117,34.16],[131.091,34.166],[131.083,34.147],[131.126,34.083],[131.164,34.093],[131.18,34.118],[131.21,34.114],[131.241,34.14],[131.274,34.141],[131.294,34.167],[131.318,34.167],[131.318,34.15],[131.372,34.136],[131.376,34.115],[131.346,34.108],[131.348,34.071],[131.292,34.002],[131.362,33.998],[131.348,33.981],[131.355,33.966],[131.267,33.923],[131.243,33.92],[131.253,33.936],[131.232,33.928],[131.248,33.943],[131.24,33.951],[131.215,33.937],[131.233,33.954],[131.225,33.948],[131.228,33.963],[131.224,33.95],[131.209,33.959],[131.21,33.945],[131.181,33.931],[131.158,33.953],[131.174,33.973],[131.161,33.975],[131.17,33.996],[131.157,33.989],[131.151,34.003],[131.134,34.004],[131.133,33.991],[131.101,34.032],[131.047,34.042],[131.037,34.057],[130.996,33.989],[130.915,33.939],[130.92,33.952],[130.906,33.955],[130.916,34.019],[130.904,34.025],[130.912,34.06],[130.888,34.066],[130.861,34.11],[130.867,34.136],[130.901,34.139],[130.896,34.153],[130.916,34.16],[130.933,34.188],[130.93,34.212],[130.916,34.216],[130.921,34.24],[130.867,34.287],[130.898,34.317],[130.89,34.344],[130.906,34.363]]]]}},{"type":"Feature","properties":{"name":"山口県東部"},"geometry":{"type":"MultiPolygon","coordinates":[[[[132.151,33.764],[132.153,33.727],[132.133,33.714],[132.151,33.764]]],[[[131.971,33.798],[131.993,33.78],[131.951,33.772],[131.947,33.78],[131.971,33.798]]],[[[132.209,33.817],[132.273,33.78],[132.258,33.767],[132.24,33.782],[132.216,33.781],[132.197,33.804],[132.173,33.796],[132.177,33.808],[132.209,33.817]]],[[[132.071,33.858],[132.118,33.83],[132.088,33.826],[132.05,33.785],[132.032,33.789],[132.079,33.828],[132.071,33.858]]],[[[132.234,33.968],[132.262,33.949],[132.285,33.956],[132.302,33.92],[132.32,33.922],[132.317,33.905],[132.332,33.901],[132.369,33.928],[132.401,33.928],[132.417,33.953],[132.472,33.947],[132.408,33.91],[132.376,33.914],[132.362,33.896],[132.372,33.862],[132.347,33.87],[132.327,33.858],[132.335,33.885],[132.29,33.891],[132.286,33.902],[132.268,33.89],[132.279,33.871],[132.22,33.875],[132.208,33.857],[132.204,33.879],[132.177,33.894],[132.174,33.927],[132.187,33.934],[132.185,33.954],[132.206,33.949],[132.214,33.965],[132.234,33.968]]],[[[132.046,34.469],[132.068,34.468],[132.081,34.443],[132.069,34.416],[132.077,34.389],[132.07,34.357],[132.095,34.35],[132.107,34.328],[132.127,34.333],[132.124,34.297],[132.14,34.285],[132.144,34.237],[132.205,34.229],[132.195,34.205],[132.246,34.211],[132.231,34.189],[132.249,34.177],[132.249,34.138],[132.258,34.137],[132.199,34.119],[132.209,34.055],[132.221,34.047],[132.214,34.004],[132.189,33.965],[132.119,33.953],[132.127,33.891],[132.159,33.855],[132.139,33.832],[132.116,33.833],[132.117,33.878],[132.083,33.889],[132.075,33.905],[132.045,33.909],[132.056,33.921],[132.025,33.902],[131.98,33.93],[131.965,33.919],[131.96,33.947],[131.936,33.947],[131.93,33.962],[131.925,33.953],[131.893,33.978],[131.909,33.997],[131.96,34.015],[131.965,34.032],[132.022,34.026],[132.03,34.042],[132.024,34.07],[131.998,34.064],[131.996,34.079],[131.968,34.088],[131.953,34.128],[131.96,34.198],[131.941,34.206],[131.937,34.23],[131.92,34.222],[131.892,34.235],[131.879,34.302],[131.888,34.327],[131.899,34.319],[131.919,34.338],[131.959,34.306],[131.974,34.341],[132.013,34.371],[131.99,34.413],[131.997,34.428],[132.016,34.438],[132.023,34.461],[132.046,34.469]]]]}},{"type":"Feature","properties":{"name":"山口県中部"},"geometry":{"type":"MultiPolygon","coordinates":[[[[131.858,33.99],[131.877,33.971],[131.858,33.964],[131.862,33.951],[131.827,33.931],[131.806,33.94],[131.822,33.959],[131.822,33.945],[131.834,33.957],[131.847,33.95],[131.842,33.967],[131.858,33.99]]],[[[131.586,34.024],[131.601,34.015],[131.591,33.999],[131.556,33.991],[131.586,34.024]]],[[[131.709,34.035],[131.711,34.0],[131.732,33.982],[131.72,33.98],[131.692,34.008],[131.705,34.01],[131.709,34.035]]],[[[131.773,34.05],[131.755,34.029],[131.729,34.022],[131.731,34.036],[131.753,34.033],[131.773,34.05]]],[[[131.66,34.504],[131.699,34.477],[131.697,34.436],[131.794,34.436],[131.785,34.401],[131.764,34.381],[131.775,34.338],[131.82,34.303],[131.882,34.308],[131.888,34.24],[131.919,34.222],[131.937,34.23],[131.945,34.201],[131.96,34.198],[131.953,34.129],[131.967,34.09],[131.993,34.082],[131.997,34.065],[132.025,34.069],[132.025,34.03],[131.965,34.033],[131.961,34.016],[131.892,33.979],[131.862,33.988],[131.864,34.006],[131.832,34.011],[131.818,33.993],[131.795,33.987],[131.821,33.977],[131.81,33.968],[131.77,33.981],[131.828,34.029],[131.804,34.043],[131.781,34.028],[131.797,34.059],[131.737,34.046],[131.76,34.067],[131.742,34.071],[131.698,34.047],[131.68,34.055],[131.676,34.043],[131.645,34.038],[131.634,34.047],[131.61,34.022],[131.6,34.039],[131.54,33.998],[131.51,34.004],[131.51,34.022],[131.474,34.038],[131.466,34.028],[131.48,34.012],[131.455,34.004],[131.461,33.988],[131.449,33.995],[131.438,33.983],[131.424,33.991],[131.432,34.007],[131.422,34.016],[131.396,33.985],[131.416,34.021],[131.395,34.026],[131.404,34.042],[131.386,34.051],[131.369,33.999],[131.297,33.996],[131.308,34.032],[131.349,34.075],[131.346,34.108],[131.37,34.108],[131.379,34.121],[131.369,34.151],[131.401,34.182],[131.405,34.208],[131.481,34.245],[131.5,34.241],[131.521,34.288],[131.558,34.308],[131.566,34.327],[131.554,34.362],[131.534,34.37],[131.548,34.389],[131.537,34.41],[131.606,34.41],[131.649,34.47],[131.647,34.499],[131.66,34.504]]]]}},{"type":"Feature","properties":{"name":"福岡県福岡"},"geometry":{"type":"MultiPolygon","coordinates":[[[[130.3,33.69],[130.318,33.665],[130.311,33.659],[130.287,33.679],[130.3,33.69]]],[[[130.525,33.89],[130.542,33.889],[130.591,33.819],[130.624,33.821],[130.637,33.807],[130.632,33.78],[130.555,33.752],[130.548,33.731],[130.559,33.721],[130.541,33.699],[130.542,33.676],[130.573,33.66],[130.566,33.647],[130.598,33.614],[130.559,33.598],[130.622,33.507],[130.581,33.474],[130.561,33.476],[130.581,33.437],[130.565,33.449],[130.538,33.439],[130.512,33.449],[130.477,33.438],[130.437,33.4],[130.411,33.395],[130.417,33.41],[130.397,33.427],[130.356,33.433],[130.276,33.479],[130.25,33.47],[130.199,33.481],[130.176,33.466],[130.149,33.477],[130.04,33.469],[130.045,33.496],[130.101,33.516],[130.127,33.51],[130.135,33.518],[130.124,33.526],[130.154,33.538],[130.163,33.561],[130.117,33.547],[130.135,33.568],[130.121,33.574],[130.098,33.564],[130.088,33.581],[130.108,33.585],[130.107,33.597],[130.148,33.594],[130.162,33.611],[130.157,33.628],[130.2,33.641],[130.208,33.666],[130.237,33.649],[130.224,33.634],[130.232,33.617],[130.274,33.611],[130.268,33.594],[130.251,33.6],[130.273,33.583],[130.378,33.606],[130.381,33.594],[130.393,33.597],[130.385,33.608],[130.402,33.605],[130.401,33.618],[130.415,33.621],[130.404,33.623],[130.408,33.644],[130.421,33.643],[130.405,33.652],[130.434,33.662],[130.43,33.687],[130.368,33.665],[130.36,33.644],[130.318,33.661],[130.377,33.673],[130.421,33.718],[130.456,33.734],[130.471,33.775],[130.448,33.786],[130.444,33.815],[130.47,33.815],[130.478,33.858],[130.518,33.861],[130.525,33.89]]],[[[130.439,33.915],[130.448,33.911],[130.43,33.887],[130.406,33.897],[130.408,33.911],[130.439,33.915]]]]}},{"type":"Feature","properties":{"name":"福岡県北九州"},"geometry":{"type":"MultiPolygon","coordinates":[[[[130.809,33.949],[130.85,33.941],[130.815,33.934],[130.82,33.926],[130.777,33.94],[130.825,33.955],[130.809,33.949]]],[[[131.002,33.97],[131.024,33.959],[131.001,33.924],[131.013,33.916],[130.988,33.9],[131.005,33.892],[131.002,33.875],[130.987,33.883],[130.993,33.851],[130.957,33.828],[130.975,33.825],[130.961,33.822],[130.978,33.812],[130.967,33.81],[131.012,33.819],[131.011,33.8],[130.997,33.81],[131.003,33.801],[130.985,33.786],[131.002,33.795],[130.993,33.774],[131.011,33.782],[131.017,33.769],[131.004,33.748],[131.016,33.751],[131.031,33.705],[131.056,33.69],[131.094,33.624],[131.114,33.618],[131.116,33.631],[131.132,33.624],[131.127,33.631],[131.16,33.617],[131.185,33.622],[131.172,33.583],[131.19,33.556],[131.166,33.528],[131.177,33.507],[131.118,33.502],[131.03,33.519],[130.977,33.507],[130.951,33.488],[130.898,33.614],[130.907,33.637],[130.893,33.637],[130.882,33.657],[130.89,33.669],[130.867,33.735],[130.821,33.721],[130.805,33.736],[130.797,33.779],[130.773,33.786],[130.758,33.77],[130.721,33.774],[130.675,33.822],[130.643,33.809],[130.614,33.823],[130.591,33.819],[130.542,33.885],[130.63,33.883],[130.663,33.901],[130.658,33.909],[130.682,33.924],[130.683,33.937],[130.738,33.927],[130.753,33.932],[130.74,33.939],[130.77,33.949],[130.76,33.94],[130.769,33.929],[130.754,33.921],[130.809,33.931],[130.815,33.902],[130.755,33.878],[130.745,33.888],[130.743,33.874],[130.802,33.891],[130.795,33.875],[130.805,33.875],[130.824,33.92],[130.855,33.929],[130.85,33.915],[130.869,33.918],[130.848,33.905],[130.873,33.915],[130.887,33.907],[130.867,33.898],[130.889,33.901],[130.878,33.891],[130.891,33.888],[130.932,33.908],[130.963,33.962],[130.989,33.958],[131.002,33.97]]]]}},{"type":"Feature","properties":{"name":"福岡県筑豊"},"geometry":{"type":"MultiPolygon","coordinates":[[[[130.676,33.819],[130.721,33.774],[130.757,33.769],[130.773,33.786],[130.796,33.78],[130.805,33.735],[130.821,33.721],[130.868,33.735],[130.89,33.67],[130.882,33.658],[130.893,33.636],[130.908,33.637],[130.898,33.614],[130.95,33.488],[130.926,33.458],[130.856,33.447],[130.836,33.47],[130.843,33.485],[130.819,33.49],[130.792,33.472],[130.766,33.488],[130.684,33.492],[130.653,33.511],[130.624,33.505],[130.581,33.559],[130.558,33.599],[130.598,33.615],[130.566,33.647],[130.574,33.66],[130.541,33.676],[130.542,33.706],[130.559,33.722],[130.552,33.745],[130.604,33.763],[130.617,33.782],[130.632,33.78],[130.635,33.812],[130.676,33.819]]]]}},{"type":"Feature","properties":{"name":"福岡県筑後"},"geometry":{"type":"MultiPolygon","coordinates":[[[[130.655,33.51],[130.682,33.492],[130.766,33.488],[130.791,33.472],[130.807,33.472],[130.819,33.49],[130.842,33.486],[130.836,33.469],[130.854,33.447],[130.899,33.451],[130.886,33.38],[130.864,33.377],[130.861,33.362],[130.835,33.344],[130.857,33.328],[130.866,33.294],[130.853,33.278],[130.867,33.263],[130.825,33.252],[130.829,33.235],[130.859,33.23],[130.836,33.211],[130.886,33.187],[130.874,33.168],[130.88,33.153],[130.861,33.117],[130.839,33.104],[130.771,33.124],[130.732,33.155],[130.692,33.152],[130.68,33.171],[130.658,33.109],[130.577,33.115],[130.562,33.104],[130.565,33.087],[130.497,33.052],[130.516,33.014],[130.506,33.003],[130.397,33.0],[130.418,33.008],[130.415,33.016],[130.393,33.005],[130.422,33.029],[130.425,33.054],[130.412,33.086],[130.388,33.095],[130.397,33.108],[130.372,33.121],[130.373,33.141],[130.356,33.14],[130.34,33.206],[130.378,33.221],[130.37,33.24],[130.39,33.245],[130.39,33.259],[130.415,33.253],[130.428,33.291],[130.438,33.289],[130.439,33.266],[130.45,33.265],[130.449,33.278],[130.468,33.288],[130.456,33.301],[130.489,33.315],[130.48,33.331],[130.499,33.326],[130.508,33.343],[130.536,33.345],[130.535,33.437],[130.554,33.45],[130.584,33.44],[130.563,33.46],[130.566,33.481],[130.58,33.473],[130.621,33.506],[130.655,33.51]]]]}},{"type":"Feature","properties":{"name":"佐賀県北部"},"geometry":{"type":"MultiPolygon","coordinates":[[[[129.849,33.557],[129.878,33.538],[129.876,33.516],[129.895,33.551],[129.918,33.542],[129.93,33.551],[129.931,33.536],[129.958,33.529],[129.969,33.512],[129.938,33.48],[129.956,33.469],[129.966,33.483],[129.962,33.459],[129.993,33.448],[130.034,33.451],[130.039,33.469],[130.107,33.478],[130.159,33.476],[130.17,33.464],[130.157,33.42],[130.171,33.416],[130.141,33.381],[130.143,33.339],[130.037,33.278],[129.981,33.275],[129.931,33.23],[129.901,33.227],[129.917,33.172],[129.937,33.166],[129.906,33.158],[129.818,33.184],[129.807,33.211],[129.815,33.242],[129.76,33.291],[129.79,33.34],[129.811,33.333],[129.803,33.331],[129.818,33.321],[129.814,33.309],[129.836,33.287],[129.854,33.292],[129.828,33.312],[129.85,33.329],[129.828,33.337],[129.849,33.337],[129.844,33.352],[129.868,33.373],[129.87,33.405],[129.824,33.412],[129.832,33.422],[129.783,33.451],[129.808,33.459],[129.794,33.471],[129.806,33.485],[129.839,33.462],[129.836,33.443],[129.858,33.454],[129.85,33.475],[129.832,33.475],[129.845,33.479],[129.828,33.518],[129.857,33.506],[129.84,33.524],[129.857,33.52],[129.849,33.557]]],[[[129.761,33.583],[129.774,33.575],[129.762,33.564],[129.74,33.573],[129.761,33.583]]]]}},{"type":"Feature","properties":{"name":"佐賀県南部"},"geometry":{"type":"MultiPolygon","coordinates":[[[[130.204,33.481],[130.251,33.471],[130.277,33.479],[130.355,33.434],[130.398,33.427],[130.416,33.411],[130.412,33.396],[130.438,33.4],[130.446,33.418],[130.512,33.449],[130.537,33.438],[130.542,33.374],[130.536,33.343],[130.478,33.328],[130.489,33.316],[130.456,33.302],[130.468,33.286],[130.449,33.278],[130.45,33.266],[130.439,33.266],[130.438,33.289],[130.428,33.291],[130.415,33.253],[130.392,33.26],[130.389,33.244],[130.37,33.238],[130.378,33.221],[130.34,33.206],[130.356,33.14],[130.288,33.147],[130.246,33.203],[130.192,33.141],[130.15,33.113],[130.126,33.117],[130.137,33.097],[130.129,33.092],[130.141,33.093],[130.145,33.073],[130.182,33.031],[130.192,32.99],[130.225,32.972],[130.212,32.955],[130.06,32.987],[130.028,33.02],[130.001,33.026],[129.982,33.057],[129.939,33.074],[129.922,33.09],[129.926,33.107],[129.951,33.11],[129.956,33.128],[129.943,33.164],[129.918,33.171],[129.897,33.224],[129.931,33.23],[129.981,33.275],[130.037,33.278],[130.127,33.339],[130.142,33.339],[130.14,33.378],[130.171,33.416],[130.157,33.419],[130.169,33.466],[130.204,33.481]]]]}},{"type":"Feature","properties":{"name":"長崎県北部"},"geometry":{"type":"MultiPolygon","coordinates":[[[[129.768,33.143],[129.796,33.133],[129.793,33.083],[129.766,33.078],[129.769,33.101],[129.759,33.089],[129.781,33.062],[129.767,33.05],[129.758,33.063],[129.743,33.061],[129.749,33.077],[129.729,33.101],[129.753,33.1],[129.744,33.122],[129.76,33.114],[129.759,33.128],[129.774,33.126],[129.758,33.133],[129.768,33.143]]],[[[129.544,33.152],[129.55,33.137],[129.536,33.131],[129.504,33.14],[129.544,33.152]]],[[[129.673,33.399],[129.686,33.388],[129.669,33.367],[129.678,33.353],[129.696,33.361],[129.707,33.347],[129.749,33.367],[129.772,33.355],[129.776,33.372],[129.791,33.37],[129.793,33.344],[129.759,33.292],[129.815,33.242],[129.807,33.212],[129.817,33.185],[129.888,33.156],[129.943,33.164],[129.957,33.119],[129.927,33.108],[129.923,33.091],[130.043,33.004],[129.963,32.984],[129.948,32.992],[129.945,33.016],[129.876,33.065],[129.844,33.048],[129.84,33.056],[129.822,33.037],[129.821,33.055],[129.837,33.06],[129.798,33.066],[129.807,33.077],[129.788,33.103],[129.794,33.138],[129.755,33.147],[129.732,33.137],[129.731,33.124],[129.72,33.141],[129.73,33.158],[129.716,33.167],[129.699,33.16],[129.711,33.127],[129.699,33.125],[129.711,33.116],[129.674,33.12],[129.666,33.101],[129.658,33.133],[129.681,33.126],[129.683,33.139],[129.698,33.141],[129.671,33.169],[129.636,33.167],[129.656,33.192],[129.645,33.196],[129.64,33.223],[129.627,33.188],[129.622,33.216],[129.616,33.204],[129.601,33.207],[129.614,33.225],[129.596,33.209],[129.553,33.217],[129.569,33.231],[129.567,33.245],[129.556,33.243],[129.576,33.262],[129.572,33.274],[129.58,33.28],[129.58,33.267],[129.592,33.277],[129.586,33.294],[129.622,33.31],[129.588,33.305],[129.562,33.325],[129.576,33.333],[129.569,33.377],[129.597,33.381],[129.592,33.37],[129.618,33.376],[129.625,33.362],[129.646,33.365],[129.673,33.399]]],[[[129.555,33.41],[129.563,33.39],[129.553,33.369],[129.57,33.357],[129.546,33.348],[129.544,33.331],[129.514,33.331],[129.532,33.31],[129.501,33.301],[129.51,33.288],[129.477,33.288],[129.505,33.27],[129.464,33.215],[129.394,33.174],[129.371,33.17],[129.349,33.182],[129.356,33.207],[129.366,33.187],[129.4,33.18],[129.407,33.196],[129.381,33.207],[129.382,33.227],[129.399,33.24],[129.424,33.226],[129.42,33.239],[129.435,33.237],[129.404,33.265],[129.407,33.278],[129.427,33.28],[129.424,33.29],[129.447,33.291],[129.433,33.314],[129.444,33.331],[129.438,33.348],[129.499,33.356],[129.512,33.382],[129.523,33.354],[129.525,33.379],[129.552,33.381],[129.522,33.387],[129.519,33.4],[129.555,33.41]]],[[[129.797,33.415],[129.832,33.405],[129.834,33.384],[129.859,33.376],[129.819,33.366],[129.808,33.35],[129.813,33.403],[129.797,33.415]]],[[[129.435,33.441],[129.437,33.362],[129.415,33.351],[129.397,33.361],[129.422,33.408],[129.421,33.432],[129.435,33.441]]],[[[129.755,33.47],[129.771,33.461],[129.769,33.443],[129.793,33.431],[129.763,33.433],[129.758,33.415],[129.748,33.421],[129.733,33.406],[129.719,33.418],[129.745,33.429],[129.74,33.437],[129.76,33.455],[129.755,33.47]]],[[[129.556,33.511],[129.554,33.489],[129.565,33.501],[129.584,33.495],[129.575,33.481],[129.553,33.469],[129.529,33.486],[129.513,33.48],[129.521,33.471],[129.497,33.471],[129.556,33.511]]]]}},{"type":"Feature","properties":{"name":"長崎県南西部"},"geometry":{"type":"MultiPolygon","coordinates":[[[[129.599,32.948],[129.623,32.938],[129.616,32.917],[129.598,32.925],[129.599,32.948]]],[[[129.247,33.023],[129.25,33.013],[129.261,33.02],[129.256,33.002],[129.234,32.989],[129.239,33.0],[129.222,33.001],[129.247,33.023]]],[[[129.562,33.03],[129.59,33.022],[129.555,33.001],[129.575,33.021],[129.564,33.018],[129.562,33.03]]],[[[129.609,33.065],[129.637,33.062],[129.629,33.04],[129.608,33.023],[129.589,33.027],[129.609,33.065]]],[[[129.68,33.1],[129.721,33.08],[129.714,33.071],[129.73,33.075],[129.729,33.046],[129.749,33.06],[129.762,33.049],[129.734,33.017],[129.739,32.989],[129.752,33.0],[129.76,32.994],[129.762,33.005],[129.752,33.003],[129.764,33.022],[129.801,33.008],[129.822,32.984],[129.825,32.971],[129.807,32.961],[129.818,32.948],[129.813,32.92],[129.799,32.921],[129.799,32.954],[129.783,32.942],[129.788,32.901],[129.806,32.909],[129.81,32.893],[129.802,32.88],[129.791,32.885],[129.789,32.867],[129.817,32.863],[129.847,32.833],[129.852,32.859],[129.869,32.845],[129.881,32.882],[129.892,32.869],[129.898,32.88],[129.934,32.858],[129.95,32.863],[129.977,32.837],[130.004,32.84],[129.963,32.876],[129.971,32.89],[129.949,32.896],[129.957,32.905],[129.927,32.936],[129.928,32.969],[129.957,32.992],[129.967,32.984],[130.044,33.004],[130.088,32.974],[130.203,32.958],[130.201,32.929],[130.153,32.899],[130.173,32.871],[130.149,32.846],[130.158,32.836],[130.136,32.809],[130.143,32.795],[130.085,32.795],[130.024,32.758],[129.955,32.764],[129.954,32.737],[129.925,32.708],[129.914,32.713],[129.894,32.661],[129.839,32.641],[129.838,32.621],[129.779,32.582],[129.782,32.572],[129.764,32.583],[129.739,32.569],[129.737,32.581],[129.781,32.604],[129.817,32.655],[129.82,32.685],[129.804,32.678],[129.793,32.695],[129.83,32.708],[129.821,32.695],[129.837,32.689],[129.871,32.747],[129.846,32.721],[129.816,32.718],[129.831,32.738],[129.805,32.744],[129.814,32.76],[129.797,32.761],[129.801,32.778],[129.767,32.798],[129.775,32.82],[129.746,32.822],[129.738,32.806],[129.717,32.834],[129.702,32.831],[129.652,32.931],[129.639,32.919],[129.633,32.926],[129.627,32.978],[129.662,33.001],[129.647,33.038],[129.677,33.062],[129.661,33.071],[129.678,33.077],[129.662,33.076],[129.68,33.1]]]]}},{"type":"Feature","properties":{"name":"長崎県島原半島"},"geometry":{"type":"MultiPolygon","coordinates":[[[[130.305,32.879],[130.341,32.855],[130.382,32.779],[130.371,32.765],[130.376,32.74],[130.346,32.709],[130.359,32.689],[130.313,32.654],[130.26,32.653],[130.259,32.633],[130.239,32.627],[130.232,32.611],[130.188,32.612],[130.198,32.601],[130.169,32.591],[130.169,32.62],[130.13,32.641],[130.126,32.689],[130.142,32.678],[130.172,32.693],[130.21,32.742],[130.184,32.763],[130.187,32.789],[130.14,32.797],[130.136,32.808],[130.156,32.825],[130.15,32.847],[130.174,32.87],[130.195,32.848],[130.249,32.877],[130.305,32.879]]]]}},{"type":"Feature","properties":{"name":"長崎県対馬"},"geometry":{"type":"MultiPolygon","coordinates":[[[[129.383,34.304],[129.393,34.296],[129.358,34.272],[129.351,34.294],[129.37,34.303],[129.377,34.291],[129.374,34.303],[129.383,34.304]]],[[[129.205,34.332],[129.228,34.324],[129.222,34.292],[129.256,34.312],[129.257,34.292],[129.28,34.306],[129.29,34.279],[129.289,34.304],[129.265,34.321],[129.278,34.327],[129.28,34.316],[129.294,34.32],[129.296,34.301],[129.31,34.308],[129.305,34.278],[129.308,34.289],[129.318,34.276],[129.317,34.299],[129.334,34.289],[129.339,34.3],[129.354,34.277],[129.329,34.276],[129.317,34.261],[129.326,34.227],[129.296,34.218],[129.299,34.195],[129.289,34.2],[129.283,34.188],[129.297,34.185],[129.289,34.176],[129.296,34.161],[129.282,34.164],[129.284,34.146],[129.274,34.146],[129.282,34.13],[129.254,34.127],[129.261,34.114],[129.24,34.102],[129.23,34.113],[129.23,34.095],[129.215,34.084],[129.215,34.113],[129.204,34.104],[129.184,34.119],[129.167,34.105],[129.205,34.332]]],[[[129.297,34.337],[129.312,34.326],[129.327,34.336],[129.334,34.305],[129.321,34.306],[129.329,34.313],[129.321,34.308],[129.317,34.324],[129.291,34.323],[129.297,34.337]]],[[[129.449,34.707],[129.457,34.692],[129.482,34.694],[129.474,34.674],[129.494,34.683],[129.484,34.668],[129.497,34.668],[129.467,34.654],[129.49,34.645],[129.471,34.627],[129.48,34.617],[129.461,34.614],[129.447,34.632],[129.457,34.612],[129.433,34.617],[129.479,34.596],[129.473,34.555],[129.457,34.554],[129.464,34.543],[129.445,34.53],[129.451,34.523],[129.369,34.453],[129.386,34.428],[129.369,34.44],[129.366,34.419],[129.375,34.426],[129.379,34.412],[129.352,34.387],[129.385,34.396],[129.398,34.413],[129.391,34.384],[129.374,34.39],[129.375,34.371],[129.394,34.36],[129.365,34.346],[129.387,34.347],[129.395,34.335],[129.365,34.339],[129.379,34.312],[129.363,34.32],[129.371,34.312],[129.352,34.296],[129.356,34.31],[129.345,34.3],[129.334,34.319],[129.353,34.319],[129.344,34.336],[129.36,34.34],[129.34,34.356],[129.355,34.375],[129.334,34.363],[129.339,34.38],[129.321,34.37],[129.326,34.351],[129.308,34.337],[129.312,34.347],[129.3,34.349],[129.312,34.36],[129.298,34.369],[129.31,34.385],[129.294,34.375],[129.283,34.383],[129.292,34.373],[129.278,34.364],[129.299,34.355],[129.288,34.356],[129.288,34.339],[129.281,34.354],[129.284,34.344],[129.272,34.357],[129.244,34.35],[129.228,34.362],[129.243,34.369],[129.251,34.355],[129.253,34.367],[129.277,34.374],[129.272,34.413],[129.285,34.415],[129.273,34.438],[129.286,34.444],[129.294,34.433],[129.294,34.447],[129.311,34.455],[129.303,34.464],[129.283,34.449],[129.274,34.469],[129.308,34.527],[129.315,34.515],[129.318,34.536],[129.345,34.532],[129.329,34.533],[129.328,34.551],[129.315,34.549],[129.306,34.568],[129.286,34.562],[129.306,34.589],[129.32,34.647],[129.397,34.64],[129.383,34.649],[129.409,34.678],[129.434,34.673],[129.415,34.691],[129.44,34.693],[129.449,34.707]]]]}},{"type":"Feature","properties":{"name":"長崎県壱岐"},"geometry":{"type":"MultiPolygon","coordinates":[[[[129.704,33.864],[129.77,33.845],[129.765,33.813],[129.749,33.807],[129.799,33.785],[129.764,33.784],[129.766,33.767],[129.779,33.773],[129.797,33.754],[129.788,33.742],[129.733,33.738],[129.717,33.704],[129.691,33.713],[129.696,33.726],[129.677,33.728],[129.687,33.741],[129.673,33.759],[129.654,33.739],[129.654,33.761],[129.643,33.767],[129.651,33.774],[129.686,33.759],[129.678,33.777],[129.656,33.78],[129.651,33.8],[129.667,33.8],[129.651,33.809],[129.661,33.813],[129.675,33.797],[129.688,33.805],[129.672,33.838],[129.704,33.864]]]]}},{"type":"Feature","properties":{"name":"長崎県五島"},"geometry":{"type":"MultiPolygon","coordinates":[[[[128.635,32.68],[128.636,32.646],[128.623,32.638],[128.616,32.659],[128.635,32.68]]],[[[128.993,32.791],[129.006,32.753],[128.989,32.755],[128.986,32.742],[128.964,32.747],[128.988,32.758],[128.993,32.791]]],[[[128.809,32.798],[128.804,32.775],[128.826,32.759],[128.804,32.752],[128.835,32.761],[128.826,32.74],[128.832,32.752],[128.856,32.746],[128.843,32.742],[128.841,32.709],[128.849,32.689],[128.856,32.695],[128.897,32.654],[128.893,32.641],[128.821,32.636],[128.807,32.656],[128.77,32.645],[128.762,32.619],[128.794,32.599],[128.772,32.574],[128.753,32.579],[128.735,32.607],[128.666,32.608],[128.657,32.59],[128.598,32.613],[128.612,32.647],[128.623,32.634],[128.612,32.621],[128.626,32.627],[128.645,32.603],[128.667,32.629],[128.642,32.619],[128.636,32.628],[128.654,32.64],[128.644,32.654],[128.667,32.645],[128.65,32.657],[128.671,32.651],[128.663,32.667],[128.677,32.672],[128.649,32.681],[128.648,32.7],[128.662,32.708],[128.646,32.721],[128.654,32.742],[128.64,32.761],[128.656,32.78],[128.697,32.767],[128.698,32.738],[128.737,32.758],[128.725,32.747],[128.741,32.751],[128.738,32.738],[128.758,32.769],[128.772,32.734],[128.781,32.756],[128.799,32.755],[128.793,32.765],[128.766,32.762],[128.809,32.798]]],[[[128.864,32.845],[128.901,32.821],[128.91,32.799],[128.88,32.764],[128.835,32.781],[128.838,32.838],[128.861,32.835],[128.871,32.807],[128.863,32.802],[128.878,32.8],[128.864,32.845]]],[[[128.942,32.885],[128.964,32.852],[128.954,32.847],[128.96,32.83],[128.942,32.827],[128.952,32.815],[128.942,32.8],[128.935,32.828],[128.934,32.817],[128.914,32.821],[128.93,32.828],[128.92,32.843],[128.891,32.864],[128.89,32.852],[128.873,32.862],[128.889,32.866],[128.888,32.877],[128.907,32.875],[128.932,32.838],[128.923,32.869],[128.943,32.849],[128.942,32.885]]],[[[128.963,32.932],[128.967,32.918],[128.954,32.915],[128.97,32.912],[128.962,32.904],[128.931,32.918],[128.946,32.925],[128.956,32.916],[128.963,32.932]]],[[[128.99,32.933],[129.001,32.92],[129.016,32.923],[129.033,32.896],[129.022,32.889],[129.032,32.888],[129.021,32.874],[129.027,32.845],[129.013,32.868],[128.979,32.859],[128.981,32.872],[128.966,32.873],[128.975,32.878],[128.963,32.904],[128.983,32.895],[128.987,32.88],[128.992,32.894],[129.004,32.882],[129.001,32.902],[128.98,32.905],[128.99,32.933]]],[[[129.113,33.164],[129.103,33.125],[129.12,33.098],[129.113,33.062],[129.091,33.039],[129.087,32.984],[129.122,32.985],[129.135,33.002],[129.165,33.008],[129.183,33.003],[129.183,32.979],[129.139,32.937],[129.118,32.938],[129.103,32.962],[129.108,32.925],[129.085,32.926],[129.095,32.904],[129.081,32.896],[129.1,32.861],[129.066,32.862],[129.06,32.817],[129.043,32.822],[129.051,32.826],[129.04,32.874],[129.06,32.889],[129.043,32.893],[129.038,32.908],[129.059,32.906],[129.06,32.896],[129.068,32.904],[129.051,32.921],[129.027,32.919],[129.041,32.932],[129.036,32.946],[129.022,32.933],[129.014,32.949],[128.992,32.944],[129.003,32.945],[128.997,32.965],[129.012,32.977],[129.029,32.961],[129.047,32.976],[129.049,32.96],[129.052,32.978],[129.066,32.981],[129.044,32.987],[129.042,33.027],[129.067,33.046],[129.07,33.02],[129.088,33.024],[129.075,33.056],[129.107,33.087],[129.095,33.122],[129.113,33.164]]],[[[129.123,33.214],[129.143,33.192],[129.131,33.185],[129.132,33.159],[129.115,33.205],[129.123,33.214]]],[[[129.057,33.22],[129.068,33.207],[129.097,33.216],[129.08,33.208],[129.095,33.192],[129.064,33.195],[129.05,33.183],[129.046,33.196],[129.03,33.197],[129.057,33.22]]],[[[129.129,33.302],[129.142,33.296],[129.141,33.277],[129.157,33.272],[129.129,33.26],[129.128,33.247],[129.073,33.26],[129.071,33.272],[129.121,33.289],[129.129,33.302]]]]}},{"type":"Feature","properties":{"name":"熊本県阿蘇"},"geometry":{"type":"MultiPolygon","coordinates":[[[[131.062,33.194],[131.112,33.183],[131.162,33.139],[131.175,33.083],[131.217,33.054],[131.226,33.013],[131.264,32.977],[131.246,32.96],[131.257,32.887],[131.327,32.837],[131.265,32.826],[131.235,32.781],[131.246,32.77],[131.234,32.753],[131.202,32.768],[131.196,32.8],[131.157,32.82],[131.127,32.795],[131.003,32.789],[130.972,32.834],[130.988,32.874],[130.949,32.876],[130.967,32.903],[130.957,32.914],[130.964,32.946],[130.943,32.963],[130.956,33.004],[131.012,33.044],[131.011,33.074],[131.024,33.088],[130.978,33.142],[130.986,33.169],[130.994,33.184],[131.016,33.177],[131.062,33.194]]]]}},{"type":"Feature","properties":{"name":"熊本県熊本"},"geometry":{"type":"MultiPolygon","coordinates":[[[[130.493,32.61],[130.512,32.597],[130.489,32.576],[130.494,32.587],[130.474,32.603],[130.493,32.61]]],[[[130.689,33.164],[130.692,33.152],[130.735,33.153],[130.845,33.092],[130.886,33.087],[130.917,33.053],[130.958,33.045],[130.97,33.024],[130.943,32.963],[130.965,32.947],[130.957,32.914],[130.967,32.903],[130.949,32.876],[130.988,32.874],[130.972,32.834],[131.0,32.791],[131.039,32.784],[131.127,32.795],[131.158,32.819],[131.198,32.798],[131.202,32.767],[131.235,32.75],[131.181,32.713],[131.175,32.672],[131.144,32.676],[131.116,32.642],[131.12,32.605],[131.107,32.581],[131.042,32.58],[131.039,32.555],[131.018,32.547],[131.025,32.521],[131.009,32.515],[131.014,32.462],[130.988,32.447],[130.911,32.44],[130.9,32.468],[130.865,32.493],[130.795,32.494],[130.737,32.471],[130.741,32.454],[130.723,32.45],[130.729,32.428],[130.72,32.419],[130.743,32.399],[130.684,32.339],[130.67,32.341],[130.653,32.378],[130.627,32.364],[130.559,32.383],[130.531,32.367],[130.543,32.419],[130.574,32.434],[130.565,32.475],[130.543,32.484],[130.545,32.499],[130.565,32.505],[130.531,32.52],[130.572,32.507],[130.536,32.526],[130.543,32.537],[130.562,32.538],[130.59,32.576],[130.634,32.603],[130.618,32.619],[130.653,32.613],[130.661,32.632],[130.651,32.642],[130.594,32.623],[130.46,32.607],[130.452,32.625],[130.462,32.634],[130.538,32.665],[130.575,32.706],[130.606,32.713],[130.598,32.775],[130.614,32.793],[130.58,32.828],[130.584,32.841],[130.524,32.851],[130.523,32.881],[130.459,32.904],[130.461,32.919],[130.443,32.915],[130.429,32.996],[130.414,33.002],[130.507,33.004],[130.516,33.014],[130.498,33.052],[130.566,33.087],[130.563,33.105],[130.58,33.116],[130.66,33.109],[130.667,33.157],[130.68,33.171],[130.689,33.164]]]]}},{"type":"Feature","properties":{"name":"熊本県球磨"},"geometry":{"type":"MultiPolygon","coordinates":[[[[130.842,32.496],[130.894,32.474],[130.911,32.44],[130.987,32.447],[131.016,32.461],[131.044,32.408],[131.068,32.408],[131.074,32.362],[131.111,32.329],[131.079,32.282],[131.051,32.286],[131.042,32.252],[131.1,32.202],[131.108,32.16],[131.059,32.155],[131.012,32.174],[130.975,32.137],[130.974,32.122],[130.956,32.115],[130.907,32.133],[130.858,32.1],[130.742,32.098],[130.736,32.109],[130.699,32.107],[130.655,32.136],[130.652,32.151],[130.622,32.157],[130.61,32.187],[130.58,32.194],[130.591,32.263],[130.614,32.278],[130.599,32.295],[130.613,32.312],[130.604,32.342],[130.638,32.356],[130.652,32.378],[130.67,32.34],[130.694,32.343],[130.742,32.4],[130.721,32.418],[130.723,32.451],[130.741,32.454],[130.737,32.471],[130.794,32.494],[130.842,32.496]]]]}},{"type":"Feature","properties":{"name":"熊本県天草・芦北"},"geometry":{"type":"MultiPolygon","coordinates":[[[[130.029,32.191],[130.047,32.157],[130.032,32.175],[130.017,32.163],[130.029,32.191]]],[[[130.355,32.352],[130.375,32.345],[130.349,32.315],[130.301,32.304],[130.331,32.313],[130.33,32.333],[130.355,32.352]]],[[[130.315,32.368],[130.342,32.356],[130.338,32.347],[130.311,32.339],[130.324,32.348],[130.3,32.358],[130.315,32.368]]],[[[130.54,32.402],[130.532,32.366],[130.559,32.383],[130.642,32.364],[130.603,32.341],[130.613,32.312],[130.599,32.296],[130.614,32.277],[130.591,32.263],[130.579,32.194],[130.596,32.177],[130.583,32.155],[130.542,32.149],[130.54,32.137],[130.477,32.139],[130.468,32.116],[130.403,32.12],[130.36,32.182],[130.379,32.178],[130.373,32.204],[130.402,32.235],[130.435,32.233],[130.428,32.263],[130.45,32.272],[130.449,32.288],[130.466,32.277],[130.465,32.296],[130.477,32.287],[130.491,32.299],[130.47,32.301],[130.465,32.326],[130.483,32.328],[130.483,32.344],[130.507,32.355],[130.486,32.363],[130.513,32.392],[130.539,32.41],[130.54,32.402]]],[[[130.461,32.53],[130.438,32.471],[130.407,32.435],[130.423,32.433],[130.415,32.422],[130.402,32.427],[130.411,32.415],[130.404,32.395],[130.381,32.383],[130.368,32.39],[130.354,32.377],[130.35,32.422],[130.329,32.399],[130.286,32.397],[130.274,32.412],[130.252,32.387],[130.234,32.385],[130.248,32.399],[130.242,32.415],[130.224,32.413],[130.205,32.443],[130.254,32.477],[130.29,32.484],[130.316,32.518],[130.34,32.514],[130.367,32.528],[130.368,32.514],[130.383,32.524],[130.377,32.517],[130.388,32.518],[130.394,32.5],[130.418,32.524],[130.43,32.516],[130.461,32.53]]],[[[130.177,32.55],[130.2,32.536],[130.192,32.496],[130.208,32.473],[130.198,32.459],[130.217,32.424],[130.193,32.388],[130.22,32.392],[130.224,32.366],[130.204,32.326],[130.181,32.311],[130.168,32.317],[130.178,32.338],[130.159,32.336],[130.157,32.313],[130.143,32.317],[130.14,32.298],[130.166,32.297],[130.145,32.282],[130.137,32.291],[130.107,32.254],[130.091,32.254],[130.102,32.234],[130.09,32.227],[130.092,32.243],[130.08,32.243],[130.078,32.212],[130.044,32.199],[130.029,32.214],[130.032,32.196],[130.013,32.19],[130.011,32.202],[130.0,32.191],[129.99,32.199],[130.014,32.232],[129.989,32.241],[129.998,32.253],[129.967,32.243],[129.981,32.268],[130.013,32.299],[130.026,32.3],[130.033,32.275],[130.035,32.302],[130.051,32.304],[130.045,32.292],[130.062,32.277],[130.072,32.3],[130.042,32.314],[130.032,32.303],[130.026,32.316],[129.994,32.307],[129.995,32.322],[129.978,32.329],[129.977,32.361],[130.037,32.465],[130.031,32.486],[130.035,32.476],[130.047,32.491],[130.034,32.519],[130.013,32.53],[130.037,32.536],[130.045,32.513],[130.119,32.548],[130.177,32.55]]],[[[130.473,32.588],[130.487,32.571],[130.465,32.54],[130.461,32.574],[130.473,32.588]]],[[[130.443,32.626],[130.458,32.614],[130.441,32.602],[130.46,32.588],[130.443,32.57],[130.453,32.554],[130.405,32.551],[130.419,32.575],[130.395,32.591],[130.41,32.614],[130.425,32.604],[130.42,32.618],[130.443,32.626]]]]}},{"type":"Feature","properties":{"name":"大分県北部"},"geometry":{"type":"MultiPolygon","coordinates":[[[[131.586,33.693],[131.616,33.675],[131.637,33.682],[131.651,33.661],[131.665,33.668],[131.729,33.588],[131.745,33.543],[131.729,33.501],[131.739,33.465],[131.726,33.465],[131.721,33.449],[131.652,33.436],[131.657,33.457],[131.609,33.471],[131.587,33.559],[131.56,33.543],[131.532,33.502],[131.534,33.477],[131.484,33.493],[131.448,33.527],[131.423,33.518],[131.438,33.499],[131.424,33.506],[131.406,33.49],[131.424,33.472],[131.433,33.436],[131.406,33.381],[131.433,33.358],[131.401,33.35],[131.398,33.325],[131.354,33.31],[131.303,33.337],[131.276,33.336],[131.251,33.361],[131.211,33.361],[131.196,33.349],[131.145,33.379],[131.124,33.368],[131.099,33.388],[131.068,33.384],[131.057,33.361],[131.025,33.358],[131.008,33.393],[130.927,33.457],[130.942,33.485],[130.972,33.505],[131.029,33.518],[131.076,33.505],[131.177,33.507],[131.166,33.528],[131.188,33.547],[131.172,33.583],[131.188,33.62],[131.233,33.601],[131.255,33.616],[131.257,33.598],[131.279,33.581],[131.329,33.582],[131.341,33.571],[131.409,33.579],[131.431,33.568],[131.423,33.595],[131.431,33.574],[131.424,33.592],[131.469,33.614],[131.481,33.642],[131.505,33.657],[131.5,33.671],[131.56,33.687],[131.573,33.675],[131.586,33.693]]],[[[131.672,33.739],[131.702,33.73],[131.631,33.719],[131.672,33.739]]]]}},{"type":"Feature","properties":{"name":"大分県中部"},"geometry":{"type":"MultiPolygon","coordinates":[[[[131.589,33.558],[131.585,33.535],[131.608,33.471],[131.658,33.456],[131.654,33.436],[131.719,33.448],[131.702,33.406],[131.662,33.409],[131.673,33.417],[131.66,33.423],[131.629,33.421],[131.649,33.384],[131.597,33.372],[131.594,33.347],[131.551,33.35],[131.53,33.367],[131.499,33.361],[131.512,33.268],[131.593,33.246],[131.659,33.277],[131.669,33.258],[131.664,33.278],[131.684,33.267],[131.68,33.28],[131.692,33.279],[131.759,33.24],[131.755,33.252],[131.805,33.242],[131.856,33.255],[131.871,33.249],[131.869,33.26],[131.903,33.267],[131.871,33.236],[131.877,33.225],[131.861,33.205],[131.869,33.202],[131.833,33.181],[131.827,33.15],[131.8,33.125],[131.831,33.126],[131.844,33.115],[131.898,33.135],[131.915,33.123],[131.852,33.089],[131.868,33.083],[131.86,33.077],[131.91,33.083],[131.911,33.067],[131.924,33.066],[131.941,33.097],[131.944,33.069],[131.966,33.073],[131.971,33.062],[131.989,33.069],[131.987,33.09],[132.002,33.096],[132.003,33.07],[131.973,33.054],[131.937,33.064],[131.891,33.042],[131.792,33.035],[131.774,33.003],[131.782,32.979],[131.671,32.951],[131.629,33.013],[131.636,33.035],[131.659,33.038],[131.649,33.057],[131.678,33.087],[131.643,33.083],[131.606,33.102],[131.578,33.1],[131.553,33.12],[131.505,33.099],[131.494,33.076],[131.466,33.072],[131.456,33.097],[131.422,33.08],[131.429,33.13],[131.458,33.139],[131.417,33.154],[131.391,33.152],[131.349,33.106],[131.257,33.123],[131.275,33.149],[131.324,33.173],[131.296,33.18],[131.312,33.18],[131.269,33.231],[131.333,33.293],[131.318,33.305],[131.398,33.325],[131.401,33.349],[131.433,33.357],[131.406,33.38],[131.433,33.436],[131.424,33.472],[131.406,33.487],[131.423,33.506],[131.439,33.499],[131.421,33.517],[131.447,33.527],[131.483,33.493],[131.534,33.477],[131.532,33.502],[131.554,33.537],[131.589,33.558]]]]}},{"type":"Feature","properties":{"name":"大分県南部"},"geometry":{"type":"MultiPolygon","coordinates":[[[[131.935,33.016],[131.944,33.013],[131.927,32.997],[131.944,32.994],[131.913,32.983],[131.92,33.013],[131.935,33.016]]],[[[131.554,33.118],[131.644,33.082],[131.679,33.087],[131.649,33.058],[131.659,33.037],[131.636,33.034],[131.63,33.015],[131.666,32.952],[131.783,32.979],[131.775,33.005],[131.79,33.034],[131.889,33.042],[131.937,33.065],[131.973,33.053],[132.003,33.07],[132.018,33.06],[131.98,33.047],[131.93,33.053],[131.923,33.027],[131.901,33.01],[131.906,32.996],[131.899,33.006],[131.89,32.992],[131.896,32.982],[131.96,32.946],[131.96,32.959],[131.974,32.964],[131.982,32.94],[132.003,32.958],[132.003,32.932],[132.034,32.94],[132.033,32.954],[132.079,32.945],[132.085,32.932],[132.026,32.935],[132.009,32.925],[132.01,32.906],[131.977,32.922],[131.986,32.889],[131.995,32.899],[132.015,32.891],[131.962,32.847],[131.95,32.855],[131.957,32.842],[131.943,32.837],[131.958,32.836],[131.964,32.819],[131.964,32.839],[131.982,32.825],[131.975,32.845],[131.987,32.846],[132.008,32.827],[131.973,32.806],[131.971,32.792],[131.947,32.806],[131.937,32.785],[131.923,32.801],[131.919,32.785],[131.907,32.794],[131.901,32.786],[131.89,32.805],[131.896,32.765],[131.875,32.791],[131.872,32.751],[131.886,32.746],[131.854,32.737],[131.844,32.776],[131.859,32.821],[131.824,32.83],[131.794,32.822],[131.767,32.839],[131.736,32.831],[131.711,32.772],[131.593,32.775],[131.569,32.754],[131.512,32.77],[131.517,32.8],[131.476,32.837],[131.437,32.829],[131.421,32.812],[131.356,32.805],[131.347,32.83],[131.397,32.861],[131.388,32.868],[131.401,32.881],[131.398,32.93],[131.424,32.968],[131.418,33.002],[131.379,33.026],[131.405,33.048],[131.396,33.061],[131.404,33.081],[131.454,33.097],[131.459,33.076],[131.474,33.07],[131.495,33.076],[131.507,33.1],[131.554,33.118]]]]}},{"type":"Feature","properties":{"name":"大分県西部"},"geometry":{"type":"MultiPolygon","coordinates":[[[[130.927,33.457],[131.008,33.393],[131.025,33.358],[131.056,33.361],[131.068,33.383],[131.098,33.388],[131.131,33.365],[131.139,33.381],[131.197,33.349],[131.21,33.361],[131.251,33.361],[131.276,33.336],[131.304,33.337],[131.333,33.318],[131.318,33.306],[131.333,33.292],[131.27,33.23],[131.313,33.181],[131.297,33.179],[131.324,33.173],[131.275,33.149],[131.256,33.124],[131.349,33.105],[131.391,33.152],[131.437,33.152],[131.458,33.139],[131.43,33.132],[131.433,33.108],[131.395,33.062],[131.406,33.049],[131.379,33.027],[131.418,33.003],[131.424,32.968],[131.397,32.93],[131.401,32.883],[131.386,32.847],[131.329,32.833],[131.261,32.882],[131.246,32.96],[131.263,32.977],[131.224,33.017],[131.216,33.054],[131.175,33.083],[131.161,33.141],[131.106,33.186],[131.061,33.195],[131.015,33.177],[130.993,33.183],[130.979,33.14],[131.024,33.089],[131.011,33.071],[131.012,33.044],[130.99,33.024],[130.971,33.024],[130.947,33.052],[130.916,33.053],[130.878,33.091],[130.844,33.094],[130.84,33.104],[130.862,33.118],[130.887,33.186],[130.837,33.211],[130.859,33.23],[130.826,33.237],[130.829,33.258],[130.868,33.265],[130.852,33.277],[130.866,33.292],[130.856,33.328],[130.836,33.343],[130.861,33.362],[130.863,33.377],[130.886,33.38],[130.895,33.446],[130.927,33.457]]]]}},{"type":"Feature","properties":{"name":"宮崎県北部平野部"},"geometry":{"type":"MultiPolygon","coordinates":[[[[131.767,32.839],[131.794,32.822],[131.824,32.83],[131.859,32.822],[131.847,32.737],[131.885,32.747],[131.859,32.732],[131.864,32.716],[131.85,32.722],[131.851,32.693],[131.827,32.706],[131.791,32.664],[131.777,32.674],[131.762,32.658],[131.767,32.646],[131.752,32.646],[131.757,32.636],[131.774,32.64],[131.755,32.603],[131.712,32.589],[131.69,32.561],[131.684,32.51],[131.7,32.506],[131.714,32.519],[131.71,32.503],[131.729,32.493],[131.696,32.469],[131.678,32.484],[131.657,32.48],[131.655,32.446],[131.643,32.438],[131.664,32.449],[131.662,32.437],[131.674,32.442],[131.675,32.454],[131.678,32.429],[131.655,32.427],[131.69,32.423],[131.643,32.407],[131.623,32.357],[131.628,32.343],[131.615,32.34],[131.591,32.305],[131.508,32.047],[131.426,32.052],[131.405,32.066],[131.386,32.019],[131.344,32.029],[131.267,32.099],[131.235,32.103],[131.193,32.133],[131.191,32.147],[131.21,32.15],[131.223,32.172],[131.255,32.166],[131.282,32.183],[131.268,32.2],[131.28,32.212],[131.249,32.217],[131.221,32.26],[131.226,32.275],[131.195,32.306],[131.176,32.31],[131.176,32.324],[131.199,32.34],[131.288,32.309],[131.34,32.329],[131.351,32.367],[131.378,32.355],[131.396,32.365],[131.406,32.389],[131.476,32.406],[131.476,32.449],[131.512,32.459],[131.509,32.486],[131.53,32.494],[131.533,32.52],[131.525,32.541],[131.486,32.565],[131.429,32.559],[131.447,32.577],[131.452,32.614],[131.435,32.633],[131.434,32.661],[131.48,32.71],[131.483,32.764],[131.508,32.774],[131.568,32.754],[131.593,32.775],[131.711,32.772],[131.736,32.831],[131.767,32.839]]]]}},{"type":"Feature","properties":{"name":"宮崎県北部山沿い"},"geometry":{"type":"MultiPolygon","coordinates":[[[[131.478,32.834],[131.518,32.801],[131.508,32.774],[131.483,32.764],[131.49,32.746],[131.478,32.706],[131.453,32.693],[131.434,32.662],[131.435,32.634],[131.452,32.614],[131.447,32.579],[131.429,32.559],[131.478,32.567],[131.506,32.556],[131.527,32.54],[131.53,32.494],[131.509,32.487],[131.511,32.459],[131.476,32.45],[131.477,32.406],[131.406,32.389],[131.379,32.355],[131.352,32.367],[131.334,32.326],[131.287,32.309],[131.189,32.34],[131.175,32.312],[131.225,32.276],[131.221,32.26],[131.249,32.217],[131.28,32.212],[131.268,32.201],[131.282,32.182],[131.255,32.166],[131.223,32.172],[131.211,32.15],[131.191,32.147],[131.192,32.132],[131.134,32.137],[131.101,32.173],[131.101,32.202],[131.084,32.206],[131.071,32.236],[131.043,32.249],[131.05,32.285],[131.079,32.282],[131.112,32.33],[131.074,32.362],[131.068,32.407],[131.043,32.409],[131.02,32.44],[131.007,32.491],[131.009,32.515],[131.025,32.521],[131.019,32.549],[131.039,32.554],[131.052,32.588],[131.107,32.581],[131.121,32.605],[131.116,32.643],[131.146,32.677],[131.176,32.673],[131.18,32.712],[131.235,32.745],[131.246,32.769],[131.235,32.78],[131.265,32.826],[131.339,32.833],[131.365,32.803],[131.478,32.834]]]]}},{"type":"Feature","properties":{"name":"宮崎県南部平野部"},"geometry":{"type":"MultiPolygon","coordinates":[[[[131.194,32.132],[131.236,32.102],[131.267,32.099],[131.285,32.072],[131.315,32.065],[131.335,32.036],[131.373,32.018],[131.389,32.022],[131.405,32.066],[131.425,32.053],[131.508,32.046],[131.471,31.942],[131.475,31.92],[131.46,31.916],[131.454,31.898],[131.486,31.923],[131.461,31.896],[131.451,31.837],[131.459,31.81],[131.488,31.785],[131.46,31.719],[131.456,31.696],[131.468,31.687],[131.45,31.68],[131.469,31.646],[131.453,31.639],[131.457,31.624],[131.419,31.604],[131.406,31.563],[131.402,31.582],[131.397,31.558],[131.382,31.555],[131.39,31.539],[131.373,31.507],[131.389,31.486],[131.363,31.471],[131.371,31.428],[131.333,31.396],[131.35,31.372],[131.342,31.361],[131.318,31.369],[131.309,31.391],[131.255,31.381],[131.236,31.405],[131.243,31.426],[131.229,31.424],[131.206,31.453],[131.175,31.45],[131.16,31.461],[131.171,31.501],[131.201,31.518],[131.189,31.557],[131.205,31.579],[131.185,31.61],[131.202,31.636],[131.162,31.675],[131.211,31.715],[131.23,31.715],[131.239,31.733],[131.26,31.736],[131.27,31.768],[131.265,31.78],[131.24,31.78],[131.238,31.808],[131.222,31.827],[131.242,31.84],[131.238,31.86],[131.254,31.86],[131.251,31.887],[131.239,31.877],[131.218,31.881],[131.207,31.864],[131.19,31.881],[131.191,31.91],[131.22,31.92],[131.194,31.946],[131.209,31.98],[131.167,31.994],[131.15,32.024],[131.167,32.053],[131.16,32.074],[131.185,32.085],[131.17,32.128],[131.194,32.132]]]]}},{"type":"Feature","properties":{"name":"宮崎県南部山沿い"},"geometry":{"type":"MultiPolygon","coordinates":[[[[131.013,32.174],[131.058,32.155],[131.111,32.16],[131.134,32.137],[131.168,32.135],[131.18,32.108],[131.185,32.086],[131.16,32.072],[131.167,32.052],[131.15,32.024],[131.167,31.994],[131.21,31.979],[131.193,31.949],[131.22,31.92],[131.191,31.91],[131.19,31.881],[131.207,31.863],[131.217,31.881],[131.252,31.887],[131.254,31.861],[131.238,31.86],[131.244,31.844],[131.222,31.828],[131.239,31.808],[131.24,31.779],[131.264,31.781],[131.27,31.769],[131.26,31.736],[131.24,31.733],[131.23,31.715],[131.211,31.715],[131.161,31.674],[131.199,31.642],[131.194,31.621],[131.166,31.639],[131.117,31.63],[131.078,31.66],[131.054,31.633],[131.026,31.667],[131.016,31.748],[130.979,31.752],[130.99,31.778],[130.93,31.786],[130.917,31.804],[130.885,31.806],[130.877,31.817],[130.876,31.844],[130.888,31.849],[130.895,31.879],[130.913,31.887],[130.897,31.888],[130.865,31.934],[130.8,31.95],[130.777,32.016],[130.704,32.058],[130.703,32.077],[130.735,32.109],[130.742,32.098],[130.857,32.1],[130.906,32.134],[130.956,32.116],[130.974,32.121],[130.975,32.137],[131.013,32.174]]]]}},{"type":"Feature","properties":{"name":"鹿児島県薩摩"},"geometry":{"type":"MultiPolygon","coordinates":[[[[130.679,31.629],[130.716,31.603],[130.71,31.567],[130.724,31.562],[130.682,31.545],[130.666,31.553],[130.638,31.545],[130.592,31.581],[130.627,31.621],[130.679,31.629]]],[[[130.605,32.187],[130.623,32.156],[130.652,32.151],[130.655,32.136],[130.721,32.1],[130.704,32.058],[130.777,32.016],[130.8,31.95],[130.866,31.933],[130.898,31.887],[130.914,31.886],[130.895,31.879],[130.888,31.848],[130.875,31.843],[130.884,31.806],[130.875,31.769],[130.9,31.752],[130.888,31.736],[130.9,31.726],[130.911,31.667],[130.87,31.666],[130.866,31.652],[130.879,31.646],[130.883,31.622],[130.861,31.627],[130.823,31.605],[130.802,31.632],[130.823,31.66],[130.793,31.703],[130.735,31.707],[130.73,31.725],[130.687,31.735],[130.616,31.7],[130.609,31.68],[130.619,31.657],[130.563,31.597],[130.57,31.574],[130.559,31.547],[130.537,31.533],[130.546,31.533],[130.534,31.506],[130.519,31.504],[130.537,31.502],[130.531,31.485],[130.514,31.491],[130.519,31.471],[130.545,31.479],[130.532,31.462],[130.513,31.464],[130.535,31.395],[130.558,31.386],[130.542,31.385],[130.565,31.322],[130.622,31.276],[130.667,31.267],[130.649,31.239],[130.657,31.22],[130.63,31.211],[130.63,31.202],[130.648,31.203],[130.64,31.19],[130.596,31.18],[130.587,31.156],[130.556,31.178],[130.518,31.166],[130.507,31.178],[130.509,31.213],[130.46,31.251],[130.354,31.25],[130.308,31.267],[130.293,31.259],[130.288,31.27],[130.293,31.261],[130.284,31.267],[130.278,31.247],[130.237,31.26],[130.215,31.249],[130.229,31.268],[130.216,31.276],[130.229,31.282],[130.202,31.282],[130.199,31.296],[130.225,31.309],[130.214,31.321],[130.173,31.324],[130.204,31.335],[130.209,31.348],[130.132,31.412],[130.107,31.412],[130.116,31.424],[130.136,31.413],[130.159,31.44],[130.187,31.411],[130.193,31.43],[130.194,31.408],[130.227,31.4],[130.251,31.413],[130.307,31.478],[130.334,31.563],[130.316,31.658],[130.299,31.661],[130.276,31.705],[130.252,31.71],[130.264,31.715],[130.255,31.711],[130.251,31.732],[130.212,31.756],[130.186,31.749],[130.167,31.792],[130.18,31.834],[130.197,31.85],[130.183,31.855],[130.198,31.852],[130.195,31.867],[130.211,31.873],[130.224,31.91],[130.203,31.984],[130.173,31.992],[130.208,32.06],[130.193,32.084],[130.184,32.071],[130.171,32.079],[130.176,32.106],[130.227,32.129],[130.264,32.12],[130.268,32.129],[130.283,32.11],[130.31,32.108],[130.351,32.134],[130.36,32.168],[130.402,32.12],[130.453,32.113],[130.473,32.118],[130.477,32.139],[130.539,32.137],[130.542,32.149],[130.582,32.155],[130.592,32.186],[130.605,32.187]]],[[[130.174,32.229],[130.201,32.197],[130.183,32.177],[130.186,32.164],[130.204,32.17],[130.21,32.155],[130.173,32.135],[130.176,32.115],[130.158,32.09],[130.113,32.126],[130.116,32.157],[130.091,32.181],[130.122,32.201],[130.105,32.204],[130.107,32.215],[130.132,32.216],[130.156,32.198],[130.145,32.217],[130.153,32.214],[130.154,32.228],[130.164,32.212],[130.174,32.229]]],[[[130.257,32.306],[130.268,32.28],[130.237,32.263],[130.243,32.254],[130.21,32.255],[130.22,32.292],[130.257,32.306]]]]}},{"type":"Feature","properties":{"name":"鹿児島県大隅"},"geometry":{"type":"MultiPolygon","coordinates":[[[[130.889,31.807],[130.916,31.804],[130.931,31.786],[130.99,31.777],[130.979,31.752],[131.017,31.747],[131.026,31.667],[131.054,31.633],[131.079,31.66],[131.118,31.629],[131.164,31.639],[131.188,31.625],[131.186,31.606],[131.205,31.58],[131.189,31.558],[131.201,31.517],[131.17,31.5],[131.16,31.462],[131.121,31.475],[131.109,31.466],[131.109,31.476],[131.098,31.459],[131.085,31.46],[131.091,31.449],[131.067,31.452],[131.018,31.388],[131.017,31.357],[131.109,31.331],[131.105,31.312],[131.074,31.292],[131.077,31.272],[131.122,31.287],[131.129,31.277],[131.066,31.228],[131.016,31.227],[131.003,31.189],[130.986,31.181],[130.995,31.17],[130.973,31.167],[130.978,31.151],[130.962,31.138],[130.873,31.095],[130.811,31.089],[130.761,31.055],[130.748,31.061],[130.716,31.045],[130.717,31.027],[130.685,31.026],[130.683,31.004],[130.668,31.008],[130.661,30.995],[130.678,31.062],[130.654,31.071],[130.745,31.133],[130.767,31.181],[130.755,31.212],[130.79,31.252],[130.79,31.305],[130.804,31.332],[130.756,31.425],[130.688,31.478],[130.707,31.533],[130.699,31.556],[130.767,31.563],[130.787,31.586],[130.801,31.632],[130.823,31.605],[130.847,31.609],[130.861,31.626],[130.884,31.623],[130.869,31.666],[130.911,31.667],[130.9,31.727],[130.888,31.735],[130.9,31.752],[130.875,31.768],[130.889,31.807]]]]}},{"type":"Feature","properties":{"name":"鹿児島県十島村"},"geometry":{"type":"MultiPolygon","coordinates":[[[[129.201,29.159],[129.222,29.156],[129.221,29.127],[129.187,29.152],[129.201,29.159]]],[[[129.595,29.477],[129.61,29.472],[129.617,29.447],[129.594,29.447],[129.584,29.463],[129.595,29.477]]],[[[129.74,29.672],[129.734,29.629],[129.698,29.603],[129.684,29.653],[129.74,29.672]]],[[[129.852,29.884],[129.893,29.869],[129.895,29.844],[129.918,29.82],[129.86,29.823],[129.834,29.86],[129.852,29.884]]],[[[129.917,30.007],[129.945,29.967],[129.943,29.951],[129.905,29.964],[129.9,29.976],[129.917,30.007]]]]}},{"type":"Feature","properties":{"name":"鹿児島県甑島"},"geometry":{"type":"MultiPolygon","coordinates":[[[[129.785,31.791],[129.805,31.782],[129.794,31.778],[129.801,31.763],[129.778,31.744],[129.769,31.713],[129.749,31.718],[129.739,31.705],[129.744,31.688],[129.725,31.669],[129.738,31.655],[129.714,31.622],[129.707,31.637],[129.689,31.621],[129.665,31.634],[129.658,31.659],[129.682,31.663],[129.698,31.716],[129.776,31.742],[129.785,31.791]]],[[[129.84,31.819],[129.845,31.801],[129.825,31.789],[129.833,31.783],[129.823,31.775],[129.812,31.799],[129.84,31.819]]],[[[129.852,31.883],[129.911,31.843],[129.919,31.852],[129.905,31.868],[129.94,31.869],[129.923,31.863],[129.929,31.823],[129.903,31.825],[129.871,31.802],[129.872,31.821],[129.855,31.825],[129.859,31.837],[129.846,31.83],[129.841,31.85],[129.865,31.859],[129.846,31.856],[129.843,31.87],[129.835,31.837],[129.818,31.851],[129.835,31.882],[129.852,31.883]]]]}},{"type":"Feature","properties":{"name":"鹿児島県種子島"},"geometry":{"type":"MultiPolygon","coordinates":[[[[130.858,30.766],[130.865,30.732],[130.837,30.728],[130.858,30.766]]],[[[130.304,30.808],[130.32,30.796],[130.317,30.783],[130.277,30.781],[130.278,30.773],[130.262,30.782],[130.304,30.808]]],[[[130.428,30.82],[130.444,30.802],[130.397,30.808],[130.428,30.82]]],[[[131.057,30.84],[131.082,30.788],[131.072,30.764],[131.078,30.697],[131.052,30.661],[131.054,30.603],[131.033,30.588],[131.028,30.556],[131.0,30.549],[130.963,30.48],[130.969,30.463],[130.958,30.459],[130.979,30.438],[130.968,30.423],[130.981,30.398],[130.966,30.393],[130.968,30.373],[130.937,30.375],[130.872,30.345],[130.858,30.37],[130.866,30.415],[130.849,30.467],[130.874,30.468],[130.936,30.554],[130.953,30.593],[130.941,30.67],[130.979,30.726],[130.994,30.727],[130.989,30.738],[131.009,30.767],[131.004,30.786],[131.057,30.84]]],[[[129.939,30.851],[129.963,30.828],[129.938,30.812],[129.912,30.819],[129.905,30.838],[129.939,30.851]]]]}},{"type":"Feature","properties":{"name":"鹿児島県屋久島"},"geometry":{"type":"MultiPolygon","coordinates":[[[[130.498,30.469],[130.499,30.453],[130.577,30.432],[130.671,30.376],[130.657,30.304],[130.583,30.239],[130.523,30.227],[130.443,30.237],[130.413,30.267],[130.412,30.296],[130.392,30.322],[130.38,30.393],[130.42,30.397],[130.462,30.434],[130.464,30.457],[130.494,30.455],[130.498,30.469]]],[[[130.147,30.49],[130.236,30.469],[130.264,30.448],[130.264,30.434],[130.239,30.436],[130.211,30.422],[130.191,30.441],[130.195,30.462],[130.169,30.458],[130.147,30.49]]]]}},{"type":"Feature","properties":{"name":"鹿児島県奄美北部"},"geometry":{"type":"MultiPolygon","coordinates":[[[[129.214,28.055],[129.234,28.032],[129.267,28.036],[129.269,28.016],[129.257,28.005],[129.234,28.024],[129.212,28.023],[129.214,28.055]]],[[[129.173,28.069],[129.179,28.049],[129.148,28.014],[129.149,28.05],[129.173,28.069]]],[[[129.209,28.201],[129.242,28.188],[129.205,28.183],[129.212,28.164],[129.241,28.151],[129.258,28.174],[129.26,28.158],[129.263,28.171],[129.274,28.158],[129.246,28.149],[129.261,28.144],[129.242,28.138],[129.245,28.123],[129.275,28.142],[129.261,28.117],[129.288,28.126],[129.292,28.108],[129.302,28.122],[129.321,28.101],[129.343,28.118],[129.354,28.106],[129.341,28.077],[129.318,28.062],[129.326,28.091],[129.316,28.097],[129.293,28.091],[129.281,28.064],[129.262,28.078],[129.25,28.111],[129.215,28.077],[129.219,28.141],[129.195,28.146],[129.176,28.183],[129.209,28.201]]],[[[129.184,28.306],[129.222,28.284],[129.193,28.285],[129.178,28.298],[129.184,28.306]]],[[[130.019,28.379],[130.034,28.359],[130.017,28.338],[130.001,28.337],[130.008,28.332],[129.978,28.288],[129.943,28.275],[129.92,28.29],[129.913,28.312],[129.923,28.323],[129.952,28.327],[130.019,28.379]]],[[[129.69,28.53],[129.694,28.491],[129.719,28.475],[129.722,28.459],[129.71,28.422],[129.664,28.398],[129.612,28.4],[129.565,28.335],[129.533,28.327],[129.541,28.309],[129.483,28.289],[129.46,28.297],[129.46,28.267],[129.443,28.246],[129.407,28.25],[129.449,28.226],[129.457,28.232],[129.477,28.211],[129.419,28.188],[129.405,28.193],[129.401,28.154],[129.338,28.169],[129.364,28.151],[129.379,28.11],[129.367,28.112],[129.358,28.136],[129.323,28.132],[129.296,28.149],[129.283,28.197],[129.263,28.183],[129.294,28.223],[129.262,28.216],[129.277,28.232],[129.254,28.233],[129.257,28.207],[129.246,28.204],[129.218,28.229],[129.212,28.219],[129.185,28.222],[129.17,28.243],[129.152,28.236],[129.135,28.254],[129.165,28.256],[129.178,28.27],[129.211,28.253],[129.214,28.27],[129.227,28.274],[129.248,28.253],[129.255,28.265],[129.273,28.261],[129.28,28.276],[129.296,28.274],[129.294,28.284],[129.266,28.288],[129.265,28.274],[129.25,28.274],[129.211,28.306],[129.314,28.334],[129.31,28.348],[129.339,28.368],[129.367,28.355],[129.389,28.374],[129.401,28.356],[129.411,28.364],[129.395,28.386],[129.448,28.381],[129.463,28.414],[129.479,28.4],[129.491,28.412],[129.499,28.382],[129.523,28.402],[129.511,28.41],[129.518,28.441],[129.544,28.462],[129.559,28.448],[129.576,28.466],[129.621,28.478],[129.591,28.413],[129.617,28.432],[129.622,28.45],[129.621,28.418],[129.639,28.416],[129.646,28.434],[129.652,28.422],[129.648,28.467],[129.667,28.439],[129.674,28.461],[129.646,28.501],[129.69,28.53]]]]}},{"type":"Feature","properties":{"name":"鹿児島県奄美南部"},"geometry":{"type":"MultiPolygon","coordinates":[[[[128.432,27.068],[128.453,27.052],[128.455,27.021],[128.397,27.039],[128.398,27.051],[128.414,27.049],[128.432,27.068]]],[[[128.694,27.441],[128.714,27.435],[128.598,27.34],[128.558,27.329],[128.524,27.36],[128.532,27.405],[128.594,27.397],[128.694,27.441]]],[[[128.907,27.894],[128.971,27.893],[128.976,27.873],[128.956,27.861],[128.971,27.856],[128.969,27.817],[129.038,27.768],[129.021,27.717],[128.985,27.669],[128.926,27.666],[128.917,27.696],[128.881,27.723],[128.9,27.736],[128.907,27.763],[128.888,27.791],[128.891,27.82],[128.879,27.827],[128.89,27.883],[128.907,27.894]]]]}},{"type":"Feature","properties":{"name":"沖縄県本島北部"},"geometry":{"type":"MultiPolygon","coordinates":[[[[127.231,26.602],[127.247,26.59],[127.241,26.576],[127.209,26.575],[127.231,26.602]]],[[[128.02,26.681],[128.031,26.644],[127.994,26.66],[127.999,26.675],[128.02,26.681]]],[[[127.808,26.739],[127.83,26.722],[127.828,26.71],[127.763,26.707],[127.75,26.718],[127.759,26.737],[127.808,26.739]]],[[[128.258,26.876],[128.29,26.842],[128.306,26.845],[128.327,26.749],[128.239,26.632],[128.148,26.629],[128.15,26.598],[128.124,26.603],[128.151,26.569],[128.095,26.535],[128.065,26.551],[128.045,26.548],[128.042,26.559],[128.033,26.553],[128.053,26.521],[127.995,26.508],[128.001,26.483],[127.951,26.472],[127.949,26.438],[127.87,26.458],[127.842,26.435],[127.837,26.449],[127.822,26.448],[127.785,26.416],[127.742,26.42],[127.771,26.446],[127.799,26.438],[127.812,26.463],[127.846,26.481],[127.844,26.504],[127.869,26.513],[127.886,26.503],[127.918,26.517],[127.933,26.543],[127.964,26.541],[127.98,26.566],[127.98,26.59],[127.927,26.609],[127.895,26.607],[127.878,26.642],[127.894,26.66],[127.874,26.685],[127.88,26.709],[127.907,26.699],[127.953,26.708],[127.97,26.694],[128.0,26.692],[128.008,26.684],[127.982,26.651],[128.008,26.63],[128.079,26.644],[128.112,26.668],[128.122,26.66],[128.099,26.681],[128.157,26.719],[128.153,26.745],[128.184,26.75],[128.232,26.798],[128.253,26.842],[128.245,26.864],[128.258,26.876]]],[[[127.938,26.956],[127.957,26.935],[127.954,26.915],[127.939,26.911],[127.913,26.936],[127.938,26.956]]],[[[128.021,27.094],[127.991,27.044],[127.946,27.019],[127.934,26.996],[127.933,27.021],[127.951,27.045],[127.996,27.089],[128.021,27.094]]]]}},{"type":"Feature","properties":{"name":"沖縄県本島中南部"},"geometry":{"type":"MultiPolygon","coordinates":[[[[127.357,26.226],[127.374,26.202],[127.358,26.181],[127.364,26.157],[127.348,26.146],[127.339,26.183],[127.357,26.226]]],[[[127.31,26.252],[127.333,26.229],[127.318,26.24],[127.306,26.219],[127.282,26.228],[127.31,26.252]]],[[[127.966,26.365],[127.975,26.351],[127.94,26.336],[127.943,26.363],[127.966,26.365]]],[[[127.988,26.385],[127.996,26.362],[127.976,26.352],[127.969,26.368],[127.988,26.385]]],[[[127.832,26.45],[127.843,26.429],[127.827,26.422],[127.881,26.378],[127.873,26.359],[127.915,26.332],[127.907,26.331],[127.922,26.296],[127.904,26.299],[127.863,26.344],[127.839,26.332],[127.847,26.314],[127.829,26.312],[127.849,26.302],[127.829,26.311],[127.812,26.3],[127.816,26.277],[127.798,26.266],[127.773,26.203],[127.761,26.203],[127.777,26.191],[127.778,26.173],[127.82,26.192],[127.83,26.166],[127.793,26.135],[127.748,26.118],[127.725,26.091],[127.679,26.075],[127.659,26.081],[127.668,26.133],[127.651,26.127],[127.648,26.145],[127.669,26.152],[127.66,26.162],[127.647,26.154],[127.654,26.174],[127.641,26.175],[127.638,26.199],[127.652,26.218],[127.673,26.206],[127.66,26.218],[127.684,26.225],[127.679,26.24],[127.667,26.232],[127.669,26.25],[127.684,26.243],[127.675,26.256],[127.74,26.281],[127.76,26.309],[127.716,26.404],[127.712,26.441],[127.75,26.415],[127.785,26.416],[127.832,26.45]]]]}},{"type":"Feature","properties":{"name":"沖縄県久米島"},"geometry":{"type":"MultiPolygon","coordinates":[[[[126.776,26.391],[126.826,26.352],[126.805,26.324],[126.81,26.291],[126.779,26.307],[126.758,26.342],[126.758,26.333],[126.709,26.354],[126.714,26.373],[126.776,26.391]]]]}},{"type":"Feature","properties":{"name":"沖縄県大東島"},"geometry":{"type":"MultiPolygon","coordinates":[[[[131.241,25.872],[131.273,25.854],[131.262,25.822],[131.232,25.813],[131.213,25.823],[131.22,25.866],[131.241,25.872]]],[[[131.286,25.961],[131.331,25.953],[131.322,25.931],[131.294,25.934],[131.286,25.961]]]]}},{"type":"Feature","properties":{"name":"沖縄県宮古島"},"geometry":{"type":"MultiPolygon","coordinates":[[[[124.711,24.677],[124.727,24.666],[124.725,24.644],[124.676,24.642],[124.673,24.666],[124.711,24.677]]],[[[125.14,24.845],[125.176,24.814],[125.17,24.804],[125.14,24.814],[125.14,24.845]]],[[[125.163,24.865],[125.213,24.843],[125.219,24.809],[125.206,24.799],[125.17,24.819],[125.155,24.837],[125.163,24.865]]],[[[125.267,24.915],[125.298,24.878],[125.313,24.837],[125.336,24.822],[125.335,24.799],[125.433,24.761],[125.469,24.719],[125.455,24.73],[125.371,24.729],[125.31,24.712],[125.297,24.734],[125.295,24.718],[125.261,24.735],[125.253,24.756],[125.261,24.768],[125.267,24.751],[125.284,24.752],[125.257,24.795],[125.279,24.81],[125.279,24.839],[125.296,24.837],[125.296,24.846],[125.256,24.91],[125.268,24.903],[125.267,24.915]]]]}},{"type":"Feature","properties":{"name":"沖縄県石垣島"},"geometry":{"type":"MultiPolygon","coordinates":[[[[124.316,24.612],[124.339,24.605],[124.34,24.586],[124.304,24.546],[124.308,24.53],[124.284,24.508],[124.281,24.488],[124.252,24.466],[124.259,24.413],[124.249,24.358],[124.235,24.345],[124.201,24.354],[124.183,24.331],[124.145,24.337],[124.143,24.351],[124.112,24.366],[124.139,24.388],[124.143,24.413],[124.119,24.435],[124.085,24.416],[124.07,24.429],[124.077,24.453],[124.119,24.447],[124.118,24.482],[124.143,24.467],[124.14,24.443],[124.152,24.454],[124.223,24.456],[124.229,24.5],[124.256,24.52],[124.278,24.507],[124.295,24.541],[124.283,24.561],[124.316,24.612]]]]}},{"type":"Feature","properties":{"name":"沖縄県与那国島"},"geometry":{"type":"MultiPolygon","coordinates":[[[[122.998,24.475],[123.044,24.462],[123.011,24.437],[122.934,24.448],[122.962,24.472],[122.998,24.475]]]]}},{"type":"Feature","properties":{"name":"沖縄県西表島"},"geometry":{"type":"MultiPolygon","coordinates":[[[[123.787,24.072],[123.809,24.065],[123.805,24.05],[123.753,24.052],[123.755,24.063],[123.787,24.072]]],[[[124.004,24.254],[124.03,24.242],[124.011,24.221],[123.991,24.242],[124.004,24.254]]],[[[124.087,24.34],[124.101,24.322],[124.086,24.312],[124.076,24.324],[124.087,24.34]]],[[[123.974,24.355],[124.004,24.328],[123.952,24.33],[123.974,24.355]]],[[[123.782,24.437],[123.812,24.41],[123.816,24.391],[123.832,24.407],[123.863,24.395],[123.872,24.404],[123.887,24.384],[123.94,24.365],[123.928,24.316],[123.911,24.324],[123.899,24.301],[123.904,24.276],[123.88,24.28],[123.88,24.256],[123.754,24.28],[123.724,24.299],[123.719,24.278],[123.681,24.283],[123.662,24.308],[123.687,24.311],[123.686,24.333],[123.71,24.315],[123.703,24.349],[123.715,24.328],[123.729,24.342],[123.751,24.312],[123.744,24.342],[123.753,24.353],[123.743,24.367],[123.753,24.377],[123.743,24.393],[123.773,24.418],[123.768,24.435],[123.782,24.437]]]]}},{"type":"Feature","properties":{"name":"色丹島"},"geometry":{"type":"MultiPolygon","coordinates":[[[[146.832,43.887],[146.893,43.847],[146.913,43.847],[146.92,43.836],[146.903,43.83],[146.904,43.811],[146.838,43.808],[146.827,43.797],[146.849,43.787],[146.797,43.786],[146.787,43.759],[146.771,43.767],[146.765,43.752],[146.728,43.746],[146.732,43.737],[146.695,43.745],[146.676,43.707],[146.64,43.704],[146.65,43.715],[146.622,43.731],[146.624,43.757],[146.607,43.753],[146.609,43.735],[146.586,43.744],[146.608,43.767],[146.588,43.808],[146.722,43.832],[146.748,43.815],[146.748,43.829],[146.721,43.836],[146.722,43.846],[146.774,43.876],[146.796,43.859],[146.789,43.879],[146.823,43.867],[146.818,43.885],[146.832,43.887]]]]}},{"type":"Feature","properties":{"name":"国後島"},"geometry":{"type":"MultiPolygon","coordinates":[[[[146.167,44.517],[146.226,44.482],[146.241,44.454],[146.336,44.418],[146.477,44.421],[146.577,44.455],[146.534,44.381],[146.491,44.354],[146.453,44.377],[146.432,44.376],[146.387,44.359],[146.366,44.338],[146.37,44.322],[146.348,44.319],[146.296,44.276],[146.111,44.263],[146.066,44.231],[146.046,44.184],[145.984,44.171],[145.922,44.136],[145.9,44.109],[145.903,44.094],[145.89,44.094],[145.867,44.064],[145.865,44.032],[145.877,44.022],[145.851,44.02],[145.842,44.032],[145.818,44.021],[145.791,43.979],[145.781,43.932],[145.703,43.909],[145.651,43.909],[145.589,43.868],[145.575,43.842],[145.546,43.654],[145.535,43.67],[145.549,43.731],[145.434,43.719],[145.421,43.738],[145.426,43.78],[145.399,43.827],[145.404,43.84],[145.444,43.853],[145.473,43.899],[145.585,43.948],[145.599,43.972],[145.676,44.012],[145.676,44.025],[145.741,44.051],[145.745,44.105],[145.838,44.183],[145.889,44.251],[145.946,44.279],[145.988,44.319],[146.007,44.381],[146.052,44.418],[146.082,44.475],[146.132,44.509],[146.167,44.517]]]]}},{"type":"Feature","properties":{"name":"択捉島"},"geometry":{"type":"MultiPolygon","coordinates":[[[[148.753,45.557],[148.837,45.55],[148.892,45.513],[148.886,45.482],[148.827,45.449],[148.83,45.427],[148.877,45.392],[148.843,45.355],[148.842,45.337],[148.778,45.323],[148.741,45.337],[148.638,45.335],[148.564,45.312],[148.505,45.278],[148.494,45.257],[148.437,45.253],[148.404,45.231],[148.302,45.215],[148.266,45.185],[148.24,45.184],[148.195,45.15],[148.1,45.113],[147.983,45.004],[147.935,44.988],[147.904,44.961],[147.85,44.965],[147.786,44.948],[147.73,44.977],[147.727,45.003],[147.657,44.996],[147.611,44.944],[147.652,44.92],[147.616,44.889],[147.597,44.853],[147.551,44.816],[147.502,44.805],[147.487,44.781],[147.422,44.765],[147.38,44.743],[147.369,44.723],[147.336,44.715],[147.266,44.638],[147.253,44.6],[147.207,44.568],[147.146,44.559],[147.109,44.569],[147.074,44.555],[147.024,44.514],[146.991,44.452],[146.955,44.426],[146.862,44.446],[146.876,44.5],[146.952,44.549],[146.931,44.59],[146.948,44.63],[146.958,44.596],[146.993,44.575],[147.033,44.616],[147.033,44.638],[147.007,44.651],[147.009,44.661],[147.046,44.66],[147.074,44.637],[147.094,44.638],[147.186,44.697],[147.2,44.737],[147.194,44.762],[147.126,44.771],[147.101,44.801],[147.107,44.822],[147.154,44.824],[147.193,44.797],[147.239,44.806],[147.266,44.868],[147.382,44.911],[147.456,44.973],[147.517,44.997],[147.511,45.026],[147.524,45.037],[147.533,45.089],[147.496,45.113],[147.555,45.11],[147.583,45.085],[147.651,45.079],[147.698,45.104],[147.693,45.142],[147.735,45.194],[147.818,45.217],[147.844,45.207],[147.87,45.224],[147.882,45.256],[147.867,45.263],[147.872,45.296],[147.849,45.367],[147.904,45.43],[147.926,45.437],[147.965,45.419],[147.978,45.36],[148.005,45.335],[147.995,45.331],[148.004,45.3],[148.036,45.268],[148.108,45.257],[148.242,45.267],[148.332,45.286],[148.352,45.308],[148.418,45.327],[148.424,45.346],[148.46,45.36],[148.458,45.375],[148.479,45.383],[148.47,45.399],[148.486,45.42],[148.557,45.458],[148.579,45.49],[148.627,45.5],[148.654,45.539],[148.753,45.557]]]]}}]}