{"type":"FeatureCollection","features":[{"type":"Feature","properties":{"name":"オホーツク海沿岸"},"geometry":{"type":"MultiLineString","coordinates":[[[143.386,44.343],[143.37,44.344],[143.386,44.343]],[[141.937,45.523],[141.961,45.511],[141.978,45.475],[142.019,45.453],[142.045,45.406],[142.171,45.343],[142.268,45.24],[142.407,45.12],[142.483,45.061],[142.504,45.06],[142.508,45.04],[142.534,45.028],[142.54,44.991],[142.585,44.962],[142.589,44.918],[142.633,44.887],[142.702,44.797],[142.793,44.717],[142.818,44.71],[142.928,44.628],[142.99,44.56],[143.046,44.529],[143.063,44.532],[143.083,44.507],[143.349,44.37],[143.364,44.338],[143.389,44.321],[143.536,44.26],[143.786,44.179],[143.933,44.146],[144.1,44.129],[144.187,44.104],[144.247,44.112],[144.262,44.057],[144.256,44.038],[144.291,44.025],[144.278,44.024],[144.292,44.019],[144.282,44.013],[144.298,43.983],[144.351,43.96],[144.597,43.918],[144.796,43.932],[144.911,44.004],[144.934,44.041],[144.997,44.073],[145.015,44.1],[145.192,44.195],[145.225,44.248],[145.306,44.312],[145.321,44.34],[145.338,44.341]]]}},{"type":"Feature","properties":{"name":"愛知県外海"},"geometry":{"type":"MultiLineString","coordinates":[[[137.485,34.674],[137.308,34.64],[137.142,34.59],[137.017,34.579]]]}},{"type":"Feature","properties":{"name":"愛媛県宇和海沿岸"},"geometry":{"type":"MultiLineString","coordinates":[[[132.656,32.925],[132.598,32.913],[132.586,32.934],[132.602,32.947],[132.548,32.945],[132.568,32.929],[132.513,32.95],[132.505,32.942],[132.527,32.933],[132.497,32.918],[132.526,32.914],[132.492,32.899],[132.473,32.906],[132.478,32.922],[132.461,32.938],[132.493,32.94],[132.503,32.956],[132.472,32.97],[132.497,32.987],[132.504,32.973],[132.493,32.965],[132.554,32.96],[132.511,32.978],[132.506,33.005],[132.494,33.018],[132.485,33.012],[132.485,33.047],[132.45,33.048],[132.452,33.035],[132.411,33.057],[132.41,33.027],[132.396,33.013],[132.379,33.022],[132.397,33.029],[132.397,33.057],[132.411,33.071],[132.432,33.053],[132.447,33.066],[132.449,33.055],[132.478,33.065],[132.484,33.057],[132.479,33.084],[132.473,33.07],[132.462,33.076],[132.47,33.08],[132.463,33.093],[132.481,33.099],[132.447,33.124],[132.469,33.127],[132.47,33.115],[132.502,33.129],[132.479,33.142],[132.445,33.135],[132.425,33.156],[132.434,33.154],[132.432,33.169],[132.465,33.172],[132.422,33.209],[132.403,33.205],[132.419,33.196],[132.4,33.185],[132.393,33.205],[132.421,33.214],[132.446,33.201],[132.46,33.21],[132.459,33.184],[132.471,33.176],[132.483,33.185],[132.487,33.164],[132.493,33.185],[132.501,33.171],[132.515,33.172],[132.508,33.194],[132.489,33.2],[132.502,33.194],[132.515,33.216],[132.544,33.215],[132.541,33.227],[132.558,33.22],[132.553,33.236],[132.52,33.249],[132.543,33.271],[132.509,33.259],[132.483,33.275],[132.468,33.256],[132.483,33.289],[132.528,33.307],[132.523,33.316],[132.497,33.313],[132.491,33.325],[132.452,33.309],[132.433,33.32],[132.421,33.303],[132.37,33.319],[132.377,33.337],[132.42,33.355],[132.407,33.36],[132.419,33.383],[132.385,33.362],[132.379,33.385],[132.397,33.397],[132.393,33.414],[132.38,33.416],[132.405,33.425],[132.416,33.443],[132.384,33.442],[132.408,33.447],[132.421,33.463],[132.392,33.455],[132.389,33.466],[132.402,33.471],[132.391,33.477],[132.373,33.46],[132.353,33.489],[132.342,33.485],[132.353,33.474],[132.325,33.473],[132.316,33.452],[132.301,33.475],[132.28,33.447],[132.182,33.412],[132.154,33.39],[132.153,33.374],[132.103,33.362],[132.12,33.387],[132.095,33.388],[132.014,33.344]],[[132.405,32.946],[132.403,32.934],[132.405,32.946]],[[132.455,32.952],[132.437,32.94],[132.455,32.952]],[[132.332,33.11],[132.318,33.102],[132.332,33.11]],[[132.422,33.114],[132.408,33.106],[132.422,33.114]],[[132.339,33.162],[132.323,33.152],[132.339,33.162]],[[132.309,33.164],[132.312,33.148],[132.288,33.16],[132.309,33.164]],[[132.397,33.168],[132.397,33.168]],[[132.403,33.183],[132.403,33.183]],[[132.263,33.185],[132.269,33.173],[132.295,33.172],[132.29,33.163],[132.266,33.169],[132.263,33.185]],[[132.262,33.191],[132.262,33.191]],[[132.491,33.22],[132.477,33.214],[132.491,33.22]],[[132.375,33.222],[132.383,33.209],[132.362,33.203],[132.363,33.188],[132.341,33.207],[132.366,33.208],[132.375,33.222]],[[132.362,33.232],[132.363,33.224],[132.362,33.232]],[[132.518,33.241],[132.534,33.224],[132.511,33.225],[132.518,33.241]],[[132.344,33.381],[132.367,33.377],[132.359,33.369],[132.344,33.381]],[[132.342,33.396],[132.344,33.381],[132.342,33.396]],[[132.368,33.44],[132.358,33.439],[132.368,33.44]],[[132.352,33.458],[132.344,33.453],[132.352,33.458]]]}},{"type":"Feature","properties":{"name":"愛媛県瀬戸内海沿岸"},"geometry":{"type":"MultiLineString","coordinates":[[[132.014,33.344],[132.12,33.42],[132.135,33.403],[132.138,33.421],[132.154,33.407],[132.166,33.411],[132.148,33.433],[132.174,33.426],[132.174,33.447],[132.194,33.442],[132.199,33.456],[132.225,33.445],[132.226,33.459],[132.243,33.466],[132.261,33.45],[132.259,33.473],[132.42,33.546],[132.48,33.619],[132.586,33.654],[132.653,33.697],[132.677,33.745],[132.699,33.756],[132.687,33.834],[132.692,33.848],[132.7,33.839],[132.7,33.862],[132.704,33.852],[132.707,33.867],[132.718,33.865],[132.701,33.886],[132.71,33.906],[132.731,33.9],[132.755,33.912],[132.772,33.962],[132.766,33.998],[132.864,34.059],[132.921,34.067],[132.926,34.109],[132.891,34.118],[132.924,34.116],[132.942,34.143],[132.969,34.107],[132.978,34.116],[133.006,34.067],[133.033,34.056],[133.062,33.976],[133.088,33.945],[133.101,33.949],[133.094,33.94],[133.119,33.941],[133.119,33.924],[133.125,33.941],[133.133,33.927],[133.167,33.94],[133.172,33.928],[133.178,33.947],[133.2,33.936],[133.199,33.946],[133.229,33.957],[133.254,33.956],[133.249,33.976],[133.262,33.981],[133.264,33.961],[133.281,33.99],[133.297,33.982],[133.326,33.994],[133.336,33.98],[133.341,33.993],[133.359,33.979],[133.412,33.99],[133.512,33.971],[133.538,33.983],[133.538,33.995],[133.543,33.985],[133.552,33.995],[133.542,34.005],[133.556,34.001],[133.549,34.011],[133.561,34.009],[133.598,34.044]],[[132.485,33.739],[132.475,33.733],[132.485,33.739]],[[132.534,33.853],[132.531,33.844],[132.516,33.852],[132.534,33.853]],[[132.639,33.895],[132.646,33.888],[132.639,33.895]],[[132.691,33.927],[132.703,33.926],[132.693,33.904],[132.673,33.894],[132.689,33.877],[132.667,33.871],[132.668,33.899],[132.653,33.9],[132.691,33.927]],[[132.55,33.938],[132.536,33.927],[132.516,33.932],[132.55,33.938]],[[132.662,33.974],[132.672,33.972],[132.674,33.952],[132.649,33.958],[132.662,33.974]],[[132.69,33.977],[132.698,33.966],[132.684,33.969],[132.69,33.977]],[[132.513,33.99],[132.523,33.986],[132.493,33.965],[132.513,33.99]],[[132.562,33.994],[132.538,33.963],[132.535,33.988],[132.562,33.994]],[[133.367,34.008],[133.368,33.992],[133.351,33.996],[133.367,34.008]],[[132.646,34.018],[132.644,33.979],[132.63,33.975],[132.641,33.956],[132.614,33.957],[132.599,33.943],[132.579,33.97],[132.646,34.018]],[[133.097,34.061],[133.105,34.057],[133.097,34.061]],[[132.71,34.073],[132.703,34.066],[132.71,34.073]],[[133.181,34.112],[133.191,34.107],[133.181,34.112]],[[132.994,34.122],[132.992,34.113],[132.994,34.122]],[[133.191,34.123],[133.181,34.116],[133.191,34.123]],[[132.982,34.129],[132.975,34.123],[132.982,34.129]],[[132.998,34.159],[133.009,34.148],[132.991,34.15],[132.998,34.159]],[[133.36,34.174],[133.364,34.163],[133.36,34.174]],[[133.309,34.184],[133.328,34.174],[133.316,34.171],[133.309,34.184]],[[132.905,34.194],[132.896,34.187],[132.905,34.194]],[[133.088,34.195],[133.084,34.182],[133.088,34.195]],[[133.037,34.195],[133.068,34.192],[133.083,34.169],[133.113,34.179],[133.035,34.107],[133.014,34.11],[133.023,34.124],[133.015,34.142],[133.026,34.158],[133.041,34.15],[133.021,34.179],[133.037,34.195]],[[132.873,34.197],[132.894,34.185],[132.88,34.175],[132.862,34.192],[132.873,34.197]],[[133.272,34.2],[133.268,34.183],[133.272,34.2]],[[132.924,34.202],[132.933,34.183],[132.918,34.187],[132.924,34.202]],[[133.158,34.231],[133.148,34.217],[133.158,34.231]],[[133.26,34.236],[133.25,34.23],[133.26,34.236]],[[133.108,34.242],[133.114,34.218],[133.139,34.221],[133.117,34.205],[133.124,34.194],[133.11,34.191],[133.096,34.205],[133.082,34.193],[133.054,34.212],[133.067,34.219],[133.064,34.235],[133.108,34.242]],[[133.164,34.246],[133.167,34.235],[133.153,34.233],[133.164,34.246]],[[132.95,34.249],[132.957,34.243],[132.944,34.242],[132.95,34.249]],[[133.193,34.257],[133.181,34.227],[133.193,34.257]],[[133.153,34.28],[133.166,34.257],[133.133,34.241],[133.133,34.265],[133.153,34.28]],[[133.172,34.286],[133.186,34.259],[133.171,34.26],[133.172,34.286]],[[133.229,34.292],[133.237,34.278],[133.201,34.24],[133.199,34.268],[133.229,34.292]],[[133.012,34.3],[133.056,34.258],[133.058,34.219],[132.949,34.193],[132.942,34.207],[132.954,34.222],[132.991,34.229],[132.991,34.261],[132.965,34.264],[132.985,34.27],[132.984,34.29],[133.012,34.3]]]}},{"type":"Feature","properties":{"name":"伊勢・三河湾"},"geometry":{"type":"MultiLineString","coordinates":[[[137.017,34.579],[137.07,34.662],[137.091,34.657],[137.086,34.647],[137.106,34.643],[137.103,34.633],[137.12,34.635],[137.14,34.645],[137.127,34.655],[137.226,34.677],[137.243,34.689],[137.233,34.699],[137.245,34.708],[137.261,34.696],[137.258,34.716],[137.285,34.731],[137.301,34.727],[137.301,34.696],[137.288,34.68],[137.322,34.694],[137.308,34.703],[137.309,34.725],[137.352,34.727],[137.321,34.733],[137.321,34.771],[137.331,34.781],[137.309,34.779],[137.303,34.793],[137.317,34.798],[137.29,34.813],[137.294,34.805],[137.273,34.802],[137.217,34.823],[137.214,34.803],[137.195,34.81],[137.189,34.776],[137.175,34.765],[137.169,34.787],[137.106,34.791],[137.087,34.775],[137.075,34.787],[137.025,34.778],[136.999,34.815],[136.957,34.833],[136.954,34.848],[136.965,34.852],[136.955,34.855],[136.984,34.895],[136.981,34.957],[136.964,34.876],[136.936,34.878],[136.945,34.868],[136.928,34.866],[136.935,34.83],[136.922,34.829],[136.938,34.821],[136.921,34.812],[136.915,34.772],[136.965,34.733],[136.978,34.702],[136.93,34.703],[136.86,34.738],[136.84,34.766],[136.866,34.839],[136.838,34.883],[136.831,34.872],[136.821,34.886],[136.821,34.966],[136.839,34.98],[136.825,34.994],[136.837,34.987],[136.854,35.002],[136.849,35.011],[136.867,35.005],[136.856,35.023],[136.87,35.042],[136.889,35.042],[136.879,35.047],[136.885,35.074],[136.896,35.077],[136.888,35.094],[136.868,35.088],[136.863,35.07],[136.855,35.078],[136.856,35.057],[136.843,35.059],[136.847,35.083],[136.821,35.078],[136.83,35.05],[136.797,35.051],[136.8,35.029],[136.782,35.034],[136.797,35.012],[136.75,35.036],[136.656,34.998],[136.635,34.95],[136.641,34.939],[136.648,34.947],[136.667,34.938],[136.646,34.934],[136.647,34.904],[136.618,34.855],[136.534,34.753],[136.522,34.689],[136.558,34.671],[136.549,34.63],[136.529,34.611],[136.562,34.616],[136.63,34.597],[136.66,34.566]],[[137.008,34.686],[137.003,34.666],[137.008,34.686]],[[137.008,34.709],[136.996,34.702],[137.008,34.709]],[[137.041,34.732],[137.054,34.728],[137.051,34.715],[137.031,34.723],[137.041,34.732]],[[137.275,34.74],[137.287,34.746],[137.275,34.74]],[[137.319,34.748],[137.319,34.734],[137.309,34.735],[137.319,34.748]],[[137.299,34.81],[137.311,34.8],[137.299,34.81]],[[136.957,34.828],[136.944,34.819],[136.957,34.828]],[[136.806,34.878],[136.824,34.857],[136.81,34.839],[136.806,34.878]],[[136.659,34.952],[136.67,34.967],[136.659,34.952]],[[136.822,34.961],[136.82,34.95],[136.811,34.955],[136.822,34.961]],[[136.673,34.998],[136.662,34.995],[136.677,34.987],[136.666,34.974],[136.65,34.977],[136.652,34.992],[136.673,34.998]],[[136.822,35.008],[136.812,34.996],[136.8,35.004],[136.822,35.018],[136.822,35.008]],[[136.756,35.01],[136.74,35.032],[136.756,35.01]],[[136.831,35.049],[136.839,35.03],[136.811,35.027],[136.808,35.048],[136.831,35.049]],[[136.849,35.056],[136.846,35.034],[136.838,35.052],[136.849,35.056]],[[136.878,35.072],[136.866,35.05],[136.878,35.072]]]}},{"type":"Feature","properties":{"name":"伊豆諸島"},"geometry":{"type":"MultiLineString","coordinates":[[[140.304,30.496],[140.314,30.482],[140.299,30.473],[140.286,30.485],[140.304,30.496]],[[139.758,32.473],[139.779,32.46],[139.779,32.447],[139.755,32.45],[139.758,32.473]],[[139.686,33.137],[139.699,33.116],[139.676,33.13],[139.686,33.137]],[[139.76,33.159],[139.818,33.12],[139.846,33.117],[139.859,33.084],[139.834,33.068],[139.834,33.047],[139.784,33.07],[139.779,33.101],[139.754,33.105],[139.738,33.142],[139.76,33.159]],[[139.604,33.901],[139.632,33.872],[139.621,33.852],[139.577,33.864],[139.587,33.897],[139.604,33.901]],[[139.532,34.125],[139.562,34.109],[139.563,34.07],[139.531,34.047],[139.482,34.051],[139.473,34.077],[139.492,34.118],[139.532,34.125]],[[139.143,34.244],[139.168,34.234],[139.176,34.208],[139.129,34.185],[139.119,34.191],[139.143,34.244]],[[139.213,34.337],[139.227,34.326],[139.197,34.317],[139.213,34.337]],[[139.224,34.376],[139.229,34.368],[139.224,34.376]],[[139.279,34.431],[139.291,34.408],[139.278,34.39],[139.272,34.331],[139.245,34.348],[139.24,34.371],[139.279,34.431]],[[139.287,34.478],[139.299,34.47],[139.287,34.478]],[[139.281,34.533],[139.293,34.525],[139.276,34.511],[139.268,34.525],[139.281,34.533]],[[139.361,34.799],[139.412,34.787],[139.437,34.768],[139.449,34.74],[139.439,34.679],[139.359,34.701],[139.349,34.762],[139.361,34.799]]]}},{"type":"Feature","properties":{"name":"壱岐・対馬"},"geometry":{"type":"MultiLineString","coordinates":[[[129.648,33.731],[129.647,33.718],[129.648,33.731]],[[129.629,33.731],[129.637,33.728],[129.629,33.731]],[[129.759,33.737],[129.759,33.737]],[[129.637,33.745],[129.645,33.742],[129.632,33.732],[129.637,33.745]],[[129.704,33.864],[129.77,33.845],[129.765,33.813],[129.749,33.807],[129.799,33.785],[129.764,33.784],[129.766,33.767],[129.779,33.773],[129.797,33.754],[129.788,33.742],[129.733,33.738],[129.717,33.704],[129.691,33.713],[129.696,33.726],[129.677,33.728],[129.687,33.741],[129.673,33.759],[129.654,33.739],[129.654,33.761],[129.643,33.767],[129.651,33.774],[129.686,33.759],[129.678,33.777],[129.656,33.78],[129.651,33.8],[129.667,33.8],[129.651,33.809],[129.661,33.813],[129.675,33.797],[129.688,33.805],[129.672,33.838],[129.704,33.864]],[[129.701,33.869],[129.701,33.869]],[[129.681,33.871],[129.675,33.864],[129.681,33.871]],[[129.686,33.871],[129.689,33.861],[129.686,33.871]],[[129.383,34.304],[129.393,34.296],[129.358,34.272],[129.351,34.294],[129.37,34.303],[129.377,34.291],[129.374,34.303],[129.383,34.304]],[[129.328,34.307],[129.321,34.3],[129.328,34.307]],[[129.395,34.324],[129.413,34.317],[129.395,34.312],[129.395,34.324]],[[129.205,34.332],[129.228,34.324],[129.222,34.292],[129.256,34.312],[129.257,34.292],[129.28,34.306],[129.29,34.279],[129.289,34.304],[129.265,34.321],[129.278,34.327],[129.28,34.316],[129.294,34.32],[129.296,34.301],[129.31,34.308],[129.305,34.278],[129.308,34.289],[129.318,34.276],[129.317,34.299],[129.334,34.289],[129.339,34.3],[129.354,34.277],[129.329,34.276],[129.317,34.261],[129.326,34.227],[129.296,34.218],[129.299,34.195],[129.289,34.2],[129.283,34.188],[129.297,34.185],[129.289,34.176],[129.296,34.161],[129.282,34.164],[129.284,34.146],[129.274,34.146],[129.282,34.13],[129.254,34.127],[129.261,34.114],[129.24,34.102],[129.23,34.113],[129.23,34.095],[129.215,34.084],[129.215,34.113],[129.204,34.104],[129.184,34.119],[129.167,34.105],[129.205,34.332]],[[129.297,34.337],[129.312,34.326],[129.327,34.336],[129.334,34.305],[129.321,34.306],[129.329,34.313],[129.321,34.308],[129.317,34.324],[129.291,34.323],[129.297,34.337]],[[129.348,34.351],[129.341,34.346],[129.348,34.351]],[[129.397,34.36],[129.406,34.335],[129.389,34.34],[129.397,34.36]],[[129.412,34.363],[129.407,34.35],[129.412,34.363]],[[129.449,34.707],[129.457,34.692],[129.482,34.694],[129.474,34.674],[129.494,34.683],[129.484,34.668],[129.497,34.668],[129.467,34.654],[129.49,34.645],[129.471,34.627],[129.48,34.617],[129.461,34.614],[129.447,34.632],[129.457,34.612],[129.433,34.617],[129.479,34.596],[129.473,34.555],[129.457,34.554],[129.464,34.543],[129.445,34.53],[129.451,34.523],[129.369,34.453],[129.386,34.428],[129.369,34.44],[129.366,34.419],[129.375,34.426],[129.379,34.412],[129.352,34.387],[129.385,34.396],[129.398,34.413],[129.391,34.384],[129.374,34.39],[129.375,34.371],[129.394,34.36],[129.365,34.346],[129.387,34.347],[129.395,34.335],[129.365,34.339],[129.379,34.312],[129.363,34.32],[129.371,34.312],[129.352,34.296],[129.356,34.31],[129.345,34.3],[129.334,34.319],[129.353,34.319],[129.344,34.336],[129.36,34.34],[129.34,34.356],[129.355,34.375],[129.334,34.363],[129.339,34.38],[129.321,34.37],[129.326,34.351],[129.308,34.337],[129.312,34.347],[129.3,34.349],[129.312,34.36],[129.298,34.369],[129.31,34.385],[129.294,34.375],[129.283,34.383],[129.292,34.373],[129.278,34.364],[129.299,34.355],[129.288,34.356],[129.288,34.339],[129.281,34.354],[129.284,34.344],[129.272,34.357],[129.244,34.35],[129.228,34.362],[129.243,34.369],[129.251,34.355],[129.253,34.367],[129.277,34.374],[129.272,34.413],[129.285,34.415],[129.273,34.438],[129.286,34.444],[129.294,34.433],[129.294,34.447],[129.311,34.455],[129.303,34.464],[129.283,34.449],[129.274,34.469],[129.308,34.527],[129.315,34.515],[129.318,34.536],[129.345,34.532],[129.329,34.533],[129.328,34.551],[129.315,34.549],[129.306,34.568],[129.286,34.562],[129.306,34.589],[129.32,34.647],[129.397,34.64],[129.383,34.649],[129.409,34.678],[129.434,34.673],[129.415,34.691],[129.44,34.693],[129.449,34.707]]]}},{"type":"Feature","properties":{"name":"茨城県"},"geometry":{"type":"MultiLineString","coordinates":[[[140.637,36.403],[140.636,36.445],[140.637,36.403]],[[140.793,36.859],[140.805,36.83],[140.774,36.823],[140.748,36.784],[140.716,36.663],[140.693,36.643],[140.65,36.566],[140.628,36.496],[140.612,36.487],[140.627,36.483],[140.612,36.476],[140.61,36.441],[140.633,36.442],[140.608,36.428],[140.624,36.426],[140.609,36.415],[140.625,36.369],[140.594,36.339],[140.58,36.301],[140.585,36.31],[140.57,36.308],[140.558,36.273],[140.595,36.115],[140.667,35.978],[140.701,35.963],[140.685,35.965],[140.703,35.939],[140.694,35.929],[140.677,35.919],[140.653,35.927],[140.688,35.882],[140.678,35.912],[140.71,35.927],[140.712,35.955],[140.707,35.923],[140.743,35.865],[140.811,35.776],[140.852,35.745]]]}},{"type":"Feature","properties":{"name":"隠岐"},"geometry":{"type":"MultiLineString","coordinates":[[[133.054,36.002],[133.051,35.994],[133.054,36.002]],[[133.004,36.033],[133.073,36.011],[133.061,35.994],[133.042,36.012],[133.038,36.002],[133.009,36.002],[133.004,36.033]],[[133.164,36.114],[133.166,36.1],[133.156,36.105],[133.164,36.114]],[[133.113,36.12],[133.136,36.102],[133.118,36.082],[133.152,36.075],[133.116,36.079],[133.117,36.064],[133.098,36.072],[133.108,36.064],[133.097,36.057],[133.103,36.051],[133.068,36.036],[133.08,36.068],[133.064,36.1],[133.082,36.103],[133.082,36.114],[133.091,36.096],[133.094,36.118],[133.113,36.12]],[[133.175,36.14],[133.17,36.133],[133.175,36.14]],[[133.069,36.143],[133.092,36.137],[133.07,36.114],[133.042,36.11],[133.057,36.083],[133.046,36.061],[133.007,36.075],[133.005,36.106],[133.005,36.093],[132.977,36.084],[132.998,36.039],[132.947,36.064],[132.946,36.079],[132.978,36.114],[133.005,36.108],[133.014,36.138],[133.056,36.127],[133.069,36.143]],[[133.279,36.349],[133.308,36.32],[133.321,36.326],[133.325,36.308],[133.363,36.297],[133.363,36.279],[133.386,36.269],[133.373,36.251],[133.368,36.205],[133.34,36.196],[133.351,36.212],[133.343,36.224],[133.336,36.201],[133.306,36.198],[133.335,36.197],[133.34,36.17],[133.29,36.18],[133.288,36.171],[133.28,36.188],[133.278,36.17],[133.259,36.164],[133.259,36.173],[133.25,36.159],[133.249,36.175],[133.23,36.17],[133.245,36.189],[133.223,36.189],[133.208,36.209],[133.184,36.212],[133.193,36.244],[133.177,36.251],[133.188,36.275],[133.181,36.288],[133.205,36.281],[133.199,36.287],[133.216,36.29],[133.191,36.29],[133.196,36.302],[133.232,36.318],[133.226,36.328],[133.271,36.332],[133.279,36.349]]]}},{"type":"Feature","properties":{"name":"奄美群島・トカラ列島"},"geometry":{"type":"MultiLineString","coordinates":[[[128.432,27.068],[128.453,27.052],[128.455,27.021],[128.397,27.039],[128.398,27.051],[128.414,27.049],[128.432,27.068]],[[128.694,27.441],[128.714,27.435],[128.598,27.34],[128.558,27.329],[128.524,27.36],[128.532,27.405],[128.594,27.397],[128.694,27.441]],[[128.907,27.894],[128.971,27.893],[128.976,27.873],[128.956,27.861],[128.971,27.856],[128.969,27.817],[129.038,27.768],[129.021,27.717],[128.985,27.669],[128.926,27.666],[128.917,27.696],[128.881,27.723],[128.9,27.736],[128.907,27.763],[128.888,27.791],[128.891,27.82],[128.879,27.827],[128.89,27.883],[128.907,27.894]],[[129.274,28.027],[129.28,28.02],[129.274,28.027]],[[129.214,28.055],[129.234,28.032],[129.267,28.036],[129.269,28.016],[129.257,28.005],[129.234,28.024],[129.212,28.023],[129.214,28.055]],[[129.173,28.069],[129.179,28.049],[129.148,28.014],[129.149,28.05],[129.173,28.069]],[[129.165,28.123],[129.175,28.11],[129.165,28.123]],[[129.17,28.199],[129.17,28.199]],[[129.209,28.201],[129.242,28.188],[129.205,28.183],[129.212,28.164],[129.241,28.151],[129.258,28.174],[129.26,28.158],[129.263,28.171],[129.274,28.158],[129.246,28.149],[129.261,28.144],[129.242,28.138],[129.245,28.123],[129.275,28.142],[129.261,28.117],[129.288,28.126],[129.292,28.108],[129.302,28.122],[129.321,28.101],[129.343,28.118],[129.354,28.106],[129.341,28.077],[129.318,28.062],[129.326,28.091],[129.316,28.097],[129.293,28.091],[129.281,28.064],[129.262,28.078],[129.25,28.111],[129.215,28.077],[129.219,28.141],[129.195,28.146],[129.176,28.183],[129.209,28.201]],[[129.184,28.306],[129.222,28.284],[129.193,28.285],[129.178,28.298],[129.184,28.306]],[[130.019,28.379],[130.034,28.359],[130.017,28.338],[130.001,28.337],[130.008,28.332],[129.978,28.288],[129.943,28.275],[129.92,28.29],[129.913,28.312],[129.923,28.323],[129.952,28.327],[130.019,28.379]],[[129.69,28.53],[129.694,28.491],[129.719,28.475],[129.722,28.459],[129.71,28.422],[129.664,28.398],[129.612,28.4],[129.565,28.335],[129.533,28.327],[129.541,28.309],[129.483,28.289],[129.46,28.297],[129.46,28.267],[129.443,28.246],[129.407,28.25],[129.449,28.226],[129.457,28.232],[129.477,28.211],[129.419,28.188],[129.405,28.193],[129.401,28.154],[129.338,28.169],[129.364,28.151],[129.379,28.11],[129.367,28.112],[129.358,28.136],[129.323,28.132],[129.296,28.149],[129.283,28.197],[129.263,28.183],[129.294,28.223],[129.262,28.216],[129.277,28.232],[129.254,28.233],[129.257,28.207],[129.246,28.204],[129.218,28.229],[129.212,28.219],[129.185,28.222],[129.17,28.243],[129.152,28.236],[129.135,28.254],[129.165,28.256],[129.178,28.27],[129.211,28.253],[129.214,28.27],[129.227,28.274],[129.248,28.253],[129.255,28.265],[129.273,28.261],[129.28,28.276],[129.296,28.274],[129.294,28.284],[129.266,28.288],[129.265,28.274],[129.25,28.274],[129.211,28.306],[129.314,28.334],[129.31,28.348],[129.339,28.368],[129.367,28.355],[129.389,28.374],[129.401,28.356],[129.411,28.364],[129.395,28.386],[129.448,28.381],[129.463,28.414],[129.479,28.4],[129.491,28.412],[129.499,28.382],[129.523,28.402],[129.511,28.41],[129.518,28.441],[129.544,28.462],[129.559,28.448],[129.576,28.466],[129.621,28.478],[129.591,28.413],[129.617,28.432],[129.622,28.45],[129.621,28.418],[129.639,28.416],[129.646,28.434],[129.652,28.422],[129.648,28.467],[129.667,28.439],[129.674,28.461],[129.646,28.501],[129.69,28.53]],[[128.994,28.807],[129.001,28.793],[128.972,28.802],[128.994,28.807]],[[129.003,28.837],[129.001,28.828],[129.003,28.837]],[[129.201,29.159],[129.222,29.156],[129.221,29.127],[129.187,29.152],[129.201,29.159]],[[129.327,29.229],[129.323,29.218],[129.327,29.229]],[[129.595,29.477],[129.61,29.472],[129.617,29.447],[129.594,29.447],[129.584,29.463],[129.595,29.477]],[[129.74,29.672],[129.734,29.629],[129.698,29.603],[129.684,29.653],[129.74,29.672]],[[129.535,29.697],[129.536,29.676],[129.525,29.685],[129.535,29.697]],[[129.852,29.884],[129.893,29.869],[129.895,29.844],[129.918,29.82],[129.86,29.823],[129.834,29.86],[129.852,29.884]],[[129.537,29.916],[129.553,29.895],[129.531,29.897],[129.537,29.916]],[[129.917,30.007],[129.945,29.967],[129.943,29.951],[129.905,29.964],[129.9,29.976],[129.917,30.007]]]}},{"type":"Feature","properties":{"name":"岡山県"},"geometry":{"type":"MultiLineString","coordinates":[[[133.538,34.31],[133.526,34.303],[133.538,34.31]],[[133.498,34.351],[133.508,34.335],[133.498,34.351]],[[133.517,34.352],[133.523,34.344],[133.517,34.352]],[[133.587,34.364],[133.568,34.351],[133.587,34.364]],[[133.543,34.402],[133.557,34.396],[133.545,34.38],[133.559,34.367],[133.517,34.383],[133.543,34.402]],[[133.525,34.416],[133.512,34.39],[133.506,34.407],[133.525,34.416]],[[133.761,34.431],[133.777,34.422],[133.765,34.42],[133.761,34.431]],[[133.512,34.435],[133.5,34.425],[133.512,34.435]],[[134.008,34.498],[134.024,34.506]],[[133.684,34.504],[133.683,34.491],[133.669,34.488],[133.669,34.502],[133.684,34.504]],[[134.104,34.568],[134.097,34.561],[134.104,34.568]],[[134.191,34.602],[134.201,34.598],[134.191,34.602]],[[134.199,34.617],[134.165,34.604],[134.199,34.617]],[[134.242,34.678],[134.226,34.668],[134.219,34.676],[134.242,34.678]],[[134.292,34.685],[134.302,34.684],[134.292,34.685]],[[134.257,34.687],[134.273,34.681],[134.243,34.679],[134.257,34.687]],[[134.286,34.704],[134.291,34.697],[134.286,34.704]],[[134.259,34.707],[134.271,34.697],[134.255,34.691],[134.259,34.707]],[[134.265,34.714],[134.248,34.71],[134.265,34.714]],[[134.322,34.722],[134.297,34.736],[134.245,34.716],[134.186,34.743],[134.179,34.735],[134.205,34.726],[134.195,34.717],[134.214,34.716],[134.197,34.708],[134.236,34.715],[134.244,34.697],[134.213,34.684],[134.223,34.681],[134.188,34.651],[134.17,34.652],[134.175,34.631],[134.186,34.631],[134.17,34.614],[134.147,34.617],[134.121,34.589],[134.06,34.585],[134.053,34.596],[134.063,34.608],[134.047,34.598],[134.042,34.608],[133.997,34.614],[133.98,34.6],[133.946,34.599],[133.96,34.584],[134.027,34.599],[134.046,34.578],[134.031,34.571],[134.032,34.552],[134.0,34.543],[134.003,34.512],[133.988,34.53],[133.963,34.526],[133.964,34.494],[133.935,34.479],[133.944,34.463],[133.935,34.451],[133.829,34.475],[133.808,34.458],[133.821,34.429],[133.787,34.435],[133.757,34.473],[133.74,34.525],[133.734,34.499],[133.719,34.504],[133.737,34.491],[133.743,34.472],[133.724,34.472],[133.733,34.469],[133.704,34.479],[133.705,34.522],[133.688,34.525],[133.679,34.524],[133.69,34.505],[133.659,34.52],[133.649,34.504],[133.593,34.49],[133.6,34.473],[133.541,34.462],[133.486,34.514],[133.528,34.469],[133.527,34.453],[133.489,34.441],[133.473,34.443],[133.49,34.459],[133.484,34.466],[133.456,34.455],[133.447,34.48]],[[134.213,34.726],[134.213,34.726]],[[134.298,34.73],[134.322,34.714],[134.335,34.723],[134.347,34.708],[134.275,34.713],[134.298,34.73]]]}},{"type":"Feature","properties":{"name":"沖縄本島地方"},"geometry":{"type":"MultiLineString","coordinates":[[[127.775,26.132],[127.775,26.132]],[[127.909,26.172],[127.884,26.153],[127.909,26.172]],[[127.654,26.161],[127.667,26.154],[127.65,26.153],[127.654,26.161]],[[127.345,26.146],[127.345,26.146]],[[127.293,26.175],[127.293,26.161],[127.293,26.175]],[[127.237,26.183],[127.241,26.163],[127.232,26.163],[127.237,26.183]],[[127.289,26.188],[127.293,26.176],[127.289,26.188]],[[127.652,26.225],[127.658,26.253],[127.652,26.225]],[[127.281,26.212],[127.293,26.194],[127.277,26.187],[127.265,26.198],[127.281,26.212]],[[127.309,26.216],[127.312,26.198],[127.309,26.216]],[[127.453,26.225],[127.44,26.2],[127.453,26.225]],[[127.357,26.226],[127.374,26.202],[127.358,26.181],[127.364,26.157],[127.347,26.146],[127.339,26.183],[127.357,26.226]],[[127.249,26.223],[127.243,26.208],[127.249,26.223]],[[127.945,26.262],[127.947,26.248],[127.934,26.243],[127.945,26.262]],[[127.369,26.237],[127.369,26.224],[127.369,26.237]],[[127.403,26.257],[127.407,26.248],[127.403,26.257]],[[127.31,26.252],[127.333,26.229],[127.318,26.24],[127.306,26.219],[127.282,26.228],[127.31,26.252]],[[127.554,26.266],[127.541,26.264],[127.554,26.266]],[[127.925,26.323],[127.93,26.312],[127.925,26.323]],[[127.953,26.329],[127.969,26.323],[127.96,26.309],[127.953,26.329]],[[127.934,26.332],[127.918,26.331],[127.934,26.332]],[[127.862,26.344],[127.868,26.328],[127.837,26.329],[127.862,26.344]],[[127.966,26.365],[127.975,26.351],[127.94,26.336],[127.943,26.363],[127.966,26.365]],[[127.988,26.385],[127.996,26.362],[127.976,26.352],[127.969,26.368],[127.988,26.385]],[[128.0,26.401],[127.992,26.383],[128.0,26.401]],[[126.828,26.343],[126.835,26.337],[126.821,26.337],[126.828,26.343]],[[126.898,26.35],[126.872,26.345],[126.898,26.35]],[[127.147,26.382],[127.15,26.363],[127.161,26.364],[127.147,26.349],[127.137,26.373],[127.147,26.382]],[[126.776,26.391],[126.826,26.352],[126.805,26.324],[126.81,26.291],[126.779,26.307],[126.758,26.342],[126.758,26.333],[126.709,26.354],[126.714,26.373],[126.776,26.391]],[[127.231,26.602],[127.247,26.59],[127.241,26.576],[127.209,26.575],[127.231,26.602]],[[127.815,26.651],[127.821,26.645],[127.815,26.651]],[[127.867,26.654],[127.874,26.649],[127.859,26.629],[127.855,26.648],[127.867,26.654]],[[128.02,26.681],[128.031,26.644],[127.994,26.66],[127.999,26.675],[128.02,26.681]],[[128.017,26.714],[128.028,26.71],[128.02,26.694],[128.008,26.706],[128.017,26.714]],[[127.808,26.739],[127.83,26.722],[127.828,26.71],[127.763,26.707],[127.75,26.718],[127.759,26.737],[127.808,26.739]],[[128.258,26.876],[128.29,26.842],[128.306,26.845],[128.326,26.779],[128.325,26.743],[128.294,26.717],[128.279,26.676],[128.236,26.631],[128.148,26.629],[128.15,26.598],[128.124,26.603],[128.151,26.569],[128.138,26.566],[128.139,26.554],[128.108,26.55],[128.093,26.535],[128.065,26.551],[128.045,26.548],[128.042,26.559],[128.033,26.553],[128.053,26.521],[127.995,26.508],[128.001,26.483],[127.951,26.472],[127.949,26.438],[127.87,26.458],[127.852,26.45],[127.843,26.429],[127.831,26.432],[127.842,26.406],[127.881,26.378],[127.873,26.359],[127.887,26.342],[127.915,26.332],[127.907,26.331],[127.922,26.296],[127.904,26.299],[127.863,26.344],[127.839,26.332],[127.847,26.314],[127.829,26.312],[127.849,26.302],[127.829,26.311],[127.812,26.3],[127.816,26.277],[127.798,26.266],[127.773,26.203],[127.761,26.203],[127.777,26.191],[127.778,26.173],[127.82,26.192],[127.83,26.166],[127.793,26.135],[127.748,26.118],[127.725,26.091],[127.679,26.075],[127.659,26.081],[127.668,26.133],[127.651,26.127],[127.648,26.145],[127.669,26.152],[127.66,26.162],[127.647,26.154],[127.654,26.174],[127.641,26.175],[127.638,26.199],[127.652,26.218],[127.673,26.206],[127.66,26.218],[127.684,26.225],[127.679,26.24],[127.667,26.232],[127.669,26.25],[127.684,26.243],[127.675,26.256],[127.74,26.281],[127.76,26.309],[127.716,26.404],[127.712,26.441],[127.738,26.422],[127.771,26.446],[127.798,26.437],[127.812,26.463],[127.846,26.481],[127.844,26.504],[127.869,26.513],[127.886,26.503],[127.918,26.517],[127.933,26.543],[127.965,26.542],[127.983,26.575],[127.98,26.59],[127.927,26.609],[127.895,26.607],[127.878,26.642],[127.894,26.66],[127.874,26.685],[127.88,26.709],[127.907,26.699],[127.953,26.708],[127.97,26.694],[128.0,26.692],[128.008,26.684],[127.982,26.651],[128.008,26.63],[128.079,26.644],[128.112,26.668],[128.122,26.66],[128.099,26.681],[128.157,26.719],[128.153,26.745],[128.184,26.75],[128.232,26.798],[128.253,26.842],[128.245,26.864],[128.258,26.876]],[[127.922,26.902],[127.931,26.892],[127.922,26.902]],[[127.938,26.956],[127.957,26.935],[127.954,26.915],[127.939,26.911],[127.913,26.936],[127.938,26.956]],[[127.948,26.978],[127.96,26.975],[127.948,26.978]],[[127.924,27.001],[127.915,26.992],[127.924,27.001]],[[128.021,27.094],[127.991,27.044],[127.946,27.019],[127.934,26.996],[127.933,27.021],[127.951,27.045],[127.996,27.089],[128.021,27.094]],[[128.223,27.885],[128.235,27.861],[128.218,27.877],[128.223,27.885]]]}},{"type":"Feature","properties":{"name":"岩手県"},"geometry":{"type":"MultiLineString","coordinates":[[[141.982,39.309],[141.982,39.309]],[[142.0,39.407],[141.995,39.4],[142.0,39.407]],[[141.683,40.45],[141.769,40.349],[141.774,40.321],[141.816,40.272],[141.835,40.219],[141.807,40.215],[141.799,40.2],[141.812,40.19],[141.794,40.191],[141.852,40.169],[141.876,40.144],[141.829,40.113],[141.833,40.075],[141.877,40.049],[141.906,40.01],[141.936,40.009],[141.955,39.984],[141.961,39.945],[141.944,39.944],[141.94,39.919],[141.977,39.872],[141.978,39.832],[141.991,39.821],[141.983,39.789],[142.004,39.776],[141.989,39.756],[142.004,39.752],[141.972,39.732],[141.987,39.723],[141.967,39.69],[141.986,39.686],[141.97,39.654],[141.983,39.647],[141.964,39.639],[141.977,39.629],[141.966,39.634],[141.972,39.626],[141.946,39.594],[141.958,39.586],[142.026,39.655],[142.028,39.575],[142.057,39.575],[142.072,39.548],[142.051,39.533],[142.056,39.522],[142.034,39.53],[142.029,39.509],[142.011,39.501],[142.01,39.477],[141.976,39.483],[141.954,39.472],[141.978,39.439],[142.051,39.484],[142.062,39.471],[142.038,39.447],[142.044,39.427],[142.031,39.416],[142.01,39.426],[142.006,39.411],[141.986,39.409],[141.975,39.427],[141.938,39.385],[141.947,39.371],[141.965,39.378],[141.957,39.356],[141.915,39.355],[141.899,39.336],[141.914,39.324],[141.996,39.351],[141.977,39.319],[141.887,39.302],[141.925,39.286],[141.929,39.271],[141.889,39.274],[141.903,39.256],[141.891,39.247],[141.921,39.238],[141.971,39.248],[141.945,39.242],[141.948,39.218],[141.925,39.223],[141.903,39.205],[141.887,39.209],[141.89,39.198],[141.866,39.206],[141.866,39.192],[141.922,39.178],[141.887,39.156],[141.851,39.157],[141.836,39.146],[141.873,39.131],[141.874,39.115],[141.9,39.12],[141.921,39.105],[141.88,39.084],[141.86,39.104],[141.811,39.112],[141.809,39.09],[141.824,39.086],[141.824,39.075],[141.876,39.065],[141.815,39.058],[141.849,39.037],[141.848,39.026],[141.8,39.025],[141.797,39.043],[141.782,39.028],[141.768,39.034],[141.759,39.018],[141.732,39.023],[141.739,39.063],[141.722,39.066],[141.725,39.041],[141.71,39.023],[141.731,39.015],[141.744,38.991],[141.711,38.996],[141.716,38.982],[141.697,38.969],[141.728,38.953],[141.706,38.939],[141.668,38.977],[141.681,38.998],[141.671,39.005],[141.624,39.0],[141.632,38.971]]]}},{"type":"Feature","properties":{"name":"宮古島・八重山地方"},"geometry":{"type":"MultiLineString","coordinates":[[[123.787,24.072],[123.809,24.065],[123.805,24.05],[123.753,24.052],[123.755,24.063],[123.787,24.072]],[[123.935,24.221],[123.933,24.209],[123.921,24.217],[123.935,24.221]],[[123.564,24.196],[123.555,24.192],[123.564,24.196]],[[123.951,24.243],[123.937,24.225],[123.951,24.243]],[[124.004,24.254],[124.03,24.242],[124.011,24.221],[123.991,24.242],[124.004,24.254]],[[124.157,24.333],[124.142,24.327],[124.157,24.333]],[[124.087,24.34],[124.101,24.322],[124.086,24.312],[124.076,24.324],[124.087,24.34]],[[123.974,24.355],[124.004,24.328],[123.952,24.33],[123.974,24.355]],[[123.731,24.363],[123.742,24.346],[123.725,24.358],[123.731,24.363]],[[123.725,24.38],[123.721,24.366],[123.711,24.371],[123.725,24.38]],[[124.148,24.462],[124.148,24.45],[124.148,24.462]],[[123.782,24.437],[123.812,24.41],[123.816,24.391],[123.832,24.407],[123.863,24.395],[123.872,24.404],[123.887,24.384],[123.94,24.365],[123.928,24.316],[123.911,24.324],[123.899,24.301],[123.904,24.276],[123.88,24.28],[123.88,24.256],[123.754,24.28],[123.724,24.299],[123.719,24.278],[123.681,24.283],[123.662,24.308],[123.687,24.311],[123.686,24.333],[123.71,24.315],[123.703,24.349],[123.715,24.328],[123.729,24.342],[123.751,24.312],[123.744,24.342],[123.753,24.353],[123.743,24.367],[123.753,24.377],[123.743,24.393],[123.773,24.418],[123.768,24.435],[123.782,24.437]],[[123.817,24.477],[123.825,24.469],[123.817,24.477]],[[122.998,24.475],[123.044,24.462],[123.011,24.437],[122.934,24.448],[122.962,24.472],[122.998,24.475]],[[124.316,24.612],[124.339,24.605],[124.34,24.586],[124.304,24.546],[124.308,24.53],[124.284,24.508],[124.281,24.488],[124.252,24.466],[124.259,24.413],[124.249,24.358],[124.235,24.345],[124.201,24.354],[124.183,24.331],[124.145,24.337],[124.143,24.351],[124.112,24.366],[124.139,24.388],[124.143,24.413],[124.119,24.435],[124.085,24.416],[124.07,24.429],[124.077,24.453],[124.119,24.447],[124.118,24.482],[124.143,24.467],[124.14,24.443],[124.152,24.454],[124.223,24.456],[124.229,24.5],[124.256,24.52],[124.278,24.507],[124.295,24.541],[124.283,24.561],[124.316,24.612]],[[124.711,24.677],[124.727,24.666],[124.725,24.644],[124.676,24.642],[124.673,24.666],[124.711,24.677]],[[125.242,24.732],[125.257,24.716],[125.24,24.717],[125.242,24.732]],[[124.695,24.762],[124.705,24.745],[124.683,24.758],[124.695,24.762]],[[125.266,24.804],[125.258,24.797],[125.266,24.804]],[[125.14,24.845],[125.176,24.814],[125.17,24.804],[125.14,24.814],[125.14,24.845]],[[125.163,24.865],[125.213,24.843],[125.219,24.809],[125.206,24.799],[125.17,24.819],[125.155,24.837],[125.163,24.865]],[[125.267,24.915],[125.298,24.878],[125.313,24.837],[125.336,24.822],[125.335,24.799],[125.433,24.761],[125.469,24.719],[125.455,24.73],[125.371,24.729],[125.31,24.712],[125.297,24.734],[125.295,24.718],[125.261,24.735],[125.253,24.756],[125.261,24.768],[125.267,24.751],[125.284,24.752],[125.257,24.795],[125.279,24.81],[125.279,24.839],[125.296,24.837],[125.296,24.846],[125.256,24.91],[125.268,24.903],[125.267,24.915]],[[125.24,24.938],[125.256,24.925],[125.235,24.928],[125.24,24.938]],[[123.55,25.726],[123.55,25.726]],[[123.541,25.735],[123.543,25.726],[123.541,25.735]],[[123.476,25.752],[123.493,25.742],[123.46,25.735],[123.476,25.752]],[[123.683,25.929],[123.681,25.919],[123.683,25.929]]]}},{"type":"Feature","properties":{"name":"宮崎県"},"geometry":{"type":"MultiLineString","coordinates":[[[131.379,31.457],[131.373,31.45],[131.379,31.457]],[[131.411,31.542],[131.418,31.512],[131.404,31.527],[131.411,31.542]],[[131.669,32.47],[131.669,32.47]],[[131.818,32.674],[131.836,32.671],[131.825,32.656],[131.807,32.665],[131.818,32.674]],[[131.845,32.686],[131.845,32.686]],[[131.886,32.746],[131.859,32.732],[131.864,32.716],[131.85,32.722],[131.851,32.693],[131.827,32.706],[131.791,32.664],[131.777,32.674],[131.762,32.658],[131.767,32.646],[131.752,32.646],[131.757,32.636],[131.774,32.64],[131.755,32.603],[131.712,32.589],[131.693,32.567],[131.684,32.51],[131.7,32.506],[131.714,32.519],[131.71,32.503],[131.729,32.493],[131.696,32.469],[131.678,32.484],[131.657,32.48],[131.655,32.446],[131.643,32.438],[131.664,32.449],[131.662,32.437],[131.674,32.442],[131.675,32.454],[131.678,32.429],[131.655,32.427],[131.69,32.423],[131.643,32.407],[131.623,32.357],[131.628,32.343],[131.615,32.34],[131.585,32.292],[131.555,32.169],[131.473,31.947],[131.475,31.92],[131.46,31.916],[131.458,31.897],[131.486,31.923],[131.461,31.896],[131.451,31.837],[131.459,31.81],[131.488,31.785],[131.46,31.719],[131.456,31.696],[131.468,31.687],[131.45,31.68],[131.469,31.646],[131.453,31.639],[131.457,31.624],[131.419,31.604],[131.406,31.563],[131.402,31.582],[131.397,31.558],[131.382,31.555],[131.39,31.539],[131.373,31.507],[131.389,31.486],[131.363,31.471],[131.371,31.429],[131.333,31.396],[131.349,31.367],[131.323,31.365],[131.309,31.391],[131.255,31.381],[131.236,31.405],[131.243,31.426],[131.229,31.424],[131.206,31.453],[131.175,31.45],[131.16,31.462]]]}},{"type":"Feature","properties":{"name":"宮城県"},"geometry":{"type":"MultiLineString","coordinates":[[[141.47,38.284],[141.5,38.246],[141.457,38.268],[141.47,38.284]],[[141.158,38.321],[141.158,38.321]],[[141.075,38.328],[141.067,38.325],[141.075,38.328]],[[141.416,38.312],[141.43,38.294],[141.41,38.286],[141.416,38.312]],[[141.091,38.338],[141.107,38.328],[141.091,38.338]],[[141.567,38.314],[141.589,38.302],[141.575,38.269],[141.548,38.295],[141.567,38.314]],[[141.121,38.345],[141.104,38.337],[141.121,38.345]],[[141.13,38.347],[141.127,38.326],[141.116,38.335],[141.13,38.347]],[[141.115,38.352],[141.115,38.352]],[[141.15,38.357],[141.163,38.34],[141.169,38.35],[141.167,38.332],[141.182,38.322],[141.155,38.322],[141.149,38.334],[141.138,38.322],[141.132,38.338],[141.148,38.339],[141.141,38.354],[141.15,38.357]],[[141.08,38.367],[141.08,38.367]],[[141.421,38.381],[141.421,38.381]],[[141.275,38.39],[141.288,38.393],[141.275,38.39]],[[141.606,38.392],[141.606,38.392]],[[141.593,38.403],[141.593,38.403]],[[141.518,38.466],[141.532,38.454],[141.53,38.438],[141.519,38.443],[141.518,38.466]],[[141.515,38.556],[141.515,38.556]],[[141.624,38.885],[141.634,38.868],[141.622,38.851],[141.638,38.841],[141.625,38.831],[141.602,38.873],[141.624,38.885]],[[141.632,38.971],[141.644,38.956],[141.632,38.954],[141.648,38.942],[141.634,38.93],[141.653,38.919],[141.674,38.857],[141.638,38.885],[141.638,38.902],[141.606,38.88],[141.587,38.909],[141.576,38.907],[141.594,38.89],[141.584,38.847],[141.604,38.829],[141.521,38.789],[141.512,38.768],[141.546,38.734],[141.565,38.739],[141.561,38.691],[141.557,38.707],[141.526,38.717],[141.516,38.69],[141.491,38.69],[141.495,38.674],[141.444,38.672],[141.443,38.644],[141.53,38.636],[141.524,38.61],[141.459,38.575],[141.495,38.533],[141.535,38.547],[141.53,38.533],[141.548,38.524],[141.534,38.509],[141.543,38.505],[141.528,38.489],[141.512,38.514],[141.468,38.52],[141.465,38.512],[141.474,38.518],[141.497,38.495],[141.499,38.479],[141.477,38.463],[141.512,38.45],[141.493,38.437],[141.448,38.444],[141.474,38.422],[141.47,38.394],[141.5,38.416],[141.514,38.393],[141.539,38.401],[141.531,38.381],[141.513,38.391],[141.482,38.376],[141.518,38.368],[141.534,38.34],[141.525,38.324],[141.541,38.306],[141.526,38.296],[141.524,38.272],[141.511,38.277],[141.509,38.297],[141.492,38.294],[141.496,38.307],[141.475,38.308],[141.471,38.32],[141.467,38.306],[141.45,38.316],[141.474,38.33],[141.462,38.351],[141.45,38.34],[141.449,38.353],[141.436,38.341],[141.416,38.346],[141.459,38.374],[141.433,38.373],[141.438,38.381],[141.423,38.385],[141.43,38.4],[141.415,38.391],[141.409,38.404],[141.374,38.383],[141.36,38.413],[141.317,38.412],[141.325,38.402],[141.304,38.415],[141.294,38.414],[141.295,38.4],[141.276,38.41],[141.264,38.398],[141.286,38.416],[141.273,38.42],[141.268,38.408],[141.175,38.376],[141.159,38.354],[141.133,38.36],[141.133,38.377],[141.108,38.386],[141.116,38.376],[141.104,38.368],[141.075,38.378],[141.061,38.368],[141.066,38.351],[141.038,38.344],[141.054,38.331],[141.025,38.32],[141.045,38.319],[141.038,38.307],[141.077,38.319],[141.088,38.297],[141.04,38.273],[141.029,38.283],[141.025,38.271],[141.0,38.273],[141.047,38.265],[141.022,38.263],[140.978,38.206],[140.931,38.1],[140.915,37.977],[140.931,37.896]]]}},{"type":"Feature","properties":{"name":"熊本県天草灘沿岸"},"geometry":{"type":"MultiLineString","coordinates":[[[129.965,32.187],[129.973,32.177],[129.965,32.187]],[[130.029,32.191],[130.047,32.157],[130.032,32.175],[130.017,32.163],[130.029,32.191]],[[130.078,32.202],[130.071,32.194],[130.078,32.202]],[[130.141,32.278],[130.15,32.27],[130.135,32.263],[130.141,32.278]],[[130.154,32.322],[130.14,32.298],[130.166,32.297],[130.145,32.282],[130.137,32.291],[130.107,32.254],[130.091,32.254],[130.102,32.234],[130.09,32.227],[130.092,32.243],[130.08,32.243],[130.078,32.212],[130.044,32.199],[130.029,32.214],[130.035,32.201],[130.023,32.189],[130.011,32.202],[130.002,32.19],[129.991,32.197],[130.013,32.235],[129.989,32.241],[129.998,32.253],[129.967,32.243],[129.993,32.284],[130.025,32.301],[130.033,32.275],[130.03,32.299],[130.051,32.304],[130.045,32.292],[130.062,32.277],[130.072,32.3],[130.042,32.314],[130.032,32.303],[130.026,32.316],[129.994,32.307],[129.995,32.322],[129.978,32.329],[129.977,32.361],[130.037,32.465],[130.031,32.486],[130.035,32.476],[130.047,32.491],[130.034,32.519],[130.013,32.53],[130.037,32.536],[130.045,32.513],[130.119,32.548],[130.177,32.551],[130.2,32.536],[130.197,32.504]],[[130.118,32.552],[130.126,32.553],[130.105,32.55],[130.118,32.552]]]}},{"type":"Feature","properties":{"name":"広島県"},"geometry":{"type":"MultiLineString","coordinates":[[[132.494,34.046],[132.483,34.034],[132.494,34.046]],[[132.533,34.074],[132.53,34.047],[132.52,34.052],[132.533,34.074]],[[132.549,34.079],[132.559,34.071],[132.541,34.069],[132.549,34.079]],[[132.789,34.123],[132.801,34.121],[132.787,34.114],[132.789,34.123]],[[132.775,34.156],[132.758,34.152],[132.775,34.156]],[[132.659,34.158],[132.652,34.151],[132.659,34.158]],[[132.671,34.16],[132.672,34.151],[132.671,34.16]],[[132.439,34.161],[132.43,34.147],[132.439,34.161]],[[132.795,34.168],[132.772,34.162],[132.772,34.177],[132.786,34.189],[132.795,34.168]],[[132.578,34.168],[132.571,34.156],[132.578,34.168]],[[132.385,34.177],[132.412,34.17],[132.414,34.151],[132.387,34.15],[132.385,34.177]],[[132.828,34.187],[132.849,34.196],[132.868,34.173],[132.803,34.154],[132.807,34.177],[132.828,34.187]],[[132.82,34.195],[132.806,34.188],[132.82,34.195]],[[132.296,34.199],[132.319,34.189],[132.293,34.188],[132.296,34.199]],[[132.535,34.2],[132.534,34.189],[132.552,34.187],[132.558,34.173],[132.521,34.157],[132.548,34.142],[132.558,34.151],[132.539,34.107],[132.577,34.127],[132.59,34.109],[132.57,34.116],[132.556,34.08],[132.533,34.104],[132.513,34.091],[132.503,34.103],[132.499,34.091],[132.461,34.082],[132.448,34.109],[132.505,34.134],[132.493,34.153],[132.501,34.181],[132.535,34.2]],[[132.675,34.202],[132.684,34.188],[132.676,34.175],[132.645,34.172],[132.655,34.195],[132.675,34.202]],[[132.712,34.204],[132.758,34.193],[132.765,34.176],[132.739,34.158],[132.738,34.173],[132.686,34.184],[132.693,34.201],[132.712,34.204]],[[132.783,34.261],[132.783,34.261]],[[132.87,34.271],[132.875,34.255],[132.864,34.264],[132.87,34.271]],[[132.371,34.28],[132.379,34.277],[132.362,34.276],[132.371,34.28]],[[132.806,34.281],[132.803,34.268],[132.79,34.273],[132.806,34.281]],[[132.931,34.285],[132.942,34.278],[132.915,34.235],[132.92,34.214],[132.865,34.206],[132.842,34.223],[132.84,34.242],[132.882,34.244],[132.887,34.261],[132.903,34.249],[132.931,34.285]],[[132.884,34.29],[132.885,34.276],[132.884,34.29]],[[132.48,34.296],[132.498,34.268],[132.49,34.202],[132.472,34.185],[132.49,34.142],[132.429,34.129],[132.446,34.152],[132.445,34.179],[132.457,34.179],[132.438,34.196],[132.429,34.174],[132.372,34.258],[132.42,34.258],[132.438,34.226],[132.457,34.23],[132.473,34.208],[132.471,34.245],[132.456,34.257],[132.434,34.249],[132.446,34.267],[132.435,34.285],[132.474,34.284],[132.48,34.296]],[[132.916,34.3],[132.917,34.29],[132.926,34.295],[132.917,34.28],[132.905,34.286],[132.916,34.3]],[[132.334,34.311],[132.348,34.281],[132.275,34.232],[132.264,34.256],[132.29,34.287],[132.334,34.311]],[[132.989,34.316],[132.998,34.305],[132.989,34.316]],[[133.467,34.317],[133.458,34.315],[133.467,34.317]],[[133.133,34.317],[133.148,34.303],[133.146,34.287],[133.092,34.257],[133.07,34.262],[133.089,34.313],[133.133,34.317]],[[132.937,34.325],[132.949,34.311],[132.937,34.325]],[[132.441,34.326],[132.443,34.297],[132.415,34.3],[132.441,34.326]],[[133.079,34.333],[133.087,34.313],[133.069,34.303],[133.063,34.318],[133.079,34.333]],[[132.481,34.347],[132.481,34.331],[132.481,34.347]],[[133.436,34.351],[133.455,34.338],[133.43,34.339],[133.436,34.351]],[[132.46,34.352],[132.463,34.34],[132.46,34.352]],[[133.286,34.358],[133.285,34.338],[133.262,34.333],[133.264,34.348],[133.286,34.358]],[[133.152,34.359],[133.177,34.356],[133.178,34.343],[133.21,34.319],[133.194,34.301],[133.21,34.297],[133.196,34.275],[133.156,34.299],[133.135,34.329],[133.152,34.359]],[[133.117,34.36],[133.127,34.337],[133.109,34.318],[133.095,34.331],[133.103,34.326],[133.104,34.356],[133.117,34.36]],[[133.107,34.368],[133.098,34.361],[133.107,34.368]],[[133.146,34.371],[133.133,34.361],[133.146,34.371]],[[133.319,34.373],[133.325,34.36],[133.342,34.37],[133.338,34.357],[133.296,34.345],[133.293,34.362],[133.319,34.373]],[[133.261,34.384],[133.279,34.379],[133.271,34.361],[133.259,34.366],[133.261,34.384]],[[133.399,34.389],[133.401,34.378],[133.389,34.384],[133.399,34.389]],[[133.162,34.392],[133.172,34.374],[133.152,34.381],[133.162,34.392]],[[133.215,34.409],[133.238,34.405],[133.237,34.391],[133.212,34.357],[133.184,34.359],[133.171,34.391],[133.215,34.409]],[[133.264,34.43],[133.258,34.418],[133.264,34.43]],[[133.447,34.48],[133.443,34.445],[133.415,34.459],[133.408,34.478],[133.409,34.456],[133.441,34.436],[133.431,34.424],[133.409,34.437],[133.387,34.422],[133.384,34.381],[133.367,34.369],[133.291,34.383],[133.28,34.401],[133.246,34.39],[133.244,34.399],[133.259,34.397],[133.274,34.418],[133.251,34.441],[133.256,34.426],[133.244,34.436],[133.234,34.412],[133.127,34.383],[133.085,34.396],[133.097,34.379],[133.086,34.379],[133.079,34.346],[133.04,34.331],[132.951,34.34],[132.929,34.326],[132.889,34.324],[132.85,34.292],[132.835,34.316],[132.798,34.312],[132.788,34.278],[132.754,34.282],[132.753,34.26],[132.773,34.256],[132.76,34.241],[132.701,34.238],[132.684,34.21],[132.66,34.219],[132.643,34.202],[132.596,34.231],[132.592,34.211],[132.539,34.194],[132.544,34.21],[132.532,34.223],[132.558,34.238],[132.515,34.257],[132.518,34.283],[132.494,34.316],[132.505,34.335],[132.492,34.338],[132.503,34.35],[132.516,34.344],[132.509,34.353],[132.522,34.363],[132.483,34.354],[132.476,34.366],[132.479,34.357],[132.444,34.341],[132.399,34.365],[132.366,34.348],[132.363,34.36],[132.337,34.347],[132.358,34.345],[132.32,34.339],[132.279,34.283],[132.23,34.255],[132.221,34.233],[132.246,34.211]]]}},{"type":"Feature","properties":{"name":"香川県"},"geometry":{"type":"MultiLineString","coordinates":[[[133.598,34.044],[133.631,34.061],[133.639,34.092],[133.628,34.118],[133.638,34.125],[133.649,34.193],[133.558,34.263],[133.591,34.26],[133.621,34.236],[133.655,34.234],[133.673,34.247],[133.674,34.222],[133.735,34.261],[133.736,34.283],[133.744,34.272],[133.742,34.283],[133.771,34.288],[133.768,34.305],[133.777,34.289],[133.782,34.302],[133.772,34.306],[133.782,34.311],[133.792,34.295],[133.791,34.309],[133.828,34.321],[133.819,34.353],[133.841,34.361],[133.829,34.342],[133.855,34.36],[133.858,34.346],[133.831,34.332],[133.865,34.327],[133.894,34.354],[133.89,34.379],[133.92,34.378],[133.928,34.39],[133.94,34.375],[133.959,34.377],[133.965,34.364],[133.978,34.373],[134.0,34.351],[134.037,34.349],[134.052,34.362],[134.059,34.348],[134.07,34.365],[134.07,34.352],[134.077,34.362],[134.084,34.351],[134.093,34.385],[134.12,34.359],[134.116,34.376],[134.129,34.386],[134.12,34.397],[134.14,34.399],[134.164,34.383],[134.154,34.344],[134.165,34.326],[134.19,34.332],[134.183,34.353],[134.211,34.347],[134.211,34.369],[134.228,34.341],[134.251,34.351],[134.266,34.336],[134.266,34.32],[134.246,34.306],[134.258,34.285],[134.306,34.278],[134.342,34.253],[134.369,34.25],[134.379,34.262],[134.411,34.236],[134.408,34.224],[134.44,34.208]],[[133.527,34.137],[133.541,34.128],[133.531,34.124],[133.527,34.137]],[[133.628,34.203],[133.628,34.203]],[[133.675,34.274],[133.683,34.269],[133.675,34.274]],[[133.627,34.287],[133.637,34.272],[133.656,34.281],[133.654,34.27],[133.618,34.258],[133.627,34.287]],[[133.664,34.326],[133.68,34.306],[133.664,34.326]],[[133.621,34.354],[133.625,34.331],[133.621,34.354]],[[133.78,34.366],[133.787,34.358],[133.775,34.357],[133.78,34.366]],[[133.649,34.383],[133.651,34.373],[133.642,34.378],[133.649,34.383]],[[133.82,34.395],[133.824,34.383],[133.813,34.389],[133.82,34.395]],[[133.71,34.399],[133.73,34.37],[133.699,34.352],[133.684,34.362],[133.71,34.399]],[[133.778,34.401],[133.795,34.387],[133.755,34.371],[133.752,34.398],[133.763,34.39],[133.778,34.401]],[[134.054,34.409],[134.055,34.39],[134.037,34.38],[134.054,34.409]],[[133.784,34.407],[133.784,34.407]],[[134.105,34.415],[134.112,34.405],[134.101,34.4],[134.105,34.415]],[[133.672,34.411],[133.678,34.395],[133.665,34.383],[133.651,34.408],[133.672,34.411]],[[133.805,34.427],[133.809,34.414],[133.796,34.425],[133.805,34.427]],[[134.063,34.433],[134.054,34.417],[134.063,34.433]],[[134.014,34.442],[134.005,34.438],[134.014,34.442]],[[133.965,34.462],[133.957,34.456],[133.965,34.462]],[[134.004,34.473],[134.001,34.462],[134.004,34.473]],[[133.996,34.478],[133.996,34.478]],[[133.954,34.478],[133.958,34.469],[133.954,34.478]],[[133.97,34.478],[134.012,34.452],[133.982,34.445],[133.97,34.478]],[[134.127,34.482],[134.108,34.475],[134.127,34.482]],[[133.979,34.495],[133.979,34.495]],[[134.086,34.499],[134.105,34.487],[134.085,34.46],[134.037,34.481],[134.086,34.499]],[[134.024,34.506],[134.021,34.479],[134.008,34.498]],[[133.974,34.513],[133.969,34.504],[133.974,34.513]],[[134.165,34.522],[134.156,34.518],[134.165,34.522]],[[134.347,34.565],[134.347,34.557],[134.366,34.561],[134.344,34.544],[134.362,34.541],[134.337,34.433],[134.319,34.458],[134.279,34.447],[134.285,34.461],[134.317,34.46],[134.31,34.477],[134.268,34.468],[134.236,34.415],[134.225,34.425],[134.237,34.437],[134.224,34.439],[134.243,34.458],[134.228,34.481],[134.193,34.484],[134.152,34.46],[134.142,34.47],[134.157,34.492],[134.18,34.487],[134.157,34.505],[134.172,34.528],[134.188,34.516],[134.239,34.53],[134.264,34.553],[134.296,34.547],[134.347,34.565]]]}},{"type":"Feature","properties":{"name":"佐賀県北部"},"geometry":{"type":"MultiLineString","coordinates":[[[129.791,33.34],[129.811,33.333],[129.803,33.331],[129.818,33.321],[129.814,33.309],[129.836,33.287],[129.854,33.292],[129.828,33.312],[129.85,33.329],[129.828,33.337],[129.849,33.337],[129.844,33.352],[129.868,33.373],[129.87,33.405],[129.824,33.412],[129.832,33.422],[129.783,33.451],[129.808,33.459],[129.794,33.471],[129.806,33.485],[129.839,33.462],[129.836,33.443],[129.858,33.454],[129.85,33.475],[129.832,33.475],[129.845,33.479],[129.828,33.518],[129.857,33.506],[129.84,33.524],[129.857,33.52],[129.846,33.556],[129.878,33.538],[129.876,33.516],[129.895,33.551],[129.918,33.542],[129.93,33.551],[129.932,33.535],[129.958,33.529],[129.969,33.51],[129.938,33.48],[129.956,33.469],[129.966,33.483],[129.968,33.455],[130.022,33.447],[130.041,33.456],[130.039,33.47]],[[129.992,33.48],[129.986,33.472],[129.992,33.48]],[[129.775,33.495],[129.781,33.489],[129.775,33.495]],[[129.974,33.544],[129.967,33.527],[129.974,33.544]],[[129.882,33.568],[129.893,33.555],[129.876,33.544],[129.882,33.568]],[[129.761,33.583],[129.774,33.575],[129.762,33.564],[129.74,33.573],[129.761,33.583]],[[129.846,33.592],[129.836,33.585],[129.846,33.592]],[[129.898,33.604],[129.894,33.593],[129.898,33.604]],[[129.863,33.618],[129.861,33.587],[129.849,33.599],[129.863,33.618]]]}},{"type":"Feature","properties":{"name":"佐渡"},"geometry":{"type":"MultiLineString","coordinates":[[[138.503,38.332],[138.522,38.324],[138.506,38.249],[138.493,38.204],[138.436,38.117],[138.435,38.086],[138.48,38.062],[138.562,38.088],[138.574,38.063],[138.504,37.946],[138.5,37.921],[138.362,37.832],[138.304,37.827],[138.254,37.804],[138.215,37.81],[138.206,37.828],[138.27,37.848],[138.289,37.885],[138.285,37.919],[138.344,37.966],[138.327,37.992],[138.299,38.007],[138.274,38.002],[138.255,37.965],[138.227,37.98],[138.235,37.997],[138.222,38.021],[138.238,38.027],[138.234,38.061],[138.248,38.077],[138.24,38.086],[138.291,38.136],[138.325,38.198],[138.365,38.214],[138.402,38.254],[138.433,38.258],[138.459,38.322],[138.503,38.332]]]}},{"type":"Feature","properties":{"name":"三重県南部"},"geometry":{"type":"MultiLineString","coordinates":[[[136.26,34.061],[136.26,34.061]],[[136.304,34.164],[136.304,34.164]],[[136.32,34.171],[136.32,34.171]],[[136.551,34.25],[136.555,34.243],[136.551,34.25]],[[136.818,34.293],[136.808,34.287],[136.818,34.293]],[[136.822,34.296],[136.822,34.296]],[[136.82,34.311],[136.811,34.306],[136.82,34.311]],[[136.719,34.341],[136.719,34.341]],[[136.876,34.368],[136.874,34.358],[136.867,34.365],[136.876,34.368]],[[136.86,34.491],[136.851,34.488],[136.86,34.491]],[[136.904,34.503],[136.907,34.49],[136.888,34.478],[136.873,34.484],[136.904,34.503]],[[136.845,34.52],[136.836,34.517],[136.845,34.52]],[[136.899,34.539],[136.903,34.519],[136.847,34.508],[136.899,34.539]],[[136.982,34.552],[136.983,34.541],[136.982,34.552]],[[136.66,34.566],[136.773,34.51],[136.81,34.508],[136.818,34.484],[136.832,34.506],[136.847,34.481],[136.877,34.475],[136.864,34.46],[136.884,34.45],[136.876,34.43],[136.896,34.453],[136.925,34.444],[136.913,34.376],[136.888,34.392],[136.881,34.38],[136.87,34.387],[136.877,34.371],[136.857,34.364],[136.813,34.367],[136.827,34.353],[136.846,34.37],[136.852,34.356],[136.864,34.364],[136.866,34.343],[136.906,34.368],[136.878,34.335],[136.901,34.278],[136.869,34.273],[136.847,34.247],[136.766,34.26],[136.75,34.27],[136.788,34.278],[136.812,34.264],[136.829,34.271],[136.829,34.259],[136.849,34.273],[136.859,34.265],[136.86,34.28],[136.833,34.271],[136.828,34.285],[136.866,34.288],[136.849,34.291],[136.851,34.301],[136.83,34.298],[136.848,34.314],[136.806,34.308],[136.808,34.328],[136.792,34.309],[136.811,34.299],[136.798,34.29],[136.778,34.292],[136.778,34.314],[136.762,34.316],[136.753,34.298],[136.765,34.291],[136.721,34.304],[136.688,34.284],[136.7,34.326],[136.709,34.317],[136.704,34.329],[136.716,34.323],[136.73,34.334],[136.698,34.349],[136.682,34.324],[136.688,34.336],[136.678,34.337],[136.69,34.346],[136.665,34.346],[136.656,34.341],[136.673,34.325],[136.658,34.328],[136.637,34.31],[136.677,34.316],[136.65,34.291],[136.66,34.289],[136.605,34.259],[136.586,34.258],[136.58,34.275],[136.59,34.271],[136.572,34.275],[136.595,34.281],[136.591,34.295],[136.558,34.285],[136.559,34.276],[136.549,34.282],[136.558,34.268],[136.548,34.25],[136.538,34.256],[136.541,34.278],[136.527,34.26],[136.531,34.273],[136.507,34.279],[136.519,34.241],[136.493,34.258],[136.504,34.244],[136.486,34.239],[136.51,34.231],[136.496,34.225],[136.481,34.22],[136.463,34.233],[136.473,34.248],[136.466,34.257],[136.441,34.248],[136.455,34.242],[136.453,34.22],[136.399,34.203],[136.391,34.219],[136.364,34.189],[136.35,34.195],[136.353,34.212],[136.323,34.196],[136.341,34.2],[136.334,34.181],[136.304,34.18],[136.289,34.157],[136.278,34.16],[136.286,34.149],[136.277,34.138],[136.293,34.127],[136.284,34.119],[136.315,34.115],[136.296,34.086],[136.29,34.097],[136.267,34.082],[136.274,34.102],[136.257,34.087],[136.25,34.094],[136.275,34.121],[136.269,34.129],[136.228,34.101],[136.236,34.087],[136.201,34.077],[136.21,34.063],[136.252,34.062],[136.245,34.038],[136.281,34.022],[136.243,34.015],[136.272,34.005],[136.257,33.997],[136.272,33.973],[136.238,33.969],[136.237,33.982],[136.252,33.985],[136.211,34.0],[136.215,33.984],[136.192,33.972],[136.203,33.963],[136.222,33.974],[136.232,33.946],[136.218,33.948],[136.21,33.931],[136.201,33.945],[136.181,33.939],[136.197,33.936],[136.199,33.921],[136.18,33.913],[136.149,33.931],[136.152,33.913],[136.139,33.909],[136.149,33.898],[136.134,33.899],[136.131,33.885],[136.118,33.899],[136.099,33.884],[136.057,33.825],[136.012,33.723]]]}},{"type":"Feature","properties":{"name":"山形県"},"geometry":{"type":"MultiLineString","coordinates":[[[139.548,38.553],[139.542,38.561],[139.61,38.669],[139.697,38.729],[139.758,38.793],[139.805,38.907],[139.809,38.925],[139.795,38.936],[139.808,38.926],[139.813,38.951],[139.836,38.956],[139.819,38.961],[139.841,38.987],[139.872,39.068],[139.864,39.071],[139.879,39.096],[139.87,39.118]],[[139.821,38.966],[139.801,38.948],[139.826,38.975],[139.821,38.966]],[[139.55,39.209],[139.565,39.198],[139.543,39.182],[139.55,39.209]]]}},{"type":"Feature","properties":{"name":"山口県瀬戸内海沿岸"},"geometry":{"type":"MultiLineString","coordinates":[[[132.151,33.764],[132.153,33.727],[132.133,33.714],[132.151,33.764]],[[132.052,33.78],[132.052,33.78]],[[131.934,33.795],[131.938,33.787],[131.934,33.795]],[[131.971,33.798],[131.993,33.78],[131.951,33.772],[131.947,33.78],[131.971,33.798]],[[132.401,33.815],[132.394,33.802],[132.401,33.815]],[[132.259,33.816],[132.253,33.807],[132.259,33.816]],[[132.209,33.817],[132.273,33.78],[132.258,33.767],[132.24,33.782],[132.216,33.781],[132.197,33.804],[132.173,33.796],[132.177,33.808],[132.209,33.817]],[[132.119,33.824],[132.119,33.811],[132.119,33.824]],[[132.359,33.859],[132.373,33.849],[132.359,33.859]],[[132.071,33.858],[132.118,33.83],[132.088,33.826],[132.05,33.785],[132.032,33.789],[132.079,33.828],[132.071,33.858]],[[132.017,33.871],[132.024,33.852],[131.999,33.857],[132.017,33.86],[132.017,33.871]],[[132.065,33.884],[132.062,33.867],[132.065,33.884]],[[132.044,33.901],[132.052,33.888],[132.044,33.901]],[[132.455,33.927],[132.466,33.915],[132.455,33.927]],[[132.166,33.947],[132.154,33.941],[132.166,33.947]],[[132.348,33.959],[132.354,33.94],[132.337,33.948],[132.348,33.959]],[[132.471,33.967],[132.477,33.954],[132.46,33.963],[132.471,33.967]],[[131.697,33.95],[131.696,33.936],[131.697,33.95]],[[132.234,33.968],[132.262,33.949],[132.285,33.956],[132.302,33.92],[132.32,33.922],[132.317,33.905],[132.332,33.901],[132.369,33.928],[132.401,33.928],[132.417,33.953],[132.472,33.947],[132.408,33.91],[132.376,33.914],[132.362,33.896],[132.372,33.862],[132.347,33.87],[132.327,33.858],[132.335,33.885],[132.29,33.891],[132.286,33.902],[132.268,33.89],[132.279,33.871],[132.22,33.875],[132.208,33.857],[132.204,33.879],[132.177,33.894],[132.174,33.927],[132.187,33.934],[132.185,33.954],[132.206,33.949],[132.214,33.965],[132.234,33.968]],[[132.349,33.974],[132.351,33.962],[132.349,33.974]],[[130.918,33.938],[130.928,33.927],[130.912,33.911]],[[131.76,33.984],[131.769,33.981],[131.76,33.984]],[[131.858,33.99],[131.877,33.971],[131.858,33.964],[131.862,33.951],[131.827,33.931],[131.806,33.94],[131.822,33.959],[131.822,33.945],[131.834,33.957],[131.847,33.95],[131.842,33.967],[131.858,33.99]],[[132.331,34.004],[132.333,33.992],[132.331,34.004]],[[132.432,34.01],[132.432,34.01]],[[132.264,34.01],[132.268,33.994],[132.264,34.01]],[[132.415,34.03],[132.427,34.011],[132.405,34.017],[132.415,34.03]],[[132.392,34.043],[132.383,34.027],[132.377,34.036],[132.392,34.043]],[[131.586,34.024],[131.601,34.015],[131.591,33.999],[131.556,33.991],[131.586,34.024]],[[131.709,34.035],[131.711,34.0],[131.732,33.982],[131.72,33.98],[131.692,34.008],[131.705,34.01],[131.709,34.035]],[[131.773,34.05],[131.755,34.029],[131.729,34.022],[131.731,34.036],[131.753,34.033],[131.773,34.05]],[[132.246,34.211],[132.231,34.189],[132.249,34.177],[132.249,34.138],[132.258,34.137],[132.248,34.134],[132.257,34.131],[132.199,34.119],[132.209,34.055],[132.221,34.047],[132.213,34.003],[132.185,33.962],[132.119,33.953],[132.127,33.891],[132.159,33.855],[132.139,33.832],[132.116,33.833],[132.117,33.878],[132.083,33.889],[132.075,33.905],[132.045,33.909],[132.056,33.921],[132.025,33.902],[131.98,33.93],[131.965,33.919],[131.96,33.947],[131.936,33.947],[131.93,33.962],[131.925,33.953],[131.914,33.97],[131.862,33.988],[131.864,34.006],[131.832,34.011],[131.818,33.993],[131.795,33.987],[131.816,33.982],[131.816,33.969],[131.771,33.979],[131.828,34.029],[131.804,34.043],[131.781,34.028],[131.797,34.059],[131.737,34.046],[131.76,34.067],[131.753,34.071],[131.698,34.047],[131.68,34.055],[131.676,34.043],[131.645,34.038],[131.634,34.047],[131.61,34.022],[131.6,34.039],[131.54,33.998],[131.51,34.004],[131.51,34.022],[131.474,34.038],[131.466,34.028],[131.48,34.012],[131.455,34.004],[131.461,33.988],[131.449,33.995],[131.438,33.983],[131.424,33.991],[131.432,34.007],[131.422,34.016],[131.396,33.985],[131.416,34.021],[131.395,34.026],[131.404,34.042],[131.386,34.051],[131.386,34.031],[131.371,34.027],[131.383,34.022],[131.378,34.008],[131.348,33.981],[131.355,33.966],[131.243,33.92],[131.256,33.932],[131.232,33.928],[131.248,33.943],[131.24,33.951],[131.215,33.937],[131.233,33.954],[131.225,33.948],[131.228,33.963],[131.224,33.95],[131.209,33.959],[131.21,33.945],[131.178,33.932],[131.158,33.953],[131.174,33.973],[131.161,33.975],[131.17,33.996],[131.157,33.989],[131.151,34.003],[131.134,34.004],[131.133,33.991],[131.101,34.032],[131.047,34.042],[131.037,34.057],[130.996,33.989],[130.918,33.938]]]}},{"type":"Feature","properties":{"name":"山口県日本海沿岸"},"geometry":{"type":"MultiLineString","coordinates":[[[130.912,33.911],[130.901,33.917],[130.91,33.926],[130.9,33.922],[130.875,33.946],[130.912,33.954],[130.918,33.938]],[[130.918,33.938],[130.92,33.952],[130.906,33.955],[130.917,33.978],[130.916,34.021],[130.904,34.025],[130.912,34.06],[130.888,34.066],[130.861,34.11],[130.867,34.136],[130.897,34.136],[130.904,34.146],[130.896,34.153],[130.925,34.169],[130.931,34.207],[130.916,34.216],[130.921,34.24],[130.867,34.289],[130.898,34.317],[130.89,34.344],[130.901,34.362],[130.928,34.341],[131.001,34.374],[131.035,34.371],[131.016,34.405],[130.957,34.407],[130.954,34.388],[130.935,34.392],[130.972,34.441],[131.019,34.411],[131.074,34.424],[131.113,34.409],[131.132,34.417],[131.156,34.372],[131.188,34.381],[131.198,34.398],[131.216,34.371],[131.225,34.392],[131.249,34.382],[131.307,34.383],[131.337,34.418],[131.361,34.411],[131.416,34.428],[131.42,34.443],[131.396,34.448],[131.397,34.46],[131.417,34.45],[131.447,34.477],[131.443,34.485],[131.462,34.486],[131.467,34.501],[131.45,34.507],[131.455,34.525],[131.467,34.538],[131.502,34.533],[131.54,34.564],[131.555,34.58],[131.56,34.618],[131.603,34.623],[131.603,34.634],[131.59,34.632],[131.604,34.662],[131.634,34.665],[131.649,34.641],[131.646,34.653],[131.675,34.665],[131.668,34.676],[131.691,34.681]],[[130.878,33.955],[130.878,33.955]],[[130.865,33.981],[130.861,33.97],[130.865,33.981]],[[130.895,33.993],[130.905,33.99],[130.889,33.984],[130.895,33.993]],[[130.779,34.115],[130.799,34.092],[130.776,34.105],[130.779,34.115]],[[130.901,34.177],[130.901,34.177]],[[130.974,34.364],[130.965,34.359],[130.974,34.364]],[[130.867,34.374],[130.878,34.354],[130.84,34.345],[130.841,34.355],[130.866,34.36],[130.867,34.374]],[[131.268,34.418],[131.273,34.411],[131.268,34.418]],[[131.319,34.433],[131.319,34.433]],[[131.246,34.438],[131.26,34.417],[131.249,34.425],[131.223,34.417],[131.226,34.427],[131.205,34.398],[131.173,34.408],[131.167,34.429],[131.217,34.426],[131.246,34.438]],[[131.376,34.467],[131.376,34.467]],[[131.381,34.488],[131.381,34.488]],[[131.344,34.504],[131.344,34.504]],[[131.412,34.513],[131.419,34.495],[131.408,34.489],[131.412,34.513]],[[131.278,34.518],[131.294,34.51],[131.277,34.497],[131.278,34.518]],[[131.389,34.524],[131.386,34.513],[131.389,34.524]],[[131.131,34.799],[131.164,34.777],[131.16,34.763],[131.136,34.759],[131.131,34.799]]]}},{"type":"Feature","properties":{"name":"鹿児島県西部"},"geometry":{"type":"MultiLineString","coordinates":[[[129.434,30.849],[129.428,30.841],[129.434,30.849]],[[130.661,30.994],[130.678,31.062],[130.654,31.071],[130.745,31.133],[130.767,31.181],[130.755,31.212],[130.79,31.252],[130.79,31.305],[130.803,31.334],[130.756,31.425],[130.688,31.478],[130.707,31.533],[130.7,31.554],[130.638,31.545],[130.591,31.588],[130.627,31.621],[130.68,31.629],[130.716,31.603],[130.71,31.567],[130.724,31.562],[130.707,31.558],[130.767,31.563],[130.823,31.654],[130.796,31.701],[130.735,31.707],[130.73,31.725],[130.687,31.735],[130.626,31.712],[130.61,31.682],[130.619,31.657],[130.563,31.597],[130.57,31.574],[130.559,31.547],[130.537,31.533],[130.546,31.533],[130.534,31.506],[130.521,31.509],[130.536,31.493],[130.531,31.485],[130.514,31.493],[130.519,31.471],[130.545,31.479],[130.532,31.462],[130.513,31.464],[130.535,31.395],[130.558,31.386],[130.542,31.385],[130.565,31.322],[130.622,31.276],[130.667,31.267],[130.649,31.239],[130.657,31.22],[130.63,31.211],[130.63,31.202],[130.648,31.203],[130.64,31.19],[130.596,31.18],[130.587,31.156],[130.556,31.178],[130.518,31.166],[130.507,31.178],[130.509,31.213],[130.46,31.251],[130.354,31.25],[130.308,31.267],[130.293,31.259],[130.288,31.27],[130.293,31.261],[130.284,31.267],[130.278,31.247],[130.237,31.26],[130.215,31.249],[130.229,31.268],[130.216,31.276],[130.229,31.282],[130.202,31.282],[130.199,31.296],[130.225,31.309],[130.214,31.321],[130.173,31.324],[130.204,31.335],[130.209,31.348],[130.132,31.412],[130.107,31.412],[130.116,31.424],[130.136,31.413],[130.159,31.44],[130.187,31.411],[130.193,31.43],[130.194,31.408],[130.227,31.4],[130.289,31.446],[130.323,31.515],[130.335,31.59],[130.319,31.653],[130.299,31.661],[130.276,31.705],[130.252,31.71],[130.264,31.715],[130.255,31.711],[130.251,31.732],[130.212,31.756],[130.186,31.749],[130.167,31.792],[130.18,31.834],[130.197,31.85],[130.183,31.855],[130.198,31.852],[130.195,31.867],[130.211,31.873],[130.224,31.91],[130.203,31.984],[130.173,31.992],[130.207,32.062],[130.193,32.084],[130.184,32.071],[130.171,32.088],[130.181,32.11],[130.227,32.129],[130.264,32.12],[130.268,32.129],[130.283,32.11],[130.31,32.108],[130.351,32.134],[130.361,32.169]],[[129.447,31.2],[129.45,31.178],[129.434,31.176],[129.447,31.2]],[[129.472,31.212],[129.476,31.195],[129.472,31.212]],[[130.677,31.281],[130.677,31.281]],[[130.169,31.364],[130.163,31.351],[130.169,31.364]],[[130.541,31.501],[130.54,31.484],[130.541,31.501]],[[129.785,31.791],[129.805,31.782],[129.794,31.778],[129.801,31.763],[129.778,31.744],[129.769,31.713],[129.749,31.718],[129.739,31.705],[129.744,31.688],[129.725,31.669],[129.738,31.655],[129.714,31.622],[129.707,31.637],[129.689,31.621],[129.665,31.634],[129.658,31.659],[129.682,31.663],[129.698,31.716],[129.776,31.742],[129.785,31.791]],[[129.84,31.819],[129.845,31.801],[129.825,31.789],[129.833,31.783],[129.823,31.775],[129.812,31.799],[129.84,31.819]],[[129.844,31.83],[129.84,31.821],[129.844,31.83]],[[130.188,31.858],[130.193,31.87],[130.188,31.858]],[[129.852,31.883],[129.911,31.843],[129.919,31.852],[129.905,31.868],[129.94,31.869],[129.923,31.863],[129.929,31.823],[129.903,31.825],[129.871,31.802],[129.872,31.821],[129.855,31.825],[129.859,31.837],[129.846,31.83],[129.841,31.85],[129.865,31.859],[129.846,31.856],[129.843,31.87],[129.835,31.837],[129.818,31.851],[129.835,31.882],[129.852,31.883]],[[130.165,32.029],[130.171,32.023],[130.165,32.029]],[[130.265,32.151],[130.265,32.151]],[[130.174,32.229],[130.201,32.197],[130.183,32.177],[130.186,32.164],[130.204,32.17],[130.21,32.155],[130.173,32.135],[130.176,32.115],[130.158,32.09],[130.113,32.126],[130.116,32.157],[130.091,32.181],[130.122,32.201],[130.105,32.204],[130.107,32.215],[130.132,32.216],[130.156,32.198],[130.145,32.217],[130.153,32.214],[130.154,32.228],[130.164,32.212],[130.174,32.229]],[[130.195,32.244],[130.211,32.219],[130.206,32.205],[130.188,32.221],[130.195,32.244]],[[130.223,32.255],[130.23,32.247],[130.223,32.255]],[[130.187,32.269],[130.174,32.233],[130.162,32.228],[130.159,32.244],[130.168,32.24],[130.187,32.269]],[[130.257,32.306],[130.268,32.28],[130.237,32.263],[130.243,32.254],[130.21,32.255],[130.22,32.292],[130.257,32.306]]]}},{"type":"Feature","properties":{"name":"鹿児島県東部"},"geometry":{"type":"MultiLineString","coordinates":[[[131.033,31.378],[131.036,31.365],[131.023,31.362],[131.022,31.377],[131.033,31.378]],[[131.112,31.458],[131.094,31.442],[131.112,31.458]],[[131.16,31.462],[131.121,31.475],[131.109,31.466],[131.109,31.476],[131.098,31.459],[131.085,31.46],[131.091,31.449],[131.078,31.458],[131.047,31.434],[131.016,31.38],[131.017,31.357],[131.109,31.331],[131.105,31.312],[131.074,31.292],[131.077,31.272],[131.122,31.287],[131.128,31.275],[131.066,31.228],[131.016,31.227],[131.003,31.189],[130.986,31.181],[130.995,31.17],[130.973,31.167],[130.978,31.151],[130.962,31.138],[130.873,31.095],[130.811,31.089],[130.761,31.055],[130.748,31.061],[130.716,31.045],[130.717,31.027],[130.685,31.026],[130.683,31.004],[130.668,31.008],[130.661,30.994]]]}},{"type":"Feature","properties":{"name":"種子島・屋久島地方"},"geometry":{"type":"MultiLineString","coordinates":[[[130.498,30.469],[130.499,30.453],[130.577,30.432],[130.671,30.376],[130.657,30.304],[130.583,30.239],[130.523,30.227],[130.443,30.237],[130.413,30.267],[130.412,30.296],[130.392,30.322],[130.38,30.393],[130.42,30.397],[130.462,30.434],[130.464,30.457],[130.494,30.455],[130.498,30.469]],[[130.147,30.49],[130.236,30.469],[130.264,30.448],[130.264,30.434],[130.239,30.436],[130.211,30.422],[130.191,30.441],[130.195,30.462],[130.169,30.458],[130.147,30.49]],[[130.858,30.766],[130.865,30.732],[130.837,30.728],[130.858,30.766]],[[130.304,30.808],[130.32,30.796],[130.317,30.783],[130.277,30.781],[130.278,30.773],[130.262,30.782],[130.304,30.808]],[[131.057,30.84],[131.082,30.788],[131.072,30.764],[131.078,30.697],[131.052,30.661],[131.054,30.603],[131.033,30.588],[131.028,30.556],[131.0,30.549],[130.963,30.48],[130.969,30.463],[130.958,30.459],[130.979,30.438],[130.968,30.423],[130.981,30.398],[130.966,30.393],[130.968,30.373],[130.937,30.375],[130.872,30.345],[130.858,30.37],[130.866,30.415],[130.849,30.467],[130.874,30.468],[130.936,30.554],[130.953,30.593],[130.941,30.67],[130.979,30.726],[130.994,30.727],[130.989,30.738],[131.009,30.767],[131.004,30.786],[131.057,30.84]],[[130.428,30.82],[130.444,30.802],[130.397,30.808],[130.428,30.82]],[[129.939,30.851],[129.963,30.828],[129.938,30.812],[129.912,30.819],[129.905,30.838],[129.939,30.851]]]}},{"type":"Feature","properties":{"name":"秋田県"},"geometry":{"type":"MultiLineString","coordinates":[[[139.87,39.118],[139.905,39.181],[139.893,39.212],[139.915,39.249],[139.916,39.275],[139.968,39.297],[140.014,39.382],[140.045,39.499],[140.063,39.653],[140.058,39.728],[140.04,39.759],[140.05,39.772],[140.043,39.762],[140.029,39.77],[140.042,39.785],[140.007,39.846],[139.926,39.899],[139.864,39.89]],[[140.013,39.775],[140.038,39.759],[140.013,39.775]],[[140.033,39.79],[140.021,39.782],[140.033,39.79]],[[139.864,39.89],[139.847,39.878],[139.865,39.874],[139.859,39.866],[139.754,39.858],[139.735,39.905],[139.706,39.928],[139.702,39.942],[139.721,39.955],[139.702,39.961],[139.693,39.995],[139.701,40.007],[139.723,39.982],[139.818,39.96],[139.885,39.999],[139.949,40.079],[139.992,40.176],[139.979,40.202],[140.026,40.217],[139.984,40.211],[140.006,40.227],[140.026,40.343],[140.012,40.374],[139.936,40.428]],[[139.698,40.016],[139.698,40.016]],[[139.971,40.2],[139.982,40.211],[139.971,40.2]]]}},{"type":"Feature","properties":{"name":"小笠原諸島"},"geometry":{"type":"MultiLineString","coordinates":[[[141.462,24.245],[141.472,24.232],[141.455,24.225],[141.462,24.245]],[[141.323,24.813],[141.346,24.779],[141.287,24.746],[141.286,24.789],[141.323,24.813]],[[153.984,24.298],[153.987,24.282],[153.971,24.285],[153.984,24.298]],[[141.284,25.449],[141.293,25.427],[141.277,25.419],[141.273,25.44],[141.284,25.449]],[[142.155,26.565],[142.157,26.543],[142.155,26.565]],[[142.213,26.564],[142.202,26.553],[142.213,26.564]],[[142.231,26.576],[142.24,26.569],[142.227,26.564],[142.231,26.576]],[[142.161,26.588],[142.148,26.582],[142.161,26.588]],[[142.131,26.611],[142.13,26.595],[142.131,26.611]],[[142.126,26.714],[142.135,26.699],[142.142,26.709],[142.165,26.703],[142.147,26.686],[142.169,26.689],[142.165,26.66],[142.189,26.659],[142.171,26.643],[142.178,26.608],[142.171,26.631],[142.154,26.636],[142.126,26.714]],[[142.174,27.044],[142.176,27.032],[142.174,27.044]],[[142.241,27.096],[142.248,27.091],[142.241,27.096]],[[142.193,27.106],[142.218,27.101],[142.233,27.077],[142.237,27.05],[142.222,27.053],[142.229,27.036],[142.186,27.041],[142.195,27.061],[142.182,27.074],[142.208,27.083],[142.202,27.099],[142.182,27.094],[142.193,27.106]],[[142.168,27.122],[142.162,27.113],[142.168,27.122]],[[142.192,27.144],[142.236,27.111],[142.201,27.11],[142.206,27.118],[142.188,27.121],[142.192,27.144]],[[142.189,27.19],[142.202,27.169],[142.187,27.145],[142.189,27.19]],[[142.211,27.502],[142.214,27.489],[142.211,27.502]],[[142.175,27.636],[142.186,27.62],[142.175,27.636]],[[142.157,27.664],[142.159,27.655],[142.157,27.664]],[[142.131,27.689],[142.147,27.684],[142.147,27.671],[142.124,27.684],[142.131,27.689]]]}},{"type":"Feature","properties":{"name":"新潟県上中下越"},"geometry":{"type":"MultiLineString","coordinates":[[[137.635,36.98],[137.915,37.062],[137.998,37.115],[138.048,37.128],[138.096,37.173],[138.151,37.161],[138.231,37.174],[138.256,37.208],[138.249,37.183],[138.438,37.325],[138.515,37.357],[138.543,37.383],[138.531,37.365],[138.544,37.369],[138.588,37.421],[138.586,37.442],[138.59,37.424],[138.617,37.484],[138.714,37.56],[138.748,37.606],[138.793,37.743],[138.832,37.811],[139.068,37.958],[139.068,37.944],[139.2,37.982],[139.231,38.02],[139.215,37.995],[139.223,37.969],[139.243,37.971],[139.226,38.001],[139.288,38.03],[139.367,38.099],[139.429,38.18],[139.431,38.19],[139.421,38.186],[139.45,38.238],[139.442,38.246],[139.456,38.394],[139.548,38.553]],[[138.255,37.208],[138.27,37.222],[138.255,37.208]],[[138.274,37.215],[138.284,37.206],[138.276,37.199],[138.274,37.215]],[[139.076,37.974],[139.069,37.961],[139.076,37.974]],[[139.256,38.491],[139.265,38.487],[139.248,38.453],[139.215,38.438],[139.225,38.465],[139.256,38.491]]]}},{"type":"Feature","properties":{"name":"青森県太平洋沿岸"},"geometry":{"type":"MultiLineString","coordinates":[[[141.529,40.541],[141.521,40.54],[141.529,40.541]],[[141.535,40.563],[141.544,40.549],[141.535,40.563]],[[141.408,40.924],[141.401,40.94],[141.408,40.924]],[[140.913,41.546],[141.002,41.486],[141.066,41.482],[141.113,41.463],[141.193,41.387],[141.271,41.354],[141.357,41.364],[141.464,41.43],[141.453,41.395],[141.46,41.381],[141.443,41.36],[141.391,41.178],[141.392,40.937],[141.376,40.937],[141.399,40.926],[141.391,40.904],[141.425,40.707],[141.482,40.569],[141.527,40.558],[141.492,40.566],[141.487,40.557],[141.514,40.552],[141.504,40.541],[141.534,40.527],[141.575,40.543],[141.683,40.45]]]}},{"type":"Feature","properties":{"name":"青森県日本海沿岸"},"geometry":{"type":"MultiLineString","coordinates":[[[139.936,40.428],[139.95,40.496],[139.94,40.553],[139.919,40.586],[139.869,40.585],[139.86,40.614],[139.903,40.646],[139.928,40.642],[139.936,40.671],[139.964,40.683],[140.0,40.747],[140.053,40.769],[140.123,40.743],[140.191,40.782],[140.228,40.782],[140.256,40.809],[140.302,40.917],[140.324,41.066],[140.32,41.091],[140.298,41.114],[140.249,41.133],[140.257,41.141],[140.303,41.131],[140.321,41.147],[140.339,41.26],[140.394,41.239],[140.43,41.197],[140.464,41.182],[140.499,41.19],[140.549,41.229],[140.594,41.216]],[[140.778,41.21],[140.78,41.254],[140.806,41.314],[140.799,41.321],[140.82,41.345],[140.835,41.416],[140.898,41.477],[140.91,41.504],[140.897,41.527],[140.913,41.546]]]}},{"type":"Feature","properties":{"name":"静岡県"},"geometry":{"type":"MultiLineString","coordinates":[[[138.228,34.62],[138.233,34.633],[138.228,34.62]],[[138.211,34.629],[138.219,34.618],[138.211,34.629]],[[138.338,34.869],[138.33,34.855],[138.338,34.869]],[[138.522,35.037],[138.519,35.029],[138.522,35.037]],[[139.17,35.043],[139.17,35.043]],[[139.112,35.141],[139.077,35.098],[139.069,35.054],[139.1,35.046],[139.1,35.009],[139.083,35.002],[139.095,34.976],[139.147,34.954],[139.132,34.899],[139.14,34.891],[139.083,34.853],[139.077,34.819],[139.042,34.774],[139.048,34.768],[138.999,34.744],[138.973,34.691],[138.987,34.659],[138.958,34.653],[138.964,34.673],[138.949,34.674],[138.908,34.631],[138.892,34.635],[138.843,34.601],[138.774,34.644],[138.789,34.67],[138.74,34.69],[138.739,34.727],[138.776,34.756],[138.753,34.8],[138.766,34.808],[138.752,34.823],[138.768,34.822],[138.76,34.843],[138.776,34.854],[138.753,34.868],[138.756,34.884],[138.79,34.91],[138.762,34.973],[138.777,34.971],[138.769,34.984],[138.787,35.03],[138.846,35.014],[138.877,35.027],[138.891,35.017],[138.906,35.048],[138.886,35.047],[138.817,35.112],[138.696,35.145],[138.685,35.144],[138.698,35.135],[138.646,35.118],[138.557,35.102],[138.524,35.043],[138.493,35.03],[138.503,34.986],[138.512,34.994],[138.504,35.015],[138.533,35.015],[138.516,34.985],[138.356,34.913],[138.334,34.869],[138.324,34.869],[138.338,34.828],[138.301,34.779],[138.289,34.781],[138.305,34.778],[138.29,34.763],[138.218,34.717],[138.196,34.665],[138.196,34.635],[138.234,34.605],[138.227,34.595],[137.974,34.665],[137.9,34.667],[137.907,34.66],[137.799,34.646],[137.581,34.68],[137.485,34.674]]]}},{"type":"Feature","properties":{"name":"石川県加賀"},"geometry":{"type":"MultiLineString","coordinates":[[[136.244,36.295],[136.297,36.35],[136.347,36.365],[136.437,36.441],[136.639,36.66],[136.724,36.79]],[[136.598,36.623],[136.599,36.644],[136.598,36.623]]]}},{"type":"Feature","properties":{"name":"石川県能登"},"geometry":{"type":"MultiLineString","coordinates":[[[136.724,36.79],[136.767,36.9],[136.755,36.937]],[[136.755,36.937],[136.77,36.995],[136.743,37.012],[136.746,37.03],[136.719,37.059],[136.727,37.136],[136.701,37.149],[136.685,37.136],[136.67,37.15],[136.679,37.205],[136.734,37.279],[136.722,37.324],[136.738,37.348],[136.749,37.343],[136.756,37.364],[136.849,37.402],[136.898,37.407],[136.925,37.395],[137.03,37.433],[137.09,37.477],[137.145,37.499],[137.209,37.506],[137.275,37.533],[137.327,37.529],[137.351,37.504],[137.34,37.485],[137.36,37.45],[137.253,37.427],[137.238,37.378],[137.25,37.353],[137.267,37.357],[137.253,37.341],[137.268,37.337],[137.247,37.307],[137.23,37.311],[137.233,37.295],[137.156,37.297],[137.153,37.307],[137.153,37.295],[137.099,37.279],[137.069,37.218],[137.026,37.205],[137.034,37.195],[137.011,37.183],[136.947,37.217],[136.962,37.236],[136.944,37.225],[136.924,37.233],[136.933,37.221],[136.907,37.219],[136.929,37.204],[136.907,37.203],[136.913,37.194],[136.873,37.146],[136.9,37.135],[136.892,37.111],[136.867,37.111],[136.872,37.087],[136.859,37.077],[136.888,37.068],[136.917,37.091],[136.943,37.084],[136.937,37.071],[136.963,37.067],[136.956,37.058],[136.971,37.048],[136.986,37.048],[137.006,37.058],[137.022,37.102],[137.057,37.108],[137.046,37.038],[137.052,36.959]],[[137.038,37.168],[137.054,37.149],[137.041,37.138],[137.049,37.122],[137.022,37.111],[136.994,37.118],[136.976,37.097],[136.966,37.105],[136.947,37.091],[136.94,37.115],[136.903,37.14],[136.912,37.155],[136.925,37.13],[136.941,37.146],[136.978,37.141],[136.969,37.154],[137.005,37.135],[137.038,37.168]],[[136.922,37.855],[136.913,37.845],[136.922,37.855]]]}},{"type":"Feature","properties":{"name":"千葉県九十九里・外房"},"geometry":{"type":"MultiLineString","coordinates":[[[140.852,35.745],[140.872,35.74],[140.861,35.75],[140.882,35.731],[140.868,35.738],[140.866,35.693],[140.84,35.697],[140.827,35.714],[140.729,35.685],[140.735,35.695],[140.715,35.7],[140.661,35.69],[140.526,35.603],[140.448,35.522],[140.394,35.405],[140.394,35.338],[140.415,35.306],[140.4,35.27],[140.405,35.237],[140.377,35.181],[140.35,35.18],[140.326,35.14],[140.312,35.135],[140.312,35.147],[140.298,35.151],[140.277,35.131],[140.249,35.135],[140.232,35.115],[140.2,35.11],[140.192,35.127],[140.122,35.116],[140.099,35.074],[140.073,35.056],[140.038,35.052],[139.984,35.015],[139.961,34.969],[139.965,34.943],[139.942,34.917],[139.887,34.899]]]}},{"type":"Feature","properties":{"name":"千葉県内房"},"geometry":{"type":"MultiLineString","coordinates":[[[139.887,34.899],[139.837,34.903],[139.817,34.94],[139.753,34.967],[139.755,34.978],[139.82,34.978],[139.824,34.991],[139.849,34.985],[139.858,34.999],[139.852,35.023],[139.811,35.037],[139.832,35.044],[139.82,35.065],[139.842,35.086],[139.824,35.101],[139.839,35.131],[139.816,35.17],[139.824,35.198],[139.868,35.22],[139.869,35.243],[139.847,35.272],[139.848,35.29],[139.784,35.313]]]}},{"type":"Feature","properties":{"name":"相模湾・三浦半島"},"geometry":{"type":"MultiLineString","coordinates":[[[139.61,35.138],[139.63,35.13],[139.61,35.138]],[[139.746,35.256],[139.731,35.24],[139.717,35.246],[139.729,35.233],[139.714,35.224],[139.725,35.212],[139.688,35.208],[139.656,35.185],[139.678,35.14],[139.626,35.138],[139.605,35.145],[139.62,35.155],[139.611,35.163],[139.63,35.163],[139.617,35.166],[139.616,35.19],[139.599,35.195],[139.627,35.215],[139.577,35.253],[139.571,35.293],[139.541,35.309],[139.482,35.305],[139.446,35.319],[139.331,35.312],[139.211,35.278],[139.147,35.24],[139.136,35.181],[139.142,35.153],[139.162,35.142],[139.135,35.15],[139.112,35.141]],[[139.483,35.303],[139.475,35.298],[139.483,35.303]]]}},{"type":"Feature","properties":{"name":"大阪府"},"geometry":{"type":"MultiLineString","coordinates":[[[135.093,34.312],[135.223,34.348],[135.249,34.377],[135.287,34.396],[135.295,34.415],[135.32,34.422],[135.351,34.463],[135.353,34.451],[135.372,34.472],[135.365,34.48],[135.377,34.475],[135.379,34.511],[135.368,34.519],[135.378,34.532],[135.39,34.505],[135.431,34.53],[135.444,34.557],[135.41,34.558],[135.402,34.6],[135.422,34.57],[135.426,34.59],[135.451,34.565],[135.45,34.583],[135.466,34.584],[135.45,34.587],[135.461,34.594],[135.425,34.595],[135.424,34.605],[135.445,34.598],[135.423,34.618],[135.441,34.626],[135.447,34.616],[135.453,34.635],[135.45,34.647],[135.42,34.66],[135.416,34.652],[135.426,34.668],[135.408,34.672],[135.421,34.679],[135.407,34.697]],[[135.233,34.434],[135.256,34.446],[135.265,34.438],[135.229,34.414],[135.219,34.422],[135.229,34.431],[135.201,34.428],[135.242,34.455],[135.254,34.451],[135.233,34.434]],[[135.339,34.469],[135.347,34.459],[135.333,34.445],[135.339,34.469]],[[135.355,34.489],[135.361,34.476],[135.351,34.466],[135.355,34.489]],[[135.397,34.532],[135.395,34.517],[135.387,34.525],[135.397,34.532]],[[135.438,34.556],[135.422,34.525],[135.4,34.536],[135.409,34.555],[135.42,34.538],[135.438,34.556]],[[135.349,34.62],[135.353,34.632],[135.349,34.62]],[[135.39,34.628],[135.421,34.611],[135.401,34.611],[135.39,34.628]],[[135.417,34.645],[135.438,34.642],[135.442,34.629],[135.423,34.622],[135.408,34.628],[135.412,34.637],[135.397,34.629],[135.417,34.645]],[[135.38,34.661],[135.404,34.654],[135.379,34.643],[135.38,34.661]],[[135.403,34.673],[135.41,34.66],[135.387,34.664],[135.403,34.673]]]}},{"type":"Feature","properties":{"name":"大東島地方"},"geometry":{"type":"MultiLineString","coordinates":[[[131.182,24.472],[131.195,24.468],[131.187,24.462],[131.182,24.472]],[[131.241,25.872],[131.273,25.854],[131.262,25.822],[131.232,25.813],[131.213,25.823],[131.22,25.866],[131.241,25.872]],[[131.286,25.961],[131.331,25.953],[131.322,25.931],[131.294,25.934],[131.286,25.961]]]}},{"type":"Feature","properties":{"name":"大分県瀬戸内海沿岸"},"geometry":{"type":"MultiLineString","coordinates":[[[131.739,33.26],[131.766,33.256],[131.739,33.26]],[[131.186,33.617],[131.233,33.601],[131.255,33.616],[131.257,33.598],[131.279,33.581],[131.329,33.582],[131.341,33.571],[131.409,33.579],[131.429,33.568],[131.423,33.595],[131.431,33.574],[131.424,33.592],[131.469,33.614],[131.481,33.642],[131.505,33.657],[131.5,33.671],[131.529,33.673],[131.523,33.684],[131.534,33.677],[131.56,33.687],[131.573,33.675],[131.585,33.692],[131.616,33.675],[131.637,33.682],[131.651,33.661],[131.663,33.67],[131.739,33.57],[131.745,33.543],[131.729,33.501],[131.739,33.467],[131.725,33.464],[131.702,33.406],[131.662,33.409],[131.673,33.417],[131.66,33.423],[131.629,33.421],[131.649,33.384],[131.597,33.372],[131.594,33.347],[131.551,33.35],[131.53,33.367],[131.499,33.361],[131.51,33.271],[131.593,33.246],[131.659,33.277],[131.669,33.258],[131.664,33.278],[131.684,33.267],[131.68,33.28],[131.692,33.279],[131.759,33.24],[131.755,33.252],[131.805,33.242],[131.856,33.255],[131.871,33.249],[131.869,33.26],[131.903,33.267]],[[131.672,33.739],[131.702,33.73],[131.631,33.719],[131.672,33.739]]]}},{"type":"Feature","properties":{"name":"大分県豊後水道沿岸"},"geometry":{"type":"MultiLineString","coordinates":[[[131.927,32.727],[131.927,32.715],[131.927,32.727]],[[131.909,32.781],[131.923,32.77],[131.909,32.781]],[[131.957,32.971],[131.957,32.971]],[[132.075,32.977],[132.072,32.953],[132.06,32.964],[132.075,32.977]],[[131.935,33.016],[131.944,33.013],[131.927,32.997],[131.944,32.994],[131.913,32.983],[131.92,33.013],[131.935,33.016]],[[132.011,33.111],[132.004,33.097],[132.011,33.111]],[[131.979,33.161],[131.971,33.156],[131.979,33.161]],[[131.992,33.171],[131.98,33.163],[131.992,33.171]],[[131.894,33.239],[131.894,33.239]],[[131.903,33.267],[131.871,33.236],[131.877,33.225],[131.861,33.205],[131.869,33.202],[131.833,33.181],[131.827,33.15],[131.8,33.125],[131.831,33.126],[131.844,33.115],[131.901,33.134],[131.915,33.125],[131.901,33.11],[131.852,33.089],[131.885,33.073],[131.885,33.084],[131.911,33.082],[131.913,33.067],[131.929,33.067],[131.93,33.091],[131.941,33.097],[131.944,33.069],[131.966,33.073],[131.971,33.062],[131.989,33.069],[131.987,33.09],[132.002,33.096],[131.996,33.08],[132.018,33.06],[131.98,33.047],[131.93,33.053],[131.923,33.027],[131.901,33.01],[131.906,32.996],[131.899,33.006],[131.89,32.992],[131.96,32.946],[131.973,32.963],[131.982,32.94],[132.003,32.958],[132.003,32.932],[132.034,32.94],[132.033,32.954],[132.079,32.945],[132.085,32.933],[132.055,32.94],[132.045,32.927],[132.026,32.935],[132.009,32.925],[132.01,32.906],[131.977,32.922],[131.986,32.889],[131.995,32.899],[132.015,32.891],[131.962,32.847],[131.95,32.855],[131.957,32.842],[131.943,32.837],[131.958,32.836],[131.964,32.819],[131.964,32.839],[131.982,32.825],[131.975,32.845],[131.987,32.846],[132.008,32.827],[131.973,32.806],[131.971,32.792],[131.947,32.806],[131.937,32.785],[131.923,32.801],[131.919,32.785],[131.907,32.794],[131.901,32.786],[131.89,32.805],[131.896,32.765],[131.88,32.791],[131.869,32.775],[131.879,32.766],[131.872,32.751],[131.886,32.746]]]}},{"type":"Feature","properties":{"name":"淡路島南部"},"geometry":{"type":"MultiLineString","coordinates":[[[134.821,34.18],[134.831,34.165],[134.812,34.156],[134.821,34.18]],[[134.948,34.298],[134.957,34.277],[134.948,34.298]],[[134.895,34.399],[134.894,34.353],[134.954,34.271],[134.846,34.231],[134.797,34.198],[134.73,34.189],[134.73,34.208],[134.7,34.221],[134.723,34.255],[134.701,34.242],[134.659,34.241],[134.676,34.255],[134.654,34.294],[134.687,34.331],[134.707,34.321],[134.73,34.33],[134.741,34.352]]]}},{"type":"Feature","properties":{"name":"長崎県西方"},"geometry":{"type":"MultiLineString","coordinates":[[[128.357,32.008],[128.348,31.99],[128.344,32.005],[128.357,32.008]],[[128.394,32.054],[128.415,32.051],[128.406,32.038],[128.381,32.04],[128.394,32.054]],[[129.787,32.571],[129.791,32.558],[129.775,32.549],[129.787,32.571]],[[130.208,32.604],[130.186,32.611],[130.198,32.601],[130.169,32.591],[130.169,32.62],[130.128,32.651],[130.126,32.689],[130.154,32.683],[130.207,32.728],[130.207,32.753],[130.184,32.763],[130.192,32.784],[130.179,32.795],[130.085,32.795],[130.024,32.758],[129.949,32.76],[129.956,32.741],[129.925,32.708],[129.914,32.713],[129.894,32.661],[129.839,32.641],[129.838,32.621],[129.779,32.582],[129.782,32.572],[129.764,32.583],[129.739,32.569],[129.737,32.581],[129.781,32.604],[129.817,32.655],[129.82,32.685],[129.804,32.678],[129.793,32.695],[129.83,32.708],[129.821,32.695],[129.837,32.689],[129.871,32.747],[129.846,32.721],[129.816,32.718],[129.831,32.738],[129.805,32.744],[129.814,32.76],[129.797,32.761],[129.801,32.778],[129.767,32.798],[129.775,32.82],[129.746,32.822],[129.738,32.806],[129.717,32.834],[129.702,32.831],[129.652,32.931],[129.639,32.919],[129.633,32.926],[129.627,32.978],[129.662,33.001],[129.647,33.038],[129.677,33.062],[129.661,33.069],[129.678,33.077],[129.662,33.076],[129.679,33.086],[129.677,33.099],[129.706,33.079],[129.71,33.088],[129.721,33.08],[129.714,33.071],[129.73,33.075],[129.729,33.046],[129.749,33.06],[129.762,33.049],[129.734,33.017],[129.739,32.989],[129.752,33.0],[129.76,32.994],[129.762,33.005],[129.752,33.003],[129.764,33.022],[129.801,33.008],[129.822,32.983],[129.825,32.971],[129.807,32.961],[129.818,32.948],[129.813,32.92],[129.799,32.921],[129.799,32.954],[129.783,32.942],[129.788,32.901],[129.806,32.909],[129.81,32.893],[129.802,32.88],[129.791,32.885],[129.789,32.867],[129.817,32.863],[129.849,32.833],[129.852,32.859],[129.869,32.845],[129.881,32.882],[129.892,32.869],[129.898,32.88],[129.934,32.858],[129.95,32.863],[129.977,32.837],[130.005,32.842],[129.963,32.876],[129.971,32.89],[129.957,32.89],[129.949,32.896],[129.957,32.905],[129.933,32.92],[129.928,32.969],[129.951,32.987],[129.932,33.027],[129.876,33.065],[129.844,33.048],[129.84,33.056],[129.822,33.037],[129.821,33.055],[129.837,33.06],[129.798,33.066],[129.807,33.077],[129.788,33.103],[129.794,33.138],[129.755,33.147],[129.732,33.137],[129.731,33.124],[129.72,33.141],[129.73,33.158],[129.716,33.167],[129.699,33.16],[129.711,33.127],[129.699,33.125],[129.711,33.116],[129.674,33.12],[129.666,33.101],[129.658,33.133],[129.681,33.126],[129.683,33.139],[129.698,33.141],[129.671,33.169],[129.636,33.167],[129.656,33.192],[129.645,33.196],[129.64,33.223],[129.627,33.188],[129.622,33.216],[129.616,33.204],[129.601,33.207],[129.614,33.225],[129.596,33.209],[129.553,33.217],[129.569,33.231],[129.567,33.245],[129.556,33.243],[129.576,33.262],[129.572,33.274],[129.58,33.28],[129.58,33.267],[129.592,33.277],[129.586,33.294],[129.622,33.31],[129.588,33.305],[129.562,33.325],[129.576,33.333],[129.569,33.377],[129.597,33.381],[129.592,33.37],[129.618,33.376],[129.625,33.362],[129.646,33.365],[129.672,33.399],[129.686,33.387],[129.669,33.367],[129.678,33.353],[129.696,33.361],[129.707,33.347],[129.749,33.367],[129.772,33.355],[129.783,33.373],[129.791,33.34]],[[128.906,32.571],[128.892,32.564],[128.906,32.571]],[[128.718,32.583],[128.709,32.579],[128.718,32.583]],[[128.926,32.599],[128.915,32.595],[128.926,32.599]],[[128.832,32.606],[128.841,32.596],[128.827,32.599],[128.832,32.606]],[[129.751,32.667],[129.754,32.649],[129.751,32.667]],[[129.781,32.703],[129.78,32.691],[129.772,32.7],[129.781,32.703]],[[129.761,32.715],[129.782,32.704],[129.761,32.715]],[[128.635,32.68],[128.636,32.646],[128.623,32.638],[128.616,32.659],[128.635,32.68]],[[128.898,32.712],[128.898,32.694],[128.898,32.712]],[[129.965,32.762],[129.989,32.75],[129.97,32.749],[129.965,32.762]],[[128.863,32.731],[128.863,32.721],[128.863,32.731]],[[128.88,32.751],[128.869,32.74],[128.88,32.751]],[[128.606,32.74],[128.601,32.712],[128.591,32.713],[128.606,32.74]],[[128.958,32.777],[128.965,32.762],[128.958,32.777]],[[128.993,32.791],[129.006,32.753],[128.989,32.755],[128.986,32.742],[128.964,32.747],[128.988,32.758],[128.993,32.791]],[[128.809,32.798],[128.804,32.775],[128.826,32.759],[128.804,32.752],[128.835,32.761],[128.826,32.74],[128.832,32.752],[128.856,32.746],[128.843,32.742],[128.841,32.709],[128.849,32.689],[128.856,32.695],[128.897,32.654],[128.893,32.641],[128.821,32.636],[128.807,32.656],[128.77,32.645],[128.762,32.619],[128.794,32.599],[128.772,32.574],[128.753,32.579],[128.735,32.607],[128.666,32.608],[128.657,32.59],[128.598,32.613],[128.612,32.647],[128.623,32.634],[128.612,32.621],[128.626,32.627],[128.645,32.603],[128.667,32.629],[128.642,32.619],[128.636,32.628],[128.654,32.64],[128.644,32.654],[128.667,32.645],[128.65,32.657],[128.671,32.651],[128.663,32.667],[128.677,32.672],[128.649,32.681],[128.648,32.7],[128.662,32.708],[128.646,32.721],[128.654,32.742],[128.64,32.761],[128.656,32.78],[128.697,32.767],[128.698,32.738],[128.737,32.758],[128.725,32.747],[128.741,32.751],[128.738,32.738],[128.758,32.769],[128.772,32.734],[128.781,32.756],[128.799,32.755],[128.793,32.765],[128.766,32.762],[128.809,32.798]],[[128.934,32.808],[128.934,32.798],[128.934,32.808]],[[128.681,32.81],[128.672,32.807],[128.681,32.81]],[[129.805,32.873],[129.811,32.867],[129.805,32.873]],[[128.864,32.845],[128.901,32.821],[128.91,32.799],[128.88,32.764],[128.835,32.781],[128.838,32.838],[128.861,32.835],[128.871,32.807],[128.863,32.802],[128.878,32.8],[128.864,32.845]],[[129.038,32.854],[129.041,32.843],[129.038,32.854]],[[129.003,32.863],[129.003,32.854],[129.003,32.863]],[[129.602,32.891],[129.591,32.881],[129.602,32.891]],[[129.032,32.869],[129.034,32.86],[129.032,32.869]],[[129.803,32.916],[129.803,32.916]],[[129.035,32.883],[129.036,32.868],[129.035,32.883]],[[128.942,32.885],[128.964,32.852],[128.954,32.847],[128.96,32.83],[128.942,32.827],[128.952,32.815],[128.942,32.8],[128.935,32.828],[128.934,32.817],[128.914,32.821],[128.93,32.828],[128.92,32.843],[128.891,32.864],[128.89,32.852],[128.873,32.862],[128.889,32.866],[128.888,32.877],[128.907,32.875],[128.932,32.838],[128.923,32.869],[128.943,32.849],[128.942,32.885]],[[129.902,32.929],[129.925,32.906],[129.902,32.929]],[[129.039,32.893],[129.045,32.887],[129.039,32.893]],[[128.917,32.897],[128.916,32.886],[128.905,32.889],[128.917,32.897]],[[129.19,32.925],[129.185,32.917],[129.19,32.925]],[[129.599,32.948],[129.623,32.938],[129.616,32.917],[129.598,32.925],[129.599,32.948]],[[128.99,32.933],[129.001,32.92],[129.016,32.923],[129.033,32.896],[129.022,32.889],[129.032,32.888],[129.021,32.874],[129.027,32.845],[129.013,32.868],[128.979,32.859],[128.981,32.872],[128.966,32.873],[128.975,32.878],[128.963,32.904],[128.983,32.895],[128.987,32.88],[128.992,32.894],[129.004,32.882],[129.001,32.902],[128.98,32.905],[128.99,32.933]],[[128.963,32.932],[128.967,32.918],[128.954,32.915],[128.97,32.912],[128.962,32.904],[128.931,32.918],[128.946,32.925],[128.956,32.916],[128.963,32.932]],[[128.99,32.966],[128.997,32.96],[128.983,32.944],[128.979,32.959],[128.99,32.966]],[[129.744,33.0],[129.744,33.0]],[[129.65,33.01],[129.649,32.987],[129.65,33.01]],[[129.545,33.008],[129.553,33.001],[129.545,33.008]],[[129.025,32.994],[129.026,32.976],[129.025,32.994]],[[129.433,33.022],[129.433,33.022]],[[129.353,33.021],[129.362,33.004],[129.345,32.998],[129.353,33.021]],[[129.562,33.03],[129.59,33.022],[129.555,33.001],[129.575,33.021],[129.564,33.018],[129.562,33.03]],[[129.189,33.02],[129.197,33.008],[129.176,33.009],[129.189,33.02]],[[129.247,33.023],[129.25,33.013],[129.261,33.02],[129.256,33.002],[129.234,32.989],[129.239,33.0],[129.222,33.001],[129.247,33.023]],[[129.032,33.015],[129.006,33.002],[129.032,33.015]],[[129.637,33.045],[129.633,33.026],[129.637,33.045]],[[129.609,33.065],[129.637,33.062],[129.629,33.04],[129.608,33.023],[129.589,33.027],[129.609,33.065]],[[129.781,33.077],[129.785,33.066],[129.781,33.077]],[[129.768,33.143],[129.796,33.133],[129.793,33.083],[129.766,33.078],[129.769,33.101],[129.759,33.089],[129.781,33.062],[129.767,33.05],[129.758,33.063],[129.743,33.061],[129.749,33.077],[129.729,33.101],[129.753,33.1],[129.744,33.122],[129.76,33.114],[129.759,33.128],[129.774,33.126],[129.758,33.133],[129.768,33.143]],[[129.675,33.143],[129.679,33.135],[129.675,33.143]],[[129.544,33.152],[129.55,33.137],[129.536,33.131],[129.504,33.14],[129.544,33.152]],[[129.669,33.157],[129.677,33.154],[129.669,33.157]],[[129.671,33.166],[129.674,33.158],[129.671,33.166]],[[129.113,33.164],[129.103,33.125],[129.12,33.098],[129.113,33.062],[129.091,33.039],[129.087,32.984],[129.122,32.985],[129.135,33.002],[129.165,33.008],[129.183,33.003],[129.183,32.979],[129.139,32.937],[129.118,32.938],[129.103,32.962],[129.108,32.925],[129.085,32.926],[129.095,32.904],[129.081,32.896],[129.1,32.861],[129.066,32.862],[129.06,32.817],[129.043,32.822],[129.051,32.826],[129.04,32.874],[129.06,32.889],[129.043,32.893],[129.038,32.908],[129.059,32.906],[129.06,32.896],[129.068,32.904],[129.051,32.921],[129.027,32.919],[129.041,32.932],[129.036,32.946],[129.022,32.933],[129.014,32.949],[128.992,32.944],[129.003,32.945],[128.997,32.965],[129.012,32.977],[129.029,32.961],[129.047,32.976],[129.049,32.96],[129.052,32.978],[129.066,32.981],[129.044,32.987],[129.042,33.027],[129.067,33.046],[129.07,33.02],[129.088,33.024],[129.075,33.056],[129.107,33.087],[129.095,33.122],[129.113,33.164]],[[128.902,33.156],[128.902,33.156]],[[129.591,33.194],[129.593,33.165],[129.581,33.161],[129.59,33.17],[129.578,33.186],[129.591,33.194]],[[129.611,33.198],[129.613,33.19],[129.611,33.198]],[[129.6,33.2],[129.598,33.191],[129.6,33.2]],[[129.339,33.19],[129.335,33.183],[129.339,33.19]],[[129.024,33.175],[129.018,33.166],[129.024,33.175]],[[128.902,33.174],[128.895,33.167],[128.902,33.174]],[[129.6,33.207],[129.6,33.207]],[[129.583,33.208],[129.594,33.203],[129.583,33.208]],[[129.058,33.184],[129.054,33.177],[129.058,33.184]],[[129.022,33.185],[129.015,33.18],[129.022,33.185]],[[128.987,33.194],[128.992,33.187],[128.979,33.187],[128.987,33.194]],[[129.123,33.214],[129.143,33.192],[129.131,33.185],[129.132,33.159],[129.115,33.205],[129.123,33.214]],[[129.557,33.234],[129.557,33.234]],[[129.024,33.213],[129.028,33.204],[129.013,33.201],[129.024,33.213]],[[129.057,33.22],[129.068,33.207],[129.097,33.216],[129.08,33.208],[129.095,33.192],[129.064,33.195],[129.05,33.183],[129.046,33.196],[129.03,33.197],[129.057,33.22]],[[129.134,33.228],[129.134,33.22],[129.134,33.228]],[[129.067,33.228],[129.069,33.217],[129.067,33.228]],[[129.563,33.269],[129.563,33.269]],[[129.568,33.277],[129.568,33.277]],[[129.067,33.263],[129.071,33.244],[129.056,33.258],[129.067,33.263]],[[129.129,33.302],[129.142,33.296],[129.141,33.277],[129.157,33.272],[129.129,33.26],[129.128,33.247],[129.073,33.26],[129.071,33.272],[129.121,33.289],[129.129,33.302]],[[129.596,33.385],[129.604,33.38],[129.596,33.385]],[[129.777,33.401],[129.782,33.394],[129.777,33.401]],[[129.797,33.415],[129.832,33.405],[129.834,33.384],[129.859,33.376],[129.819,33.366],[129.808,33.35],[129.813,33.403],[129.797,33.415]],[[129.555,33.41],[129.563,33.39],[129.553,33.369],[129.57,33.357],[129.546,33.348],[129.544,33.331],[129.514,33.331],[129.532,33.31],[129.501,33.301],[129.51,33.288],[129.477,33.288],[129.505,33.27],[129.464,33.215],[129.394,33.174],[129.371,33.17],[129.349,33.182],[129.356,33.207],[129.366,33.187],[129.4,33.18],[129.407,33.196],[129.381,33.207],[129.382,33.227],[129.399,33.24],[129.424,33.226],[129.42,33.239],[129.435,33.237],[129.404,33.265],[129.407,33.278],[129.427,33.28],[129.424,33.29],[129.447,33.291],[129.433,33.314],[129.444,33.331],[129.438,33.348],[129.499,33.356],[129.512,33.382],[129.523,33.354],[129.525,33.379],[129.552,33.381],[129.522,33.387],[129.519,33.4],[129.555,33.41]],[[129.687,33.423],[129.685,33.406],[129.687,33.423]],[[129.435,33.441],[129.437,33.362],[129.415,33.351],[129.397,33.361],[129.422,33.408],[129.421,33.432],[129.435,33.441]],[[129.531,33.454],[129.544,33.44],[129.506,33.425],[129.531,33.454]],[[129.719,33.464],[129.728,33.452],[129.719,33.464]],[[129.755,33.47],[129.771,33.461],[129.769,33.443],[129.793,33.431],[129.763,33.433],[129.758,33.415],[129.748,33.421],[129.733,33.406],[129.719,33.418],[129.745,33.429],[129.74,33.437],[129.76,33.455],[129.755,33.47]],[[129.556,33.511],[129.554,33.489],[129.565,33.501],[129.584,33.495],[129.575,33.481],[129.553,33.469],[129.529,33.486],[129.513,33.48],[129.521,33.471],[129.497,33.471],[129.556,33.511]],[[129.555,33.611],[129.555,33.611]]]}},{"type":"Feature","properties":{"name":"鳥取県"},"geometry":{"type":"MultiLineString","coordinates":[[[133.275,35.549],[133.261,35.536],[133.266,35.523],[133.261,35.536],[133.275,35.549]],[[133.245,35.549],[133.271,35.552],[133.246,35.528],[133.294,35.477],[133.403,35.453],[133.425,35.46],[133.448,35.495],[133.564,35.53],[133.669,35.507],[133.784,35.501],[133.926,35.51],[133.96,35.525],[133.998,35.525],[134.007,35.537],[134.034,35.519],[134.184,35.541],[134.197,35.533],[134.192,35.546],[134.27,35.559],[134.292,35.588],[134.335,35.593],[134.34,35.608],[134.367,35.602],[134.37,35.615]]]}},{"type":"Feature","properties":{"name":"島根県出雲・石見"},"geometry":{"type":"MultiLineString","coordinates":[[[131.691,34.681],[131.747,34.676],[131.848,34.71],[131.871,34.733],[131.865,34.756],[131.89,34.758],[131.929,34.794],[131.926,34.781],[131.946,34.792],[131.955,34.816],[132.008,34.847],[132.007,34.866],[132.037,34.882],[132.057,34.873],[132.056,34.893],[132.069,34.891],[132.064,34.904],[132.082,34.912],[132.073,34.918],[132.105,34.935],[132.112,34.953],[132.183,34.99],[132.235,35.038],[132.31,35.057],[132.332,35.097],[132.345,35.092],[132.341,35.103],[132.388,35.13],[132.381,35.146],[132.404,35.159],[132.418,35.19],[132.539,35.257],[132.629,35.288],[132.662,35.331],[132.675,35.382],[132.671,35.402],[132.624,35.418],[132.629,35.435],[132.675,35.448],[132.686,35.441],[132.684,35.451],[132.71,35.441],[132.755,35.448],[132.757,35.457],[132.727,35.47],[132.8,35.484],[132.831,35.505],[132.972,35.516],[132.969,35.544],[133.027,35.539],[133.028,35.554],[133.06,35.565],[133.047,35.578],[133.097,35.579],[133.089,35.603],[133.112,35.598],[133.121,35.579],[133.14,35.581],[133.131,35.576],[133.142,35.561],[133.16,35.572],[133.191,35.562],[133.192,35.58],[133.196,35.567],[133.211,35.567],[133.218,35.581],[133.234,35.579],[133.224,35.571],[133.292,35.578],[133.327,35.568],[133.245,35.549]],[[131.834,34.837],[131.841,34.834],[131.834,34.837]],[[132.062,34.905],[132.062,34.905]],[[132.051,34.906],[132.051,34.906]],[[133.241,35.582],[133.241,35.582]],[[133.126,35.596],[133.119,35.59],[133.126,35.596]]]}},{"type":"Feature","properties":{"name":"東京湾内湾"},"geometry":{"type":"MultiLineString","coordinates":[[[139.972,35.671],[139.978,35.68],[139.961,35.679],[139.972,35.671]],[[139.825,35.64],[139.833,35.64],[139.825,35.64]],[[139.856,35.639],[139.856,35.639]],[[139.864,35.637],[139.864,35.637]],[[139.777,35.636],[139.768,35.622],[139.786,35.602],[139.793,35.61],[139.777,35.636]],[[139.758,35.634],[139.753,35.619],[139.758,35.634]],[[139.84,35.631],[139.826,35.631],[139.828,35.612],[139.84,35.631]],[[139.821,35.629],[139.808,35.627],[139.821,35.629]],[[139.755,35.618],[139.754,35.578],[139.785,35.578],[139.769,35.584],[139.777,35.59],[139.755,35.618]],[[139.798,35.617],[139.786,35.625],[139.798,35.617]],[[139.81,35.614],[139.791,35.593],[139.819,35.609],[139.81,35.614]],[[139.827,35.598],[139.82,35.607],[139.793,35.593],[139.813,35.579],[139.832,35.589],[139.827,35.598]],[[140.092,35.588],[140.083,35.588],[140.086,35.57],[140.112,35.571],[140.092,35.588]],[[139.764,35.575],[139.766,35.565],[139.774,35.574],[139.764,35.575]],[[139.817,35.533],[139.823,35.544],[139.8,35.523],[139.817,35.533]],[[139.757,35.527],[139.754,35.509],[139.766,35.513],[139.757,35.527]],[[139.771,35.506],[139.737,35.493],[139.746,35.485],[139.783,35.502],[139.771,35.506]],[[139.783,35.495],[139.751,35.481],[139.783,35.495]],[[139.734,35.495],[139.701,35.479],[139.712,35.465],[139.742,35.477],[139.734,35.495]],[[139.646,35.475],[139.655,35.465],[139.646,35.475]],[[139.695,35.465],[139.67,35.463],[139.694,35.448],[139.707,35.457],[139.686,35.458],[139.695,35.465]],[[139.692,35.41],[139.671,35.403],[139.685,35.403],[139.682,35.393],[139.692,35.41]],[[139.634,35.33],[139.634,35.33]],[[139.746,35.256],[139.692,35.266],[139.672,35.287],[139.684,35.289],[139.674,35.3],[139.661,35.3],[139.661,35.283],[139.634,35.296],[139.662,35.328],[139.632,35.322],[139.622,35.331],[139.656,35.342],[139.658,35.378],[139.622,35.396],[139.645,35.403],[139.629,35.413],[139.67,35.403],[139.688,35.43],[139.688,35.442],[139.678,35.431],[139.681,35.441],[139.669,35.439],[139.674,35.45],[139.661,35.442],[139.666,35.449],[139.636,35.455],[139.65,35.481],[139.674,35.484],[139.668,35.468],[139.693,35.481],[139.688,35.495],[139.698,35.485],[139.718,35.494],[139.714,35.505],[139.731,35.499],[139.732,35.516],[139.733,35.502],[139.748,35.507],[139.738,35.515],[139.752,35.533],[139.776,35.51],[139.8,35.51],[139.775,35.532],[139.809,35.539],[139.785,35.57],[139.751,35.566],[139.75,35.625],[139.766,35.657],[139.772,35.647],[139.791,35.656],[139.776,35.642],[139.796,35.65],[139.779,35.637],[139.799,35.622],[139.807,35.645],[139.834,35.643],[139.822,35.63],[139.841,35.643],[139.871,35.639],[139.873,35.626],[139.897,35.617],[139.907,35.623],[139.9,35.631],[139.91,35.624],[139.94,35.641],[139.918,35.655],[139.947,35.669],[139.932,35.675],[139.986,35.69],[139.986,35.664],[140.003,35.66],[139.987,35.654],[140.014,35.658],[140.083,35.597],[140.083,35.614],[140.1,35.605],[140.089,35.595],[140.118,35.596],[140.112,35.57],[140.127,35.568],[140.091,35.563],[140.115,35.549],[140.088,35.552],[140.095,35.536],[140.067,35.553],[140.059,35.528],[140.038,35.517],[140.045,35.51],[140.025,35.502],[140.033,35.492],[140.01,35.486],[140.024,35.468],[140.003,35.483],[140.003,35.468],[139.99,35.47],[139.992,35.453],[139.982,35.475],[139.967,35.469],[139.972,35.447],[139.954,35.444],[139.964,35.456],[139.951,35.456],[139.947,35.442],[139.901,35.43],[139.898,35.406],[139.919,35.387],[139.898,35.375],[139.907,35.37],[139.889,35.371],[139.897,35.359],[139.847,35.375],[139.839,35.368],[139.858,35.348],[139.836,35.358],[139.822,35.346],[139.84,35.334],[139.822,35.323],[139.82,35.333],[139.819,35.316],[139.784,35.313]],[[139.652,35.307],[139.65,35.294],[139.652,35.307]]]}},{"type":"Feature","properties":{"name":"徳島県"},"geometry":{"type":"MultiLineString","coordinates":[[[134.318,33.549],[134.323,33.54],[134.318,33.549]],[[134.422,33.637],[134.425,33.629],[134.422,33.637]],[[134.486,33.645],[134.504,33.639],[134.484,33.633],[134.486,33.645]],[[134.797,33.849],[134.797,33.849]],[[134.74,33.853],[134.729,33.848],[134.74,33.853]],[[134.82,33.858],[134.81,33.84],[134.82,33.858]],[[134.657,33.868],[134.664,33.862],[134.65,33.854],[134.657,33.868]],[[134.68,33.87],[134.674,33.86],[134.68,33.87]],[[134.6,34.068],[134.597,34.051],[134.6,34.068]],[[134.44,34.208],[134.506,34.226],[134.572,34.223],[134.567,34.234],[134.588,34.24],[134.586,34.201],[134.641,34.18],[134.617,34.145],[134.623,34.128],[134.604,34.118],[134.608,34.091],[134.584,34.043],[134.601,34.018],[134.589,34.009],[134.614,33.997],[134.607,33.983],[134.633,33.994],[134.627,34.009],[134.639,34.008],[134.668,33.963],[134.698,33.953],[134.712,33.924],[134.675,33.88],[134.653,33.882],[134.66,33.875],[134.637,33.873],[134.629,33.858],[134.646,33.866],[134.643,33.843],[134.692,33.854],[134.72,33.845],[134.68,33.83],[134.741,33.841],[134.75,33.834],[134.642,33.781],[134.621,33.787],[134.602,33.764],[134.582,33.772],[134.565,33.732],[134.544,33.737],[134.543,33.72],[134.517,33.702],[134.443,33.664],[134.397,33.657],[134.378,33.63],[134.363,33.627],[134.39,33.623],[134.364,33.589],[134.332,33.584],[134.363,33.58],[134.319,33.582],[134.305,33.562],[134.32,33.555],[134.306,33.549]],[[134.644,34.24],[134.624,34.186],[134.59,34.202],[134.59,34.211],[134.622,34.211],[134.617,34.232],[134.644,34.24]],[[134.607,34.252],[134.617,34.233],[134.592,34.215],[134.588,34.231],[134.607,34.252]]]}},{"type":"Feature","properties":{"name":"富山県"},"geometry":{"type":"MultiLineString","coordinates":[[[137.052,36.959],[136.985,36.877],[137.008,36.836],[137.082,36.785],[137.113,36.781],[137.092,36.771],[137.126,36.758],[137.134,36.76],[137.118,36.767],[137.119,36.784],[137.182,36.758],[137.232,36.767],[137.301,36.756],[137.333,36.762],[137.393,36.807],[137.418,36.873],[137.409,36.897],[137.428,36.926],[137.498,36.956],[137.635,36.98]]]}},{"type":"Feature","properties":{"name":"福井県"},"geometry":{"type":"MultiLineString","coordinates":[[[135.487,35.558],[135.469,35.53],[135.501,35.524],[135.509,35.537],[135.495,35.539],[135.499,35.554],[135.517,35.55],[135.507,35.506],[135.527,35.491],[135.573,35.492],[135.661,35.548],[135.669,35.525],[135.631,35.521],[135.642,35.508],[135.627,35.489],[135.582,35.491],[135.647,35.478],[135.664,35.494],[135.717,35.484],[135.741,35.498],[135.751,35.532],[135.765,35.535],[135.74,35.536],[135.717,35.521],[135.717,35.54],[135.689,35.545],[135.715,35.57],[135.749,35.566],[135.755,35.546],[135.77,35.544],[135.767,35.556],[135.793,35.541],[135.786,35.534],[135.798,35.526],[135.834,35.536],[135.802,35.571],[135.811,35.577],[135.837,35.562],[135.857,35.59],[135.854,35.603],[135.828,35.608],[135.839,35.621],[135.813,35.634],[135.818,35.644],[135.846,35.636],[135.868,35.608],[135.907,35.625],[135.913,35.61],[135.93,35.611],[135.95,35.634],[135.964,35.622],[135.979,35.628],[135.986,35.643],[135.963,35.657],[135.976,35.697],[135.971,35.712],[135.956,35.704],[135.955,35.723],[136.017,35.764],[136.038,35.739],[136.022,35.749],[136.045,35.695],[136.026,35.68],[136.046,35.658],[136.072,35.661],[136.06,35.664],[136.073,35.667],[136.065,35.679],[136.086,35.685],[136.079,35.703],[136.099,35.726],[136.086,35.739],[136.1,35.747],[136.1,35.779],[136.071,35.824],[135.995,35.888],[135.996,35.935],[135.958,35.982],[136.01,36.033],[136.029,36.095],[136.093,36.153],[136.113,36.205],[136.129,36.191],[136.134,36.205],[136.12,36.201],[136.135,36.222],[136.123,36.25],[136.173,36.253],[136.244,36.295]],[[135.805,35.639],[135.803,35.63],[135.805,35.639]]]}},{"type":"Feature","properties":{"name":"福岡県瀬戸内海沿岸"},"geometry":{"type":"MultiLineString","coordinates":[[[131.013,33.797],[131.008,33.788],[131.013,33.797]],[[131.035,33.857],[131.042,33.823],[131.033,33.82],[131.025,33.857],[131.035,33.857]],[[130.915,33.896],[130.963,33.947],[130.963,33.962],[130.989,33.958],[131.002,33.97],[131.023,33.96],[131.001,33.924],[131.013,33.916],[130.988,33.9],[131.005,33.892],[131.002,33.875],[130.992,33.886],[130.982,33.867],[130.998,33.868],[130.993,33.851],[130.957,33.828],[130.975,33.825],[130.961,33.822],[130.978,33.812],[130.967,33.81],[131.012,33.819],[131.011,33.8],[130.997,33.81],[131.003,33.801],[130.985,33.786],[131.002,33.795],[130.993,33.774],[131.011,33.782],[131.017,33.769],[131.004,33.748],[131.016,33.751],[131.031,33.705],[131.056,33.69],[131.094,33.624],[131.114,33.618],[131.116,33.631],[131.132,33.624],[131.127,33.631],[131.186,33.617]]]}},{"type":"Feature","properties":{"name":"福岡県日本海沿岸"},"geometry":{"type":"MultiLineString","coordinates":[[[130.039,33.47],[130.046,33.497],[130.101,33.516],[130.127,33.51],[130.135,33.518],[130.124,33.526],[130.154,33.538],[130.163,33.561],[130.117,33.547],[130.135,33.568],[130.121,33.574],[130.098,33.564],[130.088,33.581],[130.108,33.585],[130.107,33.597],[130.148,33.594],[130.162,33.611],[130.157,33.628],[130.2,33.641],[130.208,33.666],[130.237,33.649],[130.224,33.634],[130.232,33.617],[130.274,33.611],[130.268,33.594],[130.251,33.6],[130.273,33.583],[130.378,33.606],[130.381,33.594],[130.393,33.597],[130.385,33.608],[130.402,33.605],[130.401,33.618],[130.415,33.621],[130.404,33.623],[130.408,33.644],[130.421,33.643],[130.405,33.652],[130.434,33.662],[130.43,33.687],[130.368,33.665],[130.36,33.644],[130.318,33.661],[130.377,33.673],[130.421,33.718],[130.456,33.734],[130.471,33.775],[130.448,33.786],[130.444,33.815],[130.47,33.815],[130.478,33.858],[130.518,33.861],[130.524,33.89],[130.629,33.883],[130.663,33.901],[130.658,33.909],[130.682,33.924],[130.683,33.937],[130.738,33.927],[130.753,33.932],[130.74,33.939],[130.77,33.949],[130.76,33.94],[130.769,33.929],[130.754,33.921],[130.809,33.931],[130.815,33.902],[130.755,33.878],[130.745,33.888],[130.743,33.874],[130.802,33.891],[130.795,33.875],[130.805,33.875],[130.824,33.92],[130.855,33.929],[130.85,33.915],[130.869,33.918],[130.848,33.905],[130.871,33.916],[130.887,33.907],[130.867,33.898],[130.893,33.898],[130.88,33.89],[130.915,33.896]],[[130.048,33.576],[130.051,33.565],[130.048,33.576]],[[130.398,33.623],[130.386,33.62],[130.398,33.625],[130.398,33.641],[130.398,33.623]],[[130.302,33.638],[130.314,33.615],[130.302,33.607],[130.302,33.638]],[[130.421,33.675],[130.426,33.662],[130.394,33.662],[130.421,33.675]],[[130.3,33.69],[130.318,33.665],[130.311,33.659],[130.287,33.679],[130.3,33.69]],[[130.229,33.694],[130.238,33.683],[130.229,33.694]],[[130.364,33.767],[130.38,33.758],[130.363,33.755],[130.364,33.767]],[[130.47,33.865],[130.47,33.865]],[[130.036,33.874],[130.035,33.861],[130.036,33.874]],[[130.489,33.913],[130.509,33.896],[130.489,33.913]],[[130.439,33.915],[130.448,33.911],[130.43,33.887],[130.406,33.897],[130.408,33.911],[130.439,33.915]],[[130.809,33.949],[130.85,33.941],[130.815,33.934],[130.82,33.926],[130.777,33.94],[130.825,33.955],[130.809,33.949]],[[130.852,33.971],[130.86,33.966],[130.852,33.971]],[[130.813,34.001],[130.822,33.986],[130.813,34.001]],[[130.725,34.019],[130.738,34.015],[130.733,34.006],[130.725,34.019]],[[130.112,34.249],[130.099,34.242],[130.112,34.249]]]}},{"type":"Feature","properties":{"name":"福島県"},"geometry":{"type":"MultiLineString","coordinates":[[[140.9,36.916],[140.883,36.909],[140.9,36.916]],[[140.91,36.939],[140.888,36.915],[140.91,36.939]],[[140.931,37.896],[140.946,37.854],[140.967,37.86],[140.951,37.855],[140.956,37.837],[140.962,37.831],[140.967,37.844],[140.964,37.831],[140.981,37.826],[140.976,37.837],[140.987,37.823],[140.989,37.773],[141.011,37.74],[141.015,37.675],[141.041,37.665],[141.019,37.67],[141.032,37.667],[141.019,37.658],[141.046,37.48],[141.034,37.431],[141.039,37.364],[141.026,37.325],[141.035,37.32],[141.028,37.314],[141.038,37.319],[141.025,37.314],[141.013,37.252],[141.018,37.23],[141.028,37.238],[141.012,37.229],[141.003,37.2],[141.0,37.109],[140.978,37.071],[140.973,37.023],[140.983,36.996],[140.97,36.974],[140.924,36.935],[140.903,36.945],[140.864,36.917],[140.817,36.908],[140.793,36.881],[140.793,36.859]]]}},{"type":"Feature","properties":{"name":"兵庫県瀬戸内海沿岸"},"geometry":{"type":"MultiLineString","coordinates":[[[134.741,34.352],[134.818,34.469],[134.838,34.469],[134.878,34.525],[134.936,34.55],[134.976,34.598],[135.004,34.609],[135.024,34.574],[134.995,34.545],[134.989,34.512],[134.906,34.433],[134.895,34.399]],[[134.484,34.6],[134.477,34.593],[134.484,34.6]],[[135.237,34.641],[135.239,34.632],[135.209,34.63],[135.237,34.641]],[[135.28,34.651],[135.28,34.666],[135.28,34.651]],[[134.441,34.654],[134.434,34.648],[134.441,34.654]],[[134.516,34.66],[134.516,34.637],[134.501,34.646],[134.516,34.66]],[[134.945,34.662],[134.844,34.721],[134.829,34.71],[134.832,34.698],[134.809,34.718],[134.815,34.731],[134.807,34.718],[134.811,34.73],[134.758,34.751],[134.766,34.76],[134.755,34.765],[134.686,34.778],[134.68,34.767],[134.66,34.774],[134.664,34.785],[134.65,34.771],[134.657,34.788],[134.646,34.767],[134.629,34.764],[134.643,34.783],[134.623,34.784],[134.629,34.775],[134.612,34.768],[134.605,34.779],[134.566,34.757],[134.528,34.783],[134.505,34.762],[134.5,34.774],[134.473,34.756],[134.466,34.809],[134.463,34.763],[134.451,34.754],[134.456,34.768],[134.432,34.766],[134.433,34.747],[134.411,34.728],[134.374,34.731],[134.359,34.751],[134.353,34.745],[134.364,34.741],[134.338,34.738],[134.322,34.722]],[[135.254,34.669],[135.296,34.676],[135.254,34.669]],[[134.487,34.672],[134.5,34.645],[134.458,34.646],[134.463,34.664],[134.482,34.658],[134.487,34.672]],[[135.36,34.672],[135.317,34.678],[135.36,34.672]],[[134.573,34.677],[134.591,34.666],[134.575,34.651],[134.562,34.668],[134.573,34.677]],[[135.22,34.683],[135.218,34.673],[135.232,34.674],[135.221,34.667],[135.245,34.671],[135.228,34.658],[135.249,34.651],[135.204,34.656],[135.202,34.676],[135.22,34.683]],[[134.536,34.687],[134.528,34.678],[134.546,34.68],[134.542,34.658],[134.508,34.677],[134.536,34.687]],[[135.281,34.697],[135.291,34.682],[135.254,34.678],[135.254,34.694],[135.281,34.697]],[[135.407,34.697],[135.376,34.677],[135.401,34.699],[135.372,34.682],[135.337,34.727],[135.293,34.721],[135.285,34.704],[135.23,34.7],[135.238,34.693],[135.185,34.682],[135.184,34.65],[135.057,34.624],[135.019,34.643],[134.966,34.644],[134.945,34.662]],[[134.872,34.701],[134.886,34.689],[134.857,34.692],[134.872,34.701]],[[134.856,34.71],[134.853,34.694],[134.837,34.697],[134.856,34.71]],[[135.304,34.71],[135.294,34.705],[135.295,34.719],[135.304,34.71]],[[135.322,34.712],[135.307,34.706],[135.322,34.712]],[[135.343,34.715],[135.347,34.703],[135.343,34.715]],[[135.33,34.722],[135.341,34.703],[135.325,34.709],[135.33,34.722]],[[134.663,34.765],[134.653,34.763],[134.663,34.765]],[[134.702,34.771],[134.687,34.758],[134.702,34.771]],[[134.606,34.772],[134.596,34.76],[134.591,34.769],[134.606,34.772]]]}},{"type":"Feature","properties":{"name":"兵庫県北部"},"geometry":{"type":"MultiLineString","coordinates":[[[134.37,35.615],[134.433,35.621],[134.439,35.636],[134.453,35.629],[134.538,35.67],[134.56,35.651],[134.607,35.656],[134.616,35.639],[134.657,35.665],[134.666,35.665],[134.662,35.648],[134.688,35.665],[134.704,35.653],[134.707,35.666],[134.758,35.661],[134.763,35.674],[134.765,35.661],[134.799,35.67],[134.837,35.657],[134.84,35.643],[134.862,35.658]]]}},{"type":"Feature","properties":{"name":"北海道太平洋沿岸西部"},"geometry":{"type":"MultiLineString","coordinates":[[[141.967,42.528],[141.904,42.577],[141.816,42.602],[141.818,42.613],[141.801,42.602],[141.782,42.617],[141.667,42.631],[141.625,42.62],[141.695,42.657],[141.634,42.637],[141.625,42.644],[141.62,42.621],[141.523,42.611],[141.419,42.575],[141.206,42.454],[141.156,42.44],[141.081,42.385],[141.002,42.301],[140.948,42.316],[140.931,42.34],[140.95,42.351],[140.979,42.324],[140.981,42.343],[141.008,42.348],[140.916,42.366],[140.874,42.458],[140.78,42.5],[140.786,42.517],[140.771,42.522],[140.772,42.538],[140.709,42.583],[140.646,42.587],[140.583,42.567],[140.532,42.589],[140.463,42.583],[140.373,42.504],[140.31,42.408],[140.277,42.32],[140.287,42.253],[140.335,42.228],[140.394,42.221],[140.55,42.113],[140.585,42.108],[140.708,42.138],[140.759,42.117],[140.774,42.086],[140.802,42.077],[140.821,42.034],[140.908,41.986],[140.959,41.917],[141.145,41.857],[141.147,41.832],[141.178,41.82],[141.186,41.803],[141.157,41.785],[141.111,41.786],[141.052,41.726],[140.967,41.71],[140.923,41.74],[140.787,41.774],[140.737,41.768],[140.721,41.745],[140.703,41.74],[140.693,41.756],[140.702,41.784],[140.714,41.767],[140.726,41.777],[140.715,41.806],[140.683,41.821],[140.639,41.816],[140.619,41.798],[140.601,41.742],[140.527,41.7],[140.461,41.697],[140.442,41.682],[140.429,41.535],[140.408,41.517],[140.361,41.515],[140.258,41.48],[140.197,41.398]],[[141.775,42.582],[141.808,42.594],[141.775,42.582]]]}},{"type":"Feature","properties":{"name":"北海道太平洋沿岸中部"},"geometry":{"type":"MultiLineString","coordinates":[[[143.869,42.842],[143.581,42.627],[143.395,42.425],[143.326,42.313],[143.34,42.301],[143.328,42.307],[143.32,42.296],[143.324,42.287],[143.348,42.303],[143.326,42.291],[143.309,42.257],[143.336,42.187],[143.312,42.055],[143.256,41.998],[143.241,41.949],[143.248,41.925],[143.164,41.983],[143.135,42.027],[143.01,42.081],[142.964,42.119],[142.815,42.142],[142.756,42.165],[142.773,42.162],[142.759,42.175],[142.671,42.191],[142.585,42.243],[142.484,42.269],[142.446,42.303],[142.368,42.323],[142.273,42.377],[142.192,42.449],[142.028,42.485],[141.967,42.528]]]}},{"type":"Feature","properties":{"name":"北海道日本海沿岸南部"},"geometry":{"type":"MultiLineString","coordinates":[[[139.804,41.366],[139.814,41.357],[139.8,41.353],[139.804,41.366]],[[140.197,41.398],[140.146,41.428],[140.089,41.418],[140.04,41.445],[139.986,41.554],[139.982,41.607],[140.01,41.692],[140.067,41.76],[140.07,41.805],[140.108,41.805],[140.122,41.823],[140.126,41.855],[140.11,41.864],[140.131,41.872],[140.141,41.917],[140.122,41.999],[140.102,42.007],[140.095,42.034],[140.024,42.114],[139.989,42.129],[139.923,42.132],[139.877,42.211],[139.795,42.231],[139.776,42.259],[139.786,42.275],[139.766,42.31],[139.781,42.353],[139.814,42.374],[139.846,42.431],[139.847,42.528],[139.822,42.61],[139.868,42.665],[139.925,42.688],[140.046,42.694],[140.073,42.727],[140.143,42.754],[140.186,42.828],[140.237,42.795],[140.247,42.768],[140.304,42.777],[140.305,42.828],[140.347,42.858],[140.391,42.923],[140.502,42.981],[140.509,42.997],[140.508,42.985],[140.52,42.99],[140.513,42.999],[140.528,43.004],[140.529,43.028],[140.504,43.032],[140.495,43.065],[140.465,43.085],[140.43,43.141],[140.359,43.18],[140.325,43.221],[140.329,43.261],[140.359,43.315],[140.346,43.334],[140.442,43.334],[140.471,43.365],[140.462,43.372]],[[139.341,41.525],[139.376,41.523],[139.383,41.508],[139.341,41.495],[139.341,41.525]],[[139.56,42.249],[139.55,42.209],[139.517,42.176],[139.52,42.136],[139.504,42.097],[139.486,42.074],[139.454,42.066],[139.45,42.052],[139.421,42.072],[139.423,42.137],[139.407,42.179],[139.435,42.216],[139.537,42.233],[139.56,42.249]]]}},{"type":"Feature","properties":{"name":"北海道日本海沿岸北部"},"geometry":{"type":"MultiLineString","coordinates":[[[141.289,43.229],[141.256,43.197],[141.289,43.229]],[[140.462,43.372],[140.528,43.358],[140.579,43.31],[140.631,43.297],[140.646,43.284],[140.643,43.265],[140.774,43.227],[140.782,43.212],[140.775,43.204],[140.792,43.195],[140.851,43.199],[140.862,43.218],[140.872,43.205],[140.913,43.211],[140.926,43.228],[141.01,43.239],[141.021,43.225],[141.001,43.204],[141.013,43.19],[141.161,43.144],[141.243,43.173],[141.276,43.201],[141.294,43.186],[141.29,43.209],[141.309,43.214],[141.301,43.221],[141.33,43.231],[141.423,43.328],[141.429,43.417],[141.358,43.518],[141.386,43.591],[141.352,43.642],[141.329,43.725],[141.388,43.807],[141.457,43.836],[141.493,43.836],[141.52,43.859],[141.561,43.859],[141.627,43.921],[141.629,43.963],[141.647,43.944],[141.636,43.959],[141.645,43.971],[141.633,43.974],[141.646,43.976],[141.659,44.006],[141.663,44.052],[141.647,44.314],[141.673,44.325],[141.694,44.377],[141.701,44.369],[141.749,44.437],[141.762,44.535],[141.786,44.58],[141.791,44.623],[141.785,44.722],[141.736,44.888],[141.586,45.155],[141.569,45.198],[141.571,45.232],[141.616,45.283],[141.609,45.309],[141.618,45.309],[141.607,45.312],[141.626,45.317],[141.655,45.352],[141.657,45.37],[141.634,45.405],[141.643,45.449],[141.696,45.415],[141.68,45.418],[141.681,45.403],[141.679,45.411],[141.71,45.396],[141.748,45.413],[141.799,45.407],[141.864,45.44],[141.893,45.511],[141.937,45.523]],[[141.623,43.963],[141.628,43.977],[141.623,43.963]],[[141.327,44.442],[141.333,44.426],[141.293,44.414],[141.327,44.442]],[[141.426,44.447],[141.426,44.428],[141.381,44.433],[141.426,44.447]],[[141.199,45.259],[141.231,45.247],[141.232,45.234],[141.275,45.234],[141.318,45.197],[141.33,45.15],[141.285,45.109],[141.228,45.099],[141.166,45.138],[141.127,45.186],[141.142,45.19],[141.137,45.22],[141.199,45.259]],[[140.967,45.464],[141.009,45.433],[141.035,45.441],[141.035,45.46],[141.067,45.424],[141.056,45.407],[141.057,45.318],[141.042,45.274],[141.016,45.284],[141.025,45.302],[140.983,45.38],[140.992,45.408],[140.983,45.415],[140.994,45.424],[140.966,45.439],[140.977,45.448],[140.967,45.464]],[[140.964,45.48],[140.964,45.48]]]}},{"type":"Feature","properties":{"name":"陸奥湾"},"geometry":{"type":"MultiLineString","coordinates":[[[140.727,40.846],[140.736,40.841],[140.727,40.846]],[[140.872,41.017],[140.878,41.01],[140.872,41.017]],[[140.594,41.216],[140.643,41.176],[140.632,41.097],[140.679,40.883],[140.733,40.831],[140.797,40.837],[140.86,40.888],[140.872,40.944],[140.838,40.953],[140.863,40.958],[140.879,41.009],[140.949,40.992],[140.984,40.96],[140.972,40.935],[141.065,40.913],[141.103,40.872],[141.151,40.881],[141.203,40.937],[141.234,41.008],[141.248,41.11],[141.279,41.158],[141.248,41.224],[141.197,41.273],[141.181,41.275],[141.188,41.279],[141.159,41.277],[141.133,41.243],[141.144,41.241],[141.159,41.262],[141.154,41.243],[141.055,41.182],[140.98,41.199],[140.946,41.174],[140.853,41.161],[140.81,41.128],[140.764,41.146],[140.764,41.194],[140.778,41.21]]]}},{"type":"Feature","properties":{"name":"和歌山県"},"geometry":{"type":"MultiLineString","coordinates":[[[135.819,33.453],[135.819,33.453]],[[135.812,33.481],[135.863,33.472],[135.83,33.449],[135.823,33.462],[135.798,33.464],[135.812,33.481]],[[136.012,33.723],[135.991,33.682],[135.972,33.672],[135.986,33.655],[135.937,33.642],[135.953,33.622],[135.949,33.63],[135.925,33.608],[135.934,33.594],[135.945,33.605],[135.946,33.59],[135.961,33.595],[135.96,33.582],[135.923,33.576],[135.891,33.556],[135.923,33.559],[135.878,33.529],[135.871,33.535],[135.799,33.5],[135.781,33.464],[135.797,33.461],[135.788,33.438],[135.771,33.447],[135.763,33.434],[135.753,33.438],[135.751,33.451],[135.777,33.464],[135.759,33.484],[135.709,33.478],[135.7,33.494],[135.675,33.488],[135.63,33.509],[135.589,33.503],[135.57,33.517],[135.517,33.522],[135.488,33.551],[135.447,33.549],[135.443,33.564],[135.393,33.589],[135.392,33.642],[135.33,33.67],[135.344,33.682],[135.336,33.695],[135.356,33.696],[135.36,33.68],[135.378,33.683],[135.4,33.721],[135.353,33.727],[135.356,33.741],[135.329,33.742],[135.314,33.769],[135.235,33.782],[135.236,33.798],[135.186,33.819],[135.141,33.885],[135.114,33.893],[135.057,33.881],[135.06,33.905],[135.084,33.911],[135.068,33.932],[135.117,33.96],[135.08,33.956],[135.086,33.969],[135.068,33.977],[135.151,34.007],[135.137,34.017],[135.172,34.028],[135.135,34.065],[135.079,34.073],[135.111,34.097],[135.116,34.12],[135.145,34.111],[135.125,34.136],[135.17,34.133],[135.21,34.15],[135.184,34.148],[135.193,34.158],[135.183,34.158],[135.178,34.187],[135.18,34.17],[135.165,34.187],[135.141,34.188],[135.137,34.202],[135.15,34.2],[135.135,34.214],[135.144,34.219],[135.128,34.217],[135.14,34.225],[135.1,34.236],[135.133,34.23],[135.121,34.243],[135.062,34.263],[135.074,34.306],[135.093,34.312]],[[135.143,33.863],[135.155,33.859],[135.143,33.863]],[[135.087,33.992],[135.087,33.992]],[[135.094,34.008],[135.102,34.004],[135.094,34.008]],[[135.103,34.118],[135.099,34.109],[135.103,34.118]],[[135.175,34.157],[135.175,34.157]],[[135.021,34.293],[135.011,34.276],[134.999,34.28],[135.021,34.293]],[[135.055,34.299],[135.033,34.295],[135.055,34.299]]]}},{"type":"Feature","properties":{"name":"北海道太平洋沿岸東部"},"geometry":{"type":"MultiLineString","coordinates":[[[144.874,42.961],[144.865,42.947],[144.874,42.961]],[[144.326,42.991],[144.34,42.99],[144.318,42.991],[144.326,42.991]],[[145.11,43.053],[145.095,43.046],[145.11,43.053]],[[145.598,43.222],[145.608,43.21],[145.588,43.207],[145.598,43.222]],[[145.607,43.231],[145.607,43.231]],[[146.017,43.378],[146.007,43.361],[145.986,43.369],[146.017,43.378]],[[146.154,43.412],[146.154,43.412]],[[146.167,43.423],[146.155,43.414],[146.167,43.423]],[[146.099,43.448],[146.108,43.431],[146.085,43.414],[146.025,43.408],[146.048,43.431],[146.087,43.426],[146.083,43.439],[146.099,43.448]],[[145.888,43.462],[145.901,43.448],[145.95,43.454],[145.934,43.441],[145.955,43.425],[145.899,43.417],[145.896,43.447],[145.863,43.454],[145.888,43.462]],[[146.135,43.549],[146.163,43.534],[146.204,43.534],[146.179,43.504],[146.194,43.489],[146.117,43.458],[146.103,43.495],[146.059,43.522],[146.135,43.549]],[[145.331,43.568],[145.319,43.566],[145.331,43.568]],[[145.25,43.574],[145.233,43.572],[145.25,43.574]],[[145.321,43.585],[145.321,43.585]],[[146.312,43.651],[146.351,43.64],[146.357,43.618],[146.27,43.627],[146.297,43.63],[146.312,43.651]],[[146.691,43.733],[146.705,43.729],[146.696,43.721],[146.685,43.727],[146.691,43.733]],[[146.802,43.76],[146.79,43.745],[146.802,43.76]],[[146.832,43.887],[146.893,43.847],[146.913,43.847],[146.92,43.836],[146.903,43.83],[146.904,43.811],[146.838,43.808],[146.827,43.797],[146.849,43.787],[146.797,43.786],[146.787,43.759],[146.771,43.767],[146.765,43.752],[146.728,43.746],[146.732,43.737],[146.695,43.745],[146.676,43.707],[146.64,43.704],[146.65,43.715],[146.622,43.731],[146.624,43.757],[146.607,43.753],[146.609,43.735],[146.586,43.744],[146.608,43.767],[146.588,43.808],[146.722,43.832],[146.748,43.815],[146.748,43.829],[146.721,43.836],[146.722,43.846],[146.774,43.876],[146.796,43.859],[146.789,43.879],[146.823,43.867],[146.818,43.885],[146.832,43.887]],[[145.338,44.341],[145.366,44.259],[145.329,44.191],[145.26,44.133],[145.238,44.057],[145.142,43.969],[145.096,43.895],[145.092,43.838],[145.061,43.806],[145.069,43.748],[145.138,43.666],[145.129,43.67],[145.142,43.648],[145.343,43.584],[145.343,43.556],[145.287,43.55],[145.311,43.552],[145.286,43.561],[145.334,43.563],[145.34,43.584],[145.32,43.582],[145.335,43.59],[145.307,43.601],[145.263,43.596],[145.273,43.604],[145.242,43.592],[145.268,43.609],[145.194,43.621],[145.196,43.6],[145.219,43.587],[145.222,43.559],[145.245,43.524],[145.278,43.401],[145.318,43.348],[145.396,43.292],[145.493,43.267],[145.523,43.308],[145.654,43.392],[145.722,43.383],[145.763,43.399],[145.817,43.386],[145.812,43.369],[145.756,43.337],[145.689,43.328],[145.679,43.312],[145.622,43.316],[145.588,43.278],[145.569,43.283],[145.549,43.23],[145.557,43.22],[145.531,43.208],[145.529,43.186],[145.508,43.183],[145.523,43.174],[145.52,43.165],[145.495,43.16],[145.503,43.174],[145.483,43.187],[145.416,43.187],[145.289,43.172],[145.201,43.136],[145.171,43.15],[145.147,43.145],[145.119,43.129],[145.111,43.096],[145.118,43.081],[145.172,43.077],[145.125,43.067],[145.125,43.077],[145.1,43.078],[145.085,43.045],[145.032,43.03],[145.024,42.999],[144.974,42.981],[144.876,42.986],[144.854,43.012],[144.834,43.014],[144.831,43.036],[144.854,43.049],[144.815,43.059],[144.777,43.051],[144.724,42.991],[144.725,42.974],[144.785,42.938],[144.775,42.933],[144.63,42.951],[144.447,42.944],[144.362,42.971],[144.372,42.985],[144.357,42.998],[144.342,42.99],[144.353,42.997],[144.265,43.002],[144.164,42.983],[144.045,42.94],[143.869,42.842]],[[146.167,44.517],[146.226,44.482],[146.241,44.454],[146.336,44.418],[146.477,44.421],[146.577,44.455],[146.534,44.381],[146.491,44.354],[146.453,44.377],[146.432,44.376],[146.387,44.359],[146.366,44.338],[146.37,44.322],[146.348,44.319],[146.296,44.276],[146.111,44.263],[146.066,44.231],[146.046,44.184],[145.984,44.171],[145.922,44.136],[145.9,44.109],[145.903,44.094],[145.89,44.094],[145.867,44.064],[145.865,44.032],[145.877,44.022],[145.851,44.02],[145.842,44.032],[145.818,44.021],[145.791,43.979],[145.781,43.932],[145.703,43.909],[145.651,43.909],[145.589,43.868],[145.575,43.842],[145.546,43.654],[145.535,43.67],[145.549,43.731],[145.434,43.719],[145.421,43.738],[145.426,43.78],[145.399,43.827],[145.404,43.84],[145.444,43.853],[145.473,43.899],[145.585,43.948],[145.599,43.972],[145.676,44.012],[145.676,44.025],[145.741,44.051],[145.745,44.105],[145.838,44.183],[145.889,44.251],[145.946,44.279],[145.988,44.319],[146.007,44.381],[146.052,44.418],[146.082,44.475],[146.132,44.509],[146.167,44.517]],[[148.753,45.557],[148.837,45.55],[148.892,45.513],[148.886,45.482],[148.827,45.449],[148.83,45.427],[148.877,45.392],[148.843,45.355],[148.842,45.337],[148.778,45.323],[148.741,45.337],[148.638,45.335],[148.564,45.312],[148.505,45.278],[148.494,45.257],[148.437,45.253],[148.404,45.231],[148.302,45.215],[148.266,45.185],[148.24,45.184],[148.195,45.15],[148.1,45.113],[147.983,45.004],[147.935,44.988],[147.904,44.961],[147.85,44.965],[147.786,44.948],[147.73,44.977],[147.727,45.003],[147.657,44.996],[147.611,44.944],[147.652,44.92],[147.616,44.889],[147.597,44.853],[147.551,44.816],[147.502,44.805],[147.487,44.781],[147.422,44.765],[147.38,44.743],[147.369,44.723],[147.336,44.715],[147.266,44.638],[147.253,44.6],[147.207,44.568],[147.146,44.559],[147.109,44.569],[147.074,44.555],[147.024,44.514],[146.991,44.452],[146.955,44.426],[146.862,44.446],[146.876,44.5],[146.952,44.549],[146.931,44.59],[146.948,44.63],[146.958,44.596],[146.993,44.575],[147.033,44.616],[147.033,44.638],[147.007,44.651],[147.009,44.661],[147.046,44.66],[147.074,44.637],[147.094,44.638],[147.186,44.697],[147.2,44.737],[147.194,44.762],[147.126,44.771],[147.101,44.801],[147.107,44.822],[147.154,44.824],[147.193,44.797],[147.239,44.806],[147.266,44.868],[147.382,44.911],[147.456,44.973],[147.517,44.997],[147.511,45.026],[147.524,45.037],[147.533,45.089],[147.496,45.113],[147.555,45.11],[147.583,45.085],[147.651,45.079],[147.698,45.104],[147.693,45.142],[147.735,45.194],[147.818,45.217],[147.844,45.207],[147.87,45.224],[147.882,45.256],[147.867,45.263],[147.872,45.296],[147.849,45.367],[147.904,45.43],[147.926,45.437],[147.965,45.419],[147.978,45.36],[148.005,45.335],[147.995,45.331],[148.004,45.3],[148.036,45.268],[148.108,45.257],[148.242,45.267],[148.332,45.286],[148.352,45.308],[148.418,45.327],[148.424,45.346],[148.46,45.36],[148.458,45.375],[148.479,45.383],[148.47,45.399],[148.486,45.42],[148.557,45.458],[148.579,45.49],[148.627,45.5],[148.654,45.539],[148.753,45.557]]]}},{"type":"Feature","properties":{"name":"京都府"},"geometry":{"type":"MultiLineString","coordinates":[[[135.479,35.605],[135.479,35.593],[135.479,35.605]],[[134.868,35.658],[134.88,35.66],[134.884,35.646],[134.932,35.649],[134.964,35.663],[134.986,35.693],[135.026,35.69],[135.061,35.708],[135.086,35.74],[135.208,35.764],[135.224,35.779],[135.255,35.759],[135.257,35.745],[135.274,35.743],[135.286,35.705],[135.308,35.694],[135.303,35.662],[135.288,35.676],[135.265,35.665],[135.245,35.62],[135.193,35.571],[135.193,35.54],[135.209,35.543],[135.204,35.559],[135.226,35.569],[135.229,35.586],[135.256,35.599],[135.251,35.57],[135.275,35.56],[135.254,35.552],[135.243,35.561],[135.242,35.538],[135.29,35.516],[135.311,35.512],[135.323,35.525],[135.332,35.516],[135.318,35.451],[135.347,35.475],[135.347,35.493],[135.378,35.491],[135.372,35.477],[135.398,35.479],[135.394,35.517],[135.381,35.503],[135.344,35.504],[135.342,35.552],[135.348,35.543],[135.38,35.562],[135.426,35.567],[135.434,35.59],[135.461,35.603],[135.45,35.571],[135.487,35.558]],[[135.425,35.687],[135.424,35.677],[135.425,35.687]]]}},{"type":"Feature","properties":{"name":"高知県"},"geometry":{"type":"MultiLineString","coordinates":[[[132.49,32.744],[132.483,32.734],[132.49,32.744]],[[132.546,32.755],[132.571,32.736],[132.573,32.717],[132.544,32.703],[132.55,32.718],[132.535,32.729],[132.546,32.755]],[[132.629,32.772],[132.618,32.766],[132.629,32.772]],[[132.487,32.808],[132.497,32.797],[132.481,32.797],[132.487,32.808]],[[132.696,32.919],[132.705,32.916],[132.688,32.915],[132.696,32.919]],[[133.302,33.364],[133.302,33.364]],[[133.449,33.448],[133.451,33.438],[133.441,33.444],[133.449,33.448]],[[134.306,33.549],[134.242,33.464],[134.21,33.396],[134.176,33.244],[134.143,33.286],[134.153,33.283],[134.136,33.297],[134.107,33.297],[134.102,33.327],[134.037,33.371],[134.031,33.412],[133.955,33.445],[133.935,33.487],[133.831,33.514],[133.771,33.514],[133.746,33.537],[133.617,33.523],[133.566,33.501],[133.573,33.537],[133.553,33.541],[133.562,33.532],[133.547,33.518],[133.559,33.498],[133.582,33.501],[133.575,33.495],[133.457,33.444],[133.398,33.445],[133.405,33.432],[133.37,33.43],[133.35,33.416],[133.366,33.408],[133.372,33.425],[133.383,33.412],[133.397,33.425],[133.403,33.414],[133.416,33.439],[133.433,33.427],[133.442,33.44],[133.461,33.432],[133.456,33.42],[133.413,33.411],[133.41,33.398],[133.346,33.401],[133.319,33.355],[133.312,33.366],[133.324,33.365],[133.324,33.379],[133.299,33.375],[133.29,33.382],[133.304,33.391],[133.29,33.404],[133.295,33.389],[133.259,33.365],[133.265,33.343],[133.232,33.327],[133.26,33.314],[133.239,33.297],[133.243,33.276],[133.26,33.28],[133.264,33.257],[133.248,33.249],[133.256,33.226],[133.238,33.215],[133.241,33.198],[133.211,33.184],[133.223,33.153],[133.21,33.149],[133.195,33.168],[133.172,33.152],[133.142,33.098],[133.106,33.074],[133.097,33.025],[133.045,33.039],[133.01,33.011],[132.993,32.953],[133.01,32.882],[132.993,32.862],[132.951,32.86],[132.961,32.83],[132.95,32.822],[132.965,32.8],[133.002,32.787],[133.018,32.762],[133.02,32.724],[132.966,32.729],[132.971,32.748],[132.952,32.76],[132.97,32.777],[132.946,32.765],[132.935,32.787],[132.921,32.779],[132.875,32.788],[132.87,32.766],[132.862,32.791],[132.795,32.748],[132.77,32.762],[132.757,32.754],[132.711,32.799],[132.683,32.796],[132.699,32.786],[132.654,32.781],[132.65,32.766],[132.629,32.763],[132.645,32.786],[132.629,32.8],[132.656,32.801],[132.644,32.819],[132.674,32.84],[132.657,32.854],[132.697,32.886],[132.708,32.887],[132.707,32.875],[132.722,32.881],[132.704,32.895],[132.722,32.898],[132.711,32.9],[132.708,32.926],[132.656,32.925]]]}},{"type":"Feature","properties":{"name":"有明・八代海"},"geometry":{"type":"MultiLineString","coordinates":[[[130.361,32.169],[130.36,32.182],[130.379,32.178],[130.373,32.204],[130.402,32.235],[130.435,32.233],[130.428,32.263],[130.45,32.272],[130.449,32.288],[130.466,32.277],[130.465,32.296],[130.477,32.287],[130.491,32.299],[130.47,32.301],[130.465,32.326],[130.483,32.328],[130.483,32.344],[130.507,32.355],[130.489,32.366],[130.574,32.434],[130.565,32.475],[130.543,32.484],[130.545,32.499],[130.565,32.505],[130.531,32.52],[130.572,32.507],[130.536,32.526],[130.543,32.537],[130.562,32.538],[130.59,32.576],[130.634,32.603],[130.618,32.619],[130.653,32.613],[130.661,32.632],[130.651,32.642],[130.594,32.623],[130.46,32.607],[130.452,32.625],[130.462,32.634],[130.538,32.665],[130.575,32.706],[130.606,32.713],[130.598,32.775],[130.614,32.793],[130.58,32.828],[130.584,32.841],[130.524,32.851],[130.523,32.881],[130.459,32.904],[130.461,32.919],[130.443,32.915],[130.429,32.996],[130.396,33.001],[130.418,33.008],[130.415,33.016],[130.393,33.005],[130.422,33.029],[130.425,33.054],[130.412,33.086],[130.388,33.095],[130.397,33.108],[130.372,33.121],[130.373,33.141],[130.288,33.147],[130.252,33.203],[130.23,33.19],[130.223,33.166],[130.15,33.113],[130.126,33.117],[130.137,33.097],[130.129,33.092],[130.141,33.093],[130.145,33.073],[130.182,33.031],[130.192,32.99],[130.225,32.972],[130.201,32.953],[130.201,32.929],[130.153,32.899],[130.195,32.848],[130.249,32.877],[130.312,32.877],[130.341,32.855],[130.382,32.779],[130.371,32.765],[130.376,32.74],[130.346,32.709],[130.359,32.689],[130.349,32.675],[130.313,32.654],[130.26,32.653],[130.255,32.629],[130.208,32.604]],[[130.303,32.336],[130.3,32.323],[130.294,32.333],[130.303,32.336]],[[130.355,32.352],[130.375,32.345],[130.349,32.315],[130.301,32.304],[130.331,32.313],[130.33,32.333],[130.355,32.352]],[[130.315,32.368],[130.342,32.356],[130.338,32.347],[130.311,32.339],[130.324,32.348],[130.3,32.358],[130.315,32.368]],[[130.351,32.372],[130.349,32.361],[130.341,32.368],[130.351,32.372]],[[130.236,32.381],[130.23,32.366],[130.236,32.381]],[[130.324,32.382],[130.319,32.371],[130.324,32.382]],[[130.4,32.394],[130.406,32.387],[130.4,32.394]],[[130.328,32.396],[130.328,32.386],[130.328,32.396]],[[130.415,32.399],[130.424,32.381],[130.437,32.382],[130.42,32.367],[130.408,32.392],[130.415,32.399]],[[130.494,32.491],[130.502,32.486],[130.491,32.484],[130.494,32.491]],[[130.197,32.504],[130.208,32.473],[130.198,32.458],[130.217,32.421],[130.207,32.421],[130.193,32.388],[130.219,32.393],[130.226,32.368],[130.186,32.314],[130.168,32.317],[130.177,32.339],[130.159,32.336],[130.154,32.322]],[[130.43,32.529],[130.425,32.521],[130.43,32.529]],[[130.461,32.53],[130.438,32.471],[130.407,32.435],[130.423,32.433],[130.415,32.422],[130.402,32.427],[130.411,32.415],[130.404,32.395],[130.381,32.383],[130.368,32.39],[130.354,32.377],[130.35,32.422],[130.329,32.399],[130.286,32.397],[130.274,32.412],[130.252,32.387],[130.234,32.385],[130.248,32.399],[130.242,32.415],[130.224,32.413],[130.205,32.443],[130.254,32.477],[130.29,32.484],[130.316,32.518],[130.34,32.514],[130.367,32.528],[130.368,32.514],[130.383,32.524],[130.377,32.517],[130.388,32.518],[130.394,32.5],[130.418,32.524],[130.43,32.516],[130.461,32.53]],[[130.432,32.533],[130.432,32.533]],[[130.439,32.539],[130.438,32.531],[130.439,32.539]],[[130.404,32.544],[130.398,32.536],[130.404,32.544]],[[130.411,32.548],[130.429,32.542],[130.411,32.548]],[[130.456,32.572],[130.456,32.572]],[[130.39,32.587],[130.38,32.582],[130.39,32.587]],[[130.473,32.588],[130.487,32.571],[130.465,32.54],[130.461,32.574],[130.473,32.588]],[[130.337,32.607],[130.341,32.598],[130.337,32.607]],[[130.493,32.61],[130.512,32.597],[130.489,32.576],[130.494,32.587],[130.474,32.603],[130.493,32.61]],[[130.443,32.626],[130.458,32.614],[130.441,32.602],[130.46,32.588],[130.443,32.57],[130.453,32.554],[130.405,32.551],[130.419,32.575],[130.395,32.591],[130.41,32.614],[130.425,32.604],[130.42,32.618],[130.443,32.626]],[[130.575,32.756],[130.592,32.758],[130.575,32.756]],[[130.593,32.769],[130.573,32.763],[130.593,32.769]],[[130.224,32.958],[130.213,32.954],[130.224,32.958]]]}}]}