{"type":"FeatureCollection","features":[{"type":"Feature","properties":{"code":"1310300","name":"東京都港区"},"geometry":{"type":"MultiPolygon","coordinates":[[[[139.731,35.681],[139.763,35.666],[139.76,35.638],[139.746,35.623],[139.718,35.635],[139.723,35.656],[139.709,35.664],[139.731,35.681]]]]}},{"type":"Feature","properties":{"code":"1310200","name":"東京都中央区"},"geometry":{"type":"MultiPolygon","coordinates":[[[[139.759,35.659],[139.768,35.689],[139.789,35.695],[139.79,35.657],[139.773,35.646],[139.759,35.659]]]]}},{"type":"Feature","properties":{"code":"1310100","name":"東京都千代田区"},"geometry":{"type":"MultiPolygon","coordinates":[[[[139.759,35.67],[139.73,35.687],[139.746,35.703],[139.773,35.705],[139.781,35.694],[139.759,35.67]]]]}},{"type":"Feature","properties":{"code":"2920101","name":"気象庁予報警報規程別表第四の二に示す「奈良市西部」の区域"},"geometry":{"type":"MultiPolygon","coordinates":[[[[135.864,34.706],[135.853,34.703],[135.891,34.687],[135.882,34.679],[135.894,34.611],[135.869,34.609],[135.847,34.639],[135.818,34.637],[135.794,34.661],[135.727,34.665],[135.714,34.705],[135.739,34.729],[135.864,34.706]]]]}},{"type":"Feature","properties":{"code":"2920102","name":"気象庁予報警報規程別表第四の二に示す「奈良市東部」の区域"},"geometry":{"type":"MultiPolygon","coordinates":[[[[135.897,34.635],[135.881,34.679],[135.89,34.686],[135.855,34.705],[135.889,34.709],[135.916,34.753],[135.927,34.757],[135.931,34.738],[135.976,34.741],[135.986,34.716],[136.015,34.708],[136.029,34.706],[136.044,34.737],[136.068,34.724],[136.067,34.71],[136.015,34.684],[135.989,34.685],[135.98,34.699],[135.953,34.682],[135.956,34.655],[135.992,34.668],[136.0,34.642],[135.991,34.63],[135.999,34.618],[135.97,34.589],[135.973,34.559],[135.945,34.561],[135.925,34.59],[135.951,34.623],[135.939,34.641],[135.926,34.644],[135.925,34.629],[135.897,34.635]]]]}},{"type":"Feature","properties":{"code":"0520100","name":"秋田県秋田市"},"geometry":{"type":"MultiPolygon","coordinates":[[[[140.209,39.864],[140.251,39.828],[140.306,39.83],[140.316,39.796],[140.373,39.836],[140.458,39.824],[140.515,39.749],[140.483,39.718],[140.445,39.705],[140.415,39.714],[140.348,39.691],[140.342,39.675],[140.308,39.669],[140.309,39.648],[140.267,39.652],[140.272,39.638],[140.284,39.64],[140.284,39.625],[140.228,39.546],[140.246,39.541],[140.251,39.515],[140.27,39.504],[140.266,39.483],[140.284,39.46],[140.274,39.45],[140.224,39.467],[140.223,39.487],[140.235,39.493],[140.181,39.504],[140.188,39.535],[140.157,39.538],[140.167,39.548],[140.15,39.57],[140.085,39.581],[140.06,39.598],[140.058,39.728],[140.04,39.759],[140.049,39.773],[140.043,39.762],[140.029,39.77],[140.042,39.783],[140.035,39.803],[140.056,39.807],[140.049,39.849],[140.066,39.86],[140.094,39.835],[140.122,39.852],[140.192,39.848],[140.209,39.864]]]]}},{"type":"Feature","properties":{"code":"0521000","name":"秋田県由利本荘市"},"geometry":{"type":"MultiPolygon","coordinates":[[[[140.072,39.597],[140.086,39.58],[140.108,39.585],[140.123,39.57],[140.151,39.569],[140.167,39.548],[140.157,39.538],[140.188,39.535],[140.181,39.504],[140.235,39.493],[140.223,39.488],[140.223,39.468],[140.267,39.451],[140.278,39.425],[140.307,39.416],[140.286,39.396],[140.32,39.383],[140.295,39.373],[140.263,39.379],[140.269,39.356],[140.32,39.348],[140.356,39.298],[140.331,39.274],[140.348,39.247],[140.286,39.243],[140.221,39.222],[140.234,39.198],[140.273,39.172],[140.318,39.101],[140.342,39.088],[140.332,39.059],[140.342,39.047],[140.311,39.014],[140.261,39.035],[140.231,39.027],[140.201,39.035],[140.199,39.061],[140.152,39.049],[140.114,39.078],[140.063,39.093],[140.064,39.158],[140.042,39.175],[140.058,39.227],[140.034,39.249],[140.038,39.26],[139.993,39.286],[140.003,39.294],[139.981,39.313],[140.024,39.415],[140.06,39.597],[140.072,39.597]]]]}},{"type":"Feature","properties":{"code":"0620300","name":"山形県鶴岡市"},"geometry":{"type":"MultiPolygon","coordinates":[[[[139.871,38.825],[139.947,38.772],[139.945,38.753],[139.994,38.748],[139.99,38.608],[140.019,38.589],[140.03,38.559],[140.027,38.547],[139.933,38.503],[139.942,38.49],[139.927,38.48],[139.935,38.434],[139.914,38.41],[139.916,38.366],[139.875,38.317],[139.849,38.343],[139.751,38.359],[139.723,38.394],[139.71,38.387],[139.72,38.497],[139.6,38.522],[139.54,38.558],[139.61,38.669],[139.697,38.729],[139.762,38.8],[139.824,38.817],[139.812,38.785],[139.843,38.783],[139.849,38.752],[139.87,38.747],[139.866,38.759],[139.889,38.786],[139.86,38.82],[139.871,38.825]]]]}},{"type":"Feature","properties":{"code":"0620400","name":"山形県酒田市"},"geometry":{"type":"MultiPolygon","coordinates":[[[[140.084,39.085],[140.114,39.079],[140.151,39.049],[140.115,39.025],[140.121,39.004],[140.11,38.993],[140.147,38.971],[140.142,38.947],[140.121,38.937],[140.139,38.912],[140.12,38.897],[140.12,38.872],[140.089,38.859],[140.088,38.842],[140.113,38.835],[140.118,38.821],[140.082,38.817],[140.085,38.8],[140.034,38.775],[140.025,38.791],[139.998,38.792],[139.992,38.809],[139.967,38.816],[139.967,38.831],[139.947,38.835],[139.937,38.873],[139.903,38.885],[139.904,38.874],[139.883,38.866],[139.89,38.851],[139.848,38.863],[139.864,38.827],[139.814,38.841],[139.822,38.811],[139.762,38.801],[139.805,38.907],[139.809,38.925],[139.795,38.936],[139.808,38.926],[139.813,38.951],[139.836,38.956],[139.819,38.961],[139.826,38.975],[139.867,38.98],[139.87,39.0],[139.901,39.0],[139.915,38.985],[140.014,39.009],[140.041,39.07],[140.062,39.092],[140.084,39.085]]]]}},{"type":"Feature","properties":{"code":"2020500","name":"長野県飯田市"},"geometry":{"type":"MultiPolygon","coordinates":[[[[137.808,35.641],[137.823,35.616],[137.811,35.569],[137.877,35.53],[137.863,35.5],[137.883,35.497],[137.872,35.491],[137.876,35.478],[137.912,35.463],[137.922,35.436],[137.954,35.431],[137.991,35.493],[138.04,35.458],[138.083,35.486],[138.108,35.473],[138.121,35.429],[138.139,35.423],[138.135,35.408],[138.153,35.398],[138.141,35.37],[138.097,35.354],[138.095,35.34],[138.061,35.347],[138.02,35.302],[137.929,35.275],[137.918,35.254],[137.895,35.258],[137.899,35.281],[137.864,35.29],[137.86,35.311],[137.844,35.316],[137.896,35.323],[137.927,35.361],[137.904,35.359],[137.888,35.385],[137.816,35.424],[137.767,35.421],[137.762,35.461],[137.745,35.462],[137.726,35.489],[137.744,35.511],[137.717,35.522],[137.69,35.564],[137.72,35.586],[137.715,35.598],[137.729,35.613],[137.777,35.632],[137.801,35.656],[137.808,35.641]]]]}},{"type":"Feature","properties":{"code":"2610000","name":"京都府京都市"},"geometry":{"type":"MultiPolygon","coordinates":[[[[135.805,35.317],[135.829,35.277],[135.861,35.283],[135.829,35.22],[135.857,35.154],[135.834,35.055],[135.815,35.046],[135.835,35.019],[135.821,35.016],[135.836,35.001],[135.827,34.992],[135.85,34.991],[135.852,34.972],[135.878,34.948],[135.851,34.957],[135.846,34.93],[135.797,34.938],[135.788,34.917],[135.714,34.902],[135.733,34.875],[135.703,34.899],[135.718,34.945],[135.699,34.969],[135.683,34.969],[135.693,34.946],[135.599,34.929],[135.618,34.958],[135.614,34.97],[135.641,34.975],[135.647,35.006],[135.618,35.042],[135.621,35.066],[135.604,35.062],[135.591,35.076],[135.616,35.103],[135.597,35.111],[135.596,35.128],[135.562,35.133],[135.561,35.154],[135.597,35.203],[135.59,35.22],[135.619,35.227],[135.639,35.258],[135.704,35.258],[135.727,35.267],[135.736,35.288],[135.777,35.285],[135.777,35.305],[135.805,35.317]]]]}},{"type":"Feature","properties":{"code":"2620100","name":"京都府福知山市"},"geometry":{"type":"MultiPolygon","coordinates":[[[[135.127,35.469],[135.17,35.451],[135.169,35.43],[135.201,35.427],[135.229,35.395],[135.209,35.393],[135.203,35.372],[135.174,35.37],[135.189,35.36],[135.173,35.345],[135.189,35.339],[135.185,35.311],[135.198,35.308],[135.203,35.284],[135.247,35.264],[135.318,35.274],[135.324,35.255],[135.288,35.232],[135.3,35.211],[135.284,35.198],[135.288,35.172],[135.232,35.177],[135.207,35.161],[135.187,35.173],[135.198,35.202],[135.155,35.226],[135.167,35.242],[135.157,35.261],[135.109,35.266],[135.068,35.237],[135.057,35.264],[135.011,35.269],[134.999,35.29],[134.921,35.316],[134.919,35.364],[134.933,35.407],[134.946,35.413],[135.001,35.387],[135.03,35.41],[135.049,35.408],[135.051,35.451],[135.092,35.443],[135.127,35.469]]]]}},{"type":"Feature","properties":{"code":"2621200","name":"京都府京丹後市"},"geometry":{"type":"MultiPolygon","coordinates":[[[[135.224,35.779],[135.232,35.765],[135.188,35.709],[135.214,35.693],[135.198,35.674],[135.205,35.664],[135.181,35.67],[135.158,35.643],[135.182,35.608],[135.145,35.584],[135.119,35.547],[135.054,35.532],[134.996,35.535],[134.961,35.513],[134.929,35.512],[134.915,35.545],[134.854,35.588],[134.874,35.62],[134.87,35.659],[134.885,35.657],[134.884,35.646],[134.932,35.649],[134.964,35.663],[134.986,35.693],[135.026,35.69],[135.061,35.708],[135.086,35.74],[135.208,35.764],[135.224,35.779]]]]}},{"type":"Feature","properties":{"code":"2621300","name":"京都府南丹市"},"geometry":{"type":"MultiPolygon","coordinates":[[[[135.555,35.377],[135.641,35.366],[135.701,35.344],[135.769,35.355],[135.764,35.344],[135.795,35.319],[135.777,35.305],[135.775,35.284],[135.735,35.288],[135.726,35.266],[135.702,35.257],[135.655,35.263],[135.619,35.226],[135.59,35.22],[135.596,35.202],[135.561,35.155],[135.56,35.136],[135.596,35.129],[135.593,35.115],[135.615,35.098],[135.565,35.099],[135.552,35.061],[135.476,35.072],[135.435,35.025],[135.385,35.029],[135.369,35.055],[135.4,35.076],[135.392,35.098],[135.445,35.127],[135.465,35.168],[135.447,35.193],[135.457,35.216],[135.45,35.235],[135.465,35.249],[135.461,35.284],[135.503,35.325],[135.5,35.36],[135.555,35.377]]]]}},{"type":"Feature","properties":{"code":"2621400","name":"京都府木津川市"},"geometry":{"type":"MultiPolygon","coordinates":[[[[135.867,34.803],[135.881,34.774],[135.9,34.779],[135.899,34.764],[135.921,34.755],[135.89,34.708],[135.778,34.724],[135.794,34.737],[135.775,34.743],[135.807,34.757],[135.802,34.791],[135.867,34.803]]]]}},{"type":"Feature","properties":{"code":"2640700","name":"京都府京丹波町"},"geometry":{"type":"MultiPolygon","coordinates":[[[[135.458,35.345],[135.496,35.344],[135.503,35.325],[135.461,35.285],[135.464,35.25],[135.45,35.235],[135.457,35.216],[135.446,35.193],[135.465,35.168],[135.446,35.127],[135.422,35.105],[135.389,35.098],[135.389,35.129],[135.342,35.136],[135.341,35.15],[135.28,35.147],[135.292,35.161],[135.283,35.198],[135.3,35.21],[135.288,35.232],[135.324,35.255],[135.319,35.273],[135.367,35.292],[135.428,35.342],[135.458,35.345]]]]}},{"type":"Feature","properties":{"code":"2646500","name":"京都府与謝野町"},"geometry":{"type":"MultiPolygon","coordinates":[[[[135.177,35.607],[135.177,35.568],[135.139,35.551],[135.165,35.532],[135.166,35.515],[135.095,35.444],[135.048,35.452],[135.035,35.477],[135.045,35.508],[135.037,35.537],[135.12,35.548],[135.177,35.607]]]]}},{"type":"Feature","properties":{"code":"3139000","name":"鳥取県伯耆町"},"geometry":{"type":"MultiPolygon","coordinates":[[[[133.402,35.402],[133.419,35.389],[133.514,35.397],[133.527,35.36],[133.507,35.327],[133.445,35.296],[133.444,35.271],[133.381,35.235],[133.359,35.262],[133.386,35.274],[133.384,35.323],[133.408,35.32],[133.428,35.346],[133.374,35.375],[133.402,35.402]]]]}},{"type":"Feature","properties":{"code":"3620500","name":"徳島県吉野川市"},"geometry":{"type":"MultiPolygon","coordinates":[[[[134.397,34.089],[134.403,34.051],[134.367,34.029],[134.355,34.04],[134.337,34.031],[134.325,34.003],[134.299,34.006],[134.283,33.991],[134.225,33.979],[134.204,33.983],[134.187,34.007],[134.199,34.034],[134.186,34.064],[134.314,34.068],[134.336,34.084],[134.397,34.089]]]]}},{"type":"Feature","properties":{"code":"3620600","name":"徳島県阿波市"},"geometry":{"type":"MultiPolygon","coordinates":[[[[134.352,34.185],[134.375,34.173],[134.368,34.156],[134.386,34.114],[134.4,34.116],[134.395,34.092],[134.334,34.084],[134.314,34.068],[134.186,34.064],[134.18,34.086],[134.209,34.116],[134.221,34.156],[134.21,34.175],[134.26,34.184],[134.297,34.169],[134.344,34.172],[134.352,34.185]]]]}},{"type":"Feature","properties":{"code":"3620800","name":"徳島県三好市"},"geometry":{"type":"MultiPolygon","coordinates":[[[[133.786,34.079],[133.826,34.072],[133.852,34.035],[133.894,34.035],[133.919,33.977],[133.972,33.96],[133.975,33.925],[134.047,33.895],[134.049,33.871],[134.09,33.874],[134.096,33.855],[134.013,33.822],[133.997,33.822],[133.985,33.841],[133.96,33.835],[133.947,33.804],[133.914,33.792],[133.873,33.806],[133.838,33.845],[133.747,33.837],[133.738,33.85],[133.701,33.85],[133.666,33.866],[133.661,33.885],[133.69,33.917],[133.676,33.927],[133.693,33.948],[133.676,33.985],[133.68,34.011],[133.714,34.018],[133.729,34.044],[133.786,34.079]]],[[[133.936,34.115],[133.945,34.093],[133.973,34.073],[134.0,34.074],[133.999,34.037],[133.924,34.051],[133.899,34.096],[133.936,34.115]]]]}},{"type":"Feature","properties":{"code":"3636800","name":"徳島県那賀町"},"geometry":{"type":"MultiPolygon","coordinates":[[[[134.267,33.917],[134.308,33.906],[134.326,33.865],[134.35,33.85],[134.52,33.874],[134.556,33.869],[134.556,33.855],[134.531,33.847],[134.511,33.824],[134.511,33.808],[134.526,33.801],[134.447,33.773],[134.396,33.725],[134.282,33.731],[134.256,33.719],[134.211,33.722],[134.16,33.687],[134.059,33.691],[134.068,33.729],[134.058,33.781],[134.033,33.809],[134.038,33.834],[134.233,33.889],[134.233,33.909],[134.267,33.917]]]]}},{"type":"Feature","properties":{"code":"3638700","name":"徳島県美波町"},"geometry":{"type":"MultiPolygon","coordinates":[[[[134.676,33.816],[134.678,33.804],[134.642,33.781],[134.621,33.787],[134.602,33.764],[134.593,33.773],[134.573,33.766],[134.565,33.732],[134.544,33.737],[134.541,33.718],[134.474,33.682],[134.449,33.723],[134.392,33.72],[134.426,33.761],[134.49,33.794],[134.548,33.806],[134.587,33.786],[134.676,33.816]]]]}},{"type":"Feature","properties":{"code":"3638800","name":"徳島県海陽町"},"geometry":{"type":"MultiPolygon","coordinates":[[[[134.321,33.732],[134.395,33.724],[134.361,33.696],[134.362,33.678],[134.392,33.648],[134.363,33.627],[134.389,33.622],[134.363,33.588],[134.332,33.584],[134.363,33.58],[134.317,33.581],[134.305,33.562],[134.32,33.555],[134.313,33.545],[134.282,33.561],[134.239,33.553],[134.218,33.568],[134.194,33.562],[134.171,33.597],[134.175,33.608],[134.149,33.627],[134.184,33.649],[134.171,33.658],[134.175,33.684],[134.163,33.696],[134.211,33.722],[134.321,33.732]]]]}},{"type":"Feature","properties":{"code":"3648900","name":"徳島県東みよし町"},"geometry":{"type":"MultiPolygon","coordinates":[[[[133.894,34.107],[133.924,34.05],[134.0,34.036],[134.001,33.989],[133.974,33.961],[133.921,33.975],[133.894,34.035],[133.852,34.035],[133.819,34.075],[133.826,34.094],[133.894,34.107]]]]}},{"type":"Feature","properties":{"code":"4321500","name":"熊本県天草市"},"geometry":{"type":"MultiPolygon","coordinates":[[[[130.029,32.191],[130.047,32.157],[130.032,32.175],[130.017,32.163],[130.029,32.191]]],[[[130.355,32.352],[130.375,32.345],[130.349,32.315],[130.301,32.304],[130.331,32.313],[130.33,32.333],[130.355,32.352]]],[[[130.315,32.368],[130.342,32.356],[130.338,32.347],[130.311,32.339],[130.324,32.348],[130.3,32.358],[130.315,32.368]]],[[[130.361,32.528],[130.374,32.524],[130.37,32.513],[130.383,32.524],[130.377,32.517],[130.391,32.507],[130.378,32.478],[130.342,32.48],[130.347,32.446],[130.384,32.443],[130.366,32.404],[130.35,32.422],[130.343,32.406],[130.307,32.395],[130.274,32.412],[130.252,32.387],[130.234,32.385],[130.247,32.396],[130.244,32.412],[130.229,32.421],[130.224,32.413],[130.205,32.451],[130.29,32.484],[130.316,32.518],[130.34,32.514],[130.361,32.528]]],[[[130.177,32.55],[130.2,32.536],[130.192,32.496],[130.208,32.473],[130.198,32.459],[130.217,32.424],[130.193,32.388],[130.22,32.392],[130.224,32.366],[130.204,32.326],[130.181,32.311],[130.168,32.317],[130.178,32.338],[130.159,32.336],[130.157,32.313],[130.143,32.317],[130.14,32.298],[130.166,32.297],[130.145,32.282],[130.137,32.291],[130.107,32.254],[130.091,32.254],[130.102,32.234],[130.09,32.227],[130.092,32.243],[130.08,32.243],[130.078,32.212],[130.044,32.199],[130.029,32.214],[130.032,32.196],[130.013,32.19],[130.011,32.202],[130.0,32.191],[129.99,32.199],[130.014,32.232],[129.989,32.241],[129.998,32.253],[129.967,32.243],[129.981,32.268],[130.013,32.299],[130.026,32.3],[130.033,32.275],[130.035,32.302],[130.051,32.304],[130.045,32.292],[130.062,32.277],[130.072,32.3],[130.042,32.314],[130.032,32.303],[130.026,32.316],[129.994,32.307],[129.995,32.322],[129.978,32.329],[129.975,32.355],[129.995,32.378],[130.004,32.424],[130.018,32.439],[130.094,32.429],[130.095,32.452],[130.083,32.46],[130.118,32.495],[130.127,32.53],[130.118,32.548],[130.177,32.55]]]]}},{"type":"Feature","properties":{"code":"4344700","name":"熊本県山都町"},"geometry":{"type":"MultiPolygon","coordinates":[[[[131.149,32.821],[131.198,32.798],[131.202,32.767],[131.235,32.744],[131.181,32.713],[131.175,32.672],[131.144,32.676],[131.116,32.642],[131.12,32.605],[131.108,32.582],[131.053,32.588],[131.039,32.555],[131.02,32.55],[131.001,32.57],[130.951,32.579],[130.967,32.601],[130.949,32.635],[130.977,32.648],[130.891,32.671],[130.891,32.744],[130.991,32.804],[131.006,32.788],[131.039,32.784],[131.127,32.795],[131.149,32.821]]]]}},{"type":"Feature","properties":{"code":"4735700","name":"沖縄県南大東村"},"geometry":{"type":"MultiPolygon","coordinates":[[[[131.241,25.872],[131.273,25.854],[131.262,25.822],[131.232,25.813],[131.213,25.823],[131.22,25.866],[131.241,25.872]]]]}},{"type":"Feature","properties":{"code":"4735800","name":"沖縄県北大東村"},"geometry":{"type":"MultiPolygon","coordinates":[[[[131.182,24.472],[131.195,24.468],[131.187,24.462],[131.182,24.472]]],[[[131.286,25.961],[131.331,25.953],[131.322,25.931],[131.294,25.934],[131.286,25.961]]]]}},{"type":"Feature","properties":{"code":"3620701","name":"気象庁予報警報規程別表第四の二に示す「美馬市脇・美馬・穴吹」の区域"},"geometry":{"type":"MultiPolygon","coordinates":[[[[134.174,34.176],[134.209,34.175],[134.222,34.157],[134.209,34.116],[134.179,34.082],[134.198,34.04],[134.183,34.016],[134.199,33.994],[134.17,33.966],[134.174,33.93],[134.108,33.921],[134.098,33.955],[134.118,34.008],[134.112,34.03],[134.088,34.057],[134.001,34.038],[133.999,34.069],[134.051,34.118],[134.124,34.12],[134.147,34.166],[134.174,34.176]]]]}},{"type":"Feature","properties":{"code":"3646801","name":"気象庁予報警報規程別表第四の二に示す「つるぎ町半田・貞光」の区域"},"geometry":{"type":"MultiPolygon","coordinates":[[[[134.086,34.054],[134.119,34.017],[134.105,33.963],[134.084,33.977],[133.977,33.946],[133.972,33.96],[134.002,33.991],[134.001,34.037],[134.086,34.054]]]]}},{"type":"Feature","properties":{"code":"0110000","name":"北海道札幌市"},"geometry":{"type":"MultiPolygon","coordinates":[[[[141.408,43.184],[141.4,43.171],[141.449,43.167],[141.455,43.129],[141.444,43.101],[141.474,43.096],[141.472,43.07],[141.497,43.056],[141.505,43.021],[141.485,43.021],[141.46,42.944],[141.421,42.914],[141.42,42.89],[141.37,42.891],[141.334,42.87],[141.304,42.887],[141.254,42.865],[141.256,42.848],[141.219,42.808],[141.231,42.792],[141.222,42.788],[141.161,42.781],[141.095,42.821],[141.103,42.882],[141.04,42.885],[141.027,42.914],[141.053,42.952],[141.012,42.966],[140.993,42.994],[141.0,43.012],[140.991,43.023],[141.026,43.036],[141.059,43.069],[141.07,43.092],[141.064,43.111],[141.109,43.119],[141.157,43.089],[141.202,43.124],[141.188,43.14],[141.224,43.16],[141.247,43.159],[141.283,43.134],[141.332,43.149],[141.358,43.176],[141.408,43.184]]]]}},{"type":"Feature","properties":{"code":"0120200","name":"北海道函館市"},"geometry":{"type":"MultiPolygon","coordinates":[[[[140.865,42.009],[140.908,41.986],[140.961,41.916],[141.145,41.857],[141.147,41.832],[141.178,41.82],[141.186,41.803],[141.157,41.785],[141.111,41.786],[141.052,41.726],[140.967,41.71],[140.923,41.74],[140.787,41.774],[140.737,41.768],[140.721,41.745],[140.701,41.741],[140.693,41.763],[140.702,41.784],[140.716,41.767],[140.727,41.788],[140.696,41.844],[140.767,41.877],[140.787,41.931],[140.798,41.927],[140.832,41.952],[140.842,41.993],[140.865,42.009]]]]}},{"type":"Feature","properties":{"code":"0120300","name":"北海道小樽市"},"geometry":{"type":"MultiPolygon","coordinates":[[[[141.01,43.24],[141.021,43.225],[141.001,43.204],[141.013,43.19],[141.161,43.144],[141.243,43.173],[141.276,43.201],[141.293,43.183],[141.188,43.14],[141.201,43.124],[141.159,43.089],[141.135,43.094],[141.109,43.119],[141.076,43.118],[141.063,43.11],[141.059,43.069],[141.045,43.061],[141.001,43.095],[140.999,43.127],[140.921,43.13],[140.922,43.152],[140.86,43.167],[140.846,43.188],[140.854,43.216],[140.872,43.205],[140.913,43.211],[140.926,43.228],[141.01,43.24]]]]}},{"type":"Feature","properties":{"code":"0120400","name":"北海道旭川市"},"geometry":{"type":"MultiPolygon","coordinates":[[[[142.255,43.949],[142.284,43.935],[142.271,43.896],[142.29,43.873],[142.279,43.857],[142.294,43.841],[142.295,43.787],[142.392,43.843],[142.37,43.86],[142.392,43.877],[142.388,43.898],[142.4,43.922],[142.432,43.947],[142.458,43.838],[142.521,43.786],[142.564,43.78],[142.573,43.761],[142.599,43.765],[142.678,43.739],[142.717,43.747],[142.735,43.731],[142.74,43.685],[142.692,43.681],[142.623,43.72],[142.561,43.723],[142.507,43.751],[142.476,43.743],[142.473,43.701],[142.404,43.731],[142.393,43.72],[142.43,43.676],[142.496,43.638],[142.557,43.646],[142.561,43.631],[142.472,43.621],[142.428,43.662],[142.394,43.665],[142.4,43.648],[142.389,43.625],[142.349,43.609],[142.324,43.576],[142.322,43.544],[142.302,43.552],[142.283,43.604],[142.293,43.632],[142.278,43.653],[142.257,43.661],[142.199,43.641],[142.178,43.673],[142.184,43.712],[142.171,43.728],[142.199,43.734],[142.198,43.756],[142.24,43.799],[142.209,43.837],[142.216,43.864],[142.168,43.87],[142.148,43.901],[142.201,43.947],[142.255,43.949]]]]}},{"type":"Feature","properties":{"code":"0120500","name":"北海道室蘭市"},"geometry":{"type":"MultiPolygon","coordinates":[[[[140.994,42.436],[141.016,42.431],[141.012,42.414],[141.054,42.352],[141.002,42.301],[140.948,42.316],[140.931,42.34],[140.95,42.351],[140.979,42.324],[140.981,42.343],[141.008,42.348],[140.949,42.355],[140.908,42.377],[140.983,42.41],[140.984,42.432],[140.994,42.436]]]]}},{"type":"Feature","properties":{"code":"0120700","name":"北海道帯広市"},"geometry":{"type":"MultiPolygon","coordinates":[[[[143.138,42.951],[143.246,42.935],[143.214,42.896],[143.226,42.89],[143.225,42.871],[143.203,42.82],[143.246,42.792],[143.233,42.77],[143.268,42.763],[143.239,42.702],[143.192,42.7],[143.197,42.725],[143.175,42.729],[143.139,42.721],[143.103,42.731],[143.028,42.636],[142.962,42.619],[142.92,42.627],[142.901,42.615],[142.86,42.641],[142.87,42.683],[142.862,42.694],[142.764,42.684],[142.756,42.722],[142.688,42.743],[142.708,42.772],[142.766,42.776],[142.782,42.764],[142.895,42.754],[142.898,42.74],[142.936,42.723],[142.997,42.78],[143.074,42.808],[143.12,42.857],[143.147,42.896],[143.113,42.895],[143.109,42.931],[143.138,42.951]]]]}},{"type":"Feature","properties":{"code":"0120801","name":"気象庁予報警報規程別表第四の二に示す「北見市北見」の区域"},"geometry":{"type":"MultiPolygon","coordinates":[[[[144.023,43.964],[144.033,43.925],[144.064,43.921],[144.047,43.895],[144.057,43.88],[144.012,43.851],[143.969,43.764],[143.946,43.775],[143.891,43.702],[143.858,43.709],[143.811,43.672],[143.789,43.695],[143.803,43.726],[143.796,43.783],[143.66,43.776],[143.625,43.758],[143.587,43.762],[143.534,43.744],[143.526,43.706],[143.433,43.693],[143.422,43.665],[143.405,43.674],[143.352,43.638],[143.293,43.654],[143.189,43.625],[143.174,43.595],[143.136,43.6],[143.174,43.639],[143.14,43.677],[143.161,43.706],[143.226,43.697],[143.253,43.71],[143.251,43.739],[143.289,43.763],[143.337,43.766],[143.377,43.797],[143.511,43.813],[143.529,43.822],[143.529,43.835],[143.572,43.845],[143.567,43.875],[143.587,43.898],[143.587,43.946],[143.604,43.948],[143.617,43.934],[143.638,43.942],[143.651,43.921],[143.686,43.926],[143.67,43.909],[143.707,43.875],[143.757,43.918],[143.749,43.957],[143.852,43.966],[143.921,43.93],[143.984,43.967],[143.999,43.956],[144.023,43.964]]]]}},{"type":"Feature","properties":{"code":"0120900","name":"北海道夕張市"},"geometry":{"type":"MultiPolygon","coordinates":[[[[142.279,43.225],[142.284,43.198],[142.256,43.16],[142.264,43.137],[142.244,43.107],[142.269,43.066],[142.321,43.047],[142.33,43.031],[142.289,43.01],[142.284,42.985],[142.263,42.982],[142.255,42.967],[142.238,42.974],[142.202,42.952],[142.177,42.959],[142.145,42.949],[142.145,42.927],[142.111,42.915],[142.106,42.893],[142.08,42.869],[142.009,42.863],[141.99,42.904],[141.963,42.913],[141.972,42.937],[141.953,42.954],[141.951,42.992],[141.913,43.0],[141.903,43.038],[141.914,43.053],[141.913,43.091],[141.939,43.102],[141.986,43.095],[142.002,43.108],[142.035,43.099],[142.035,43.144],[142.155,43.196],[142.161,43.224],[142.188,43.207],[142.279,43.225]]]]}},{"type":"Feature","properties":{"code":"0121000","name":"北海道岩見沢市"},"geometry":{"type":"MultiPolygon","coordinates":[[[[141.78,43.288],[141.81,43.258],[141.799,43.229],[141.82,43.232],[141.825,43.203],[141.897,43.194],[141.919,43.207],[142.028,43.173],[142.044,43.109],[142.029,43.097],[142.003,43.108],[141.985,43.094],[141.865,43.13],[141.762,43.076],[141.705,43.083],[141.639,43.154],[141.61,43.167],[141.633,43.19],[141.649,43.189],[141.655,43.22],[141.673,43.228],[141.659,43.246],[141.664,43.258],[141.646,43.272],[141.657,43.274],[141.655,43.292],[141.676,43.288],[141.667,43.31],[141.689,43.323],[141.677,43.338],[141.78,43.288]]]]}},{"type":"Feature","properties":{"code":"0121100","name":"北海道網走市"},"geometry":{"type":"MultiPolygon","coordinates":[[[[144.146,44.111],[144.209,44.102],[144.248,44.111],[144.252,44.063],[144.262,44.057],[144.255,44.039],[144.291,44.025],[144.278,44.024],[144.292,44.019],[144.282,44.013],[144.298,43.983],[144.387,43.939],[144.429,43.931],[144.428,43.892],[144.409,43.856],[144.392,43.853],[144.383,43.822],[144.388,43.783],[144.375,43.777],[144.384,43.79],[144.365,43.827],[144.382,43.844],[144.378,43.87],[144.301,43.894],[144.303,43.873],[144.263,43.869],[144.2,43.96],[144.172,43.967],[144.125,43.933],[144.091,43.944],[144.063,43.922],[144.033,43.925],[144.02,43.953],[144.054,43.989],[144.031,44.016],[144.049,44.033],[144.046,44.061],[144.091,44.112],[144.146,44.111]]]]}},{"type":"Feature","properties":{"code":"0121200","name":"北海道留萌市"},"geometry":{"type":"MultiPolygon","coordinates":[[[[141.654,43.991],[141.743,43.926],[141.783,43.937],[141.798,43.959],[141.859,43.965],[141.886,43.942],[141.882,43.922],[141.9,43.898],[141.869,43.883],[141.859,43.847],[141.799,43.828],[141.804,43.802],[141.771,43.784],[141.774,43.767],[141.762,43.758],[141.742,43.79],[141.699,43.797],[141.695,43.824],[141.662,43.855],[141.662,43.875],[141.609,43.903],[141.634,43.937],[141.629,43.963],[141.647,43.944],[141.636,43.959],[141.645,43.971],[141.633,43.974],[141.654,43.991]]]]}},{"type":"Feature","properties":{"code":"0121300","name":"北海道苫小牧市"},"geometry":{"type":"MultiPolygon","coordinates":[[[[141.747,42.781],[141.737,42.746],[141.749,42.729],[141.795,42.697],[141.828,42.697],[141.83,42.675],[141.813,42.666],[141.815,42.625],[141.798,42.603],[141.782,42.607],[141.786,42.616],[141.716,42.628],[141.625,42.62],[141.695,42.657],[141.634,42.637],[141.623,42.643],[141.62,42.621],[141.523,42.611],[141.419,42.575],[141.345,42.633],[141.339,42.649],[141.346,42.679],[141.388,42.693],[141.413,42.723],[141.407,42.764],[141.566,42.743],[141.605,42.772],[141.706,42.77],[141.747,42.781]]]]}},{"type":"Feature","properties":{"code":"0121400","name":"北海道稚内市"},"geometry":{"type":"MultiPolygon","coordinates":[[[[141.941,45.521],[141.961,45.511],[141.978,45.475],[142.019,45.453],[142.054,45.397],[142.025,45.365],[141.963,45.345],[141.975,45.315],[141.959,45.296],[141.992,45.286],[141.989,45.266],[142.006,45.251],[141.993,45.232],[141.944,45.226],[141.899,45.195],[141.902,45.177],[141.864,45.176],[141.857,45.193],[141.83,45.187],[141.824,45.194],[141.836,45.201],[141.822,45.211],[141.799,45.2],[141.781,45.218],[141.77,45.228],[141.783,45.239],[141.764,45.274],[141.735,45.265],[141.731,45.236],[141.669,45.239],[141.633,45.21],[141.596,45.2],[141.605,45.17],[141.577,45.178],[141.572,45.235],[141.616,45.283],[141.609,45.309],[141.618,45.309],[141.607,45.312],[141.632,45.322],[141.657,45.358],[141.634,45.405],[141.643,45.449],[141.696,45.415],[141.68,45.418],[141.681,45.403],[141.679,45.411],[141.71,45.396],[141.748,45.413],[141.796,45.407],[141.864,45.44],[141.893,45.511],[141.941,45.521]]]]}},{"type":"Feature","properties":{"code":"0121500","name":"北海道美唄市"},"geometry":{"type":"MultiPolygon","coordinates":[[[[142.025,43.42],[142.05,43.404],[142.057,43.352],[142.024,43.359],[141.992,43.307],[141.941,43.288],[141.894,43.287],[141.862,43.26],[141.826,43.249],[141.754,43.308],[141.695,43.331],[141.715,43.351],[141.761,43.351],[141.773,43.376],[141.818,43.387],[141.823,43.4],[141.915,43.393],[141.93,43.378],[141.967,43.372],[142.025,43.42]]]]}},{"type":"Feature","properties":{"code":"0121600","name":"北海道芦別市"},"geometry":{"type":"MultiPolygon","coordinates":[[[[142.261,43.66],[142.293,43.632],[142.283,43.604],[142.301,43.552],[142.32,43.545],[142.337,43.507],[142.368,43.487],[142.355,43.472],[142.367,43.424],[142.341,43.392],[142.351,43.379],[142.29,43.347],[142.296,43.329],[142.272,43.302],[142.289,43.281],[142.279,43.225],[142.19,43.207],[142.153,43.229],[142.114,43.223],[142.079,43.287],[142.046,43.31],[142.063,43.335],[142.05,43.348],[142.062,43.37],[142.049,43.397],[142.053,43.422],[142.072,43.436],[142.067,43.476],[142.081,43.49],[142.105,43.484],[142.149,43.535],[142.132,43.545],[142.095,43.539],[142.123,43.565],[142.11,43.63],[142.132,43.641],[142.213,43.633],[142.261,43.66]]]]}},{"type":"Feature","properties":{"code":"0121700","name":"北海道江別市"},"geometry":{"type":"MultiPolygon","coordinates":[[[[141.577,43.169],[141.579,43.158],[141.638,43.155],[141.669,43.121],[141.584,43.077],[141.59,43.057],[141.565,43.037],[141.569,43.025],[141.505,43.021],[141.497,43.058],[141.472,43.069],[141.474,43.096],[141.445,43.101],[141.455,43.129],[141.449,43.163],[141.577,43.169]]]]}},{"type":"Feature","properties":{"code":"0121800","name":"北海道赤平市"},"geometry":{"type":"MultiPolygon","coordinates":[[[[142.094,43.645],[142.114,43.636],[142.123,43.566],[142.094,43.54],[142.132,43.545],[142.149,43.534],[142.097,43.482],[142.087,43.524],[142.023,43.534],[142.006,43.519],[141.974,43.537],[141.995,43.599],[142.043,43.624],[142.06,43.618],[142.094,43.645]]]]}},{"type":"Feature","properties":{"code":"0121900","name":"北海道紋別市"},"geometry":{"type":"MultiPolygon","coordinates":[[[[143.283,44.397],[143.349,44.37],[143.364,44.338],[143.393,44.319],[143.558,44.251],[143.414,44.151],[143.417,44.105],[143.377,44.11],[143.303,44.032],[143.256,44.041],[143.178,44.013],[143.163,43.992],[143.129,44.001],[143.135,44.043],[143.125,44.059],[143.152,44.091],[143.133,44.135],[143.197,44.204],[143.193,44.225],[143.154,44.231],[143.096,44.287],[143.157,44.331],[143.191,44.327],[143.208,44.348],[143.244,44.352],[143.283,44.397]]]]}},{"type":"Feature","properties":{"code":"0122000","name":"北海道士別市"},"geometry":{"type":"MultiPolygon","coordinates":[[[[142.234,44.296],[142.28,44.282],[142.296,44.262],[142.312,44.273],[142.433,44.274],[142.441,44.256],[142.473,44.255],[142.523,44.184],[142.552,44.19],[142.627,44.165],[142.685,44.187],[142.699,44.17],[142.741,44.192],[142.801,44.142],[142.838,44.156],[142.858,44.089],[142.87,44.085],[142.86,44.069],[142.879,44.051],[142.867,44.039],[142.874,44.019],[142.899,44.008],[142.9,43.982],[142.882,43.953],[142.844,43.942],[142.817,43.915],[142.738,43.956],[142.721,43.995],[142.688,44.022],[142.645,44.011],[142.611,44.029],[142.492,43.976],[142.474,43.993],[142.484,44.06],[142.461,44.104],[142.409,44.124],[142.412,44.147],[142.353,44.14],[142.31,44.186],[142.285,44.159],[142.274,44.122],[142.281,44.09],[142.268,44.074],[142.282,44.045],[142.236,44.02],[142.201,44.035],[142.176,44.053],[142.182,44.096],[142.204,44.123],[142.181,44.157],[142.187,44.183],[142.172,44.193],[142.2,44.209],[142.213,44.251],[142.184,44.248],[142.174,44.258],[142.193,44.285],[142.213,44.278],[142.213,44.295],[142.234,44.296]]]]}},{"type":"Feature","properties":{"code":"0122100","name":"北海道名寄市"},"geometry":{"type":"MultiPolygon","coordinates":[[[[142.415,44.482],[142.425,44.469],[142.472,44.474],[142.504,44.448],[142.585,44.446],[142.558,44.409],[142.582,44.36],[142.574,44.334],[142.531,44.292],[142.59,44.286],[142.597,44.251],[142.64,44.2],[142.627,44.179],[142.585,44.174],[142.536,44.193],[142.524,44.184],[142.473,44.255],[142.442,44.256],[142.433,44.274],[142.312,44.273],[142.278,44.308],[142.323,44.354],[142.305,44.438],[142.415,44.482]]]]}},{"type":"Feature","properties":{"code":"0122200","name":"北海道三笠市"},"geometry":{"type":"MultiPolygon","coordinates":[[[[142.031,43.355],[142.061,43.34],[142.046,43.308],[142.079,43.286],[142.111,43.225],[142.161,43.227],[142.156,43.196],[142.043,43.143],[142.027,43.173],[141.919,43.207],[141.898,43.194],[141.826,43.203],[141.82,43.232],[141.799,43.228],[141.808,43.256],[141.825,43.248],[141.908,43.292],[141.94,43.288],[141.991,43.307],[142.02,43.356],[142.031,43.355]]]]}},{"type":"Feature","properties":{"code":"0122300","name":"北海道根室市"},"geometry":{"type":"MultiPolygon","coordinates":[[[[145.758,43.399],[145.817,43.386],[145.812,43.369],[145.756,43.337],[145.689,43.328],[145.679,43.312],[145.622,43.316],[145.588,43.278],[145.569,43.283],[145.549,43.23],[145.557,43.22],[145.531,43.208],[145.529,43.186],[145.51,43.188],[145.508,43.178],[145.523,43.174],[145.509,43.162],[145.495,43.16],[145.504,43.17],[145.493,43.184],[145.469,43.189],[145.327,43.173],[145.313,43.203],[145.269,43.227],[145.226,43.206],[145.196,43.258],[145.213,43.25],[145.223,43.277],[145.259,43.292],[145.253,43.33],[145.307,43.327],[145.371,43.291],[145.41,43.292],[145.492,43.266],[145.523,43.308],[145.586,43.34],[145.579,43.348],[145.623,43.363],[145.65,43.391],[145.722,43.383],[145.758,43.399]]],[[[146.099,43.448],[146.108,43.431],[146.085,43.414],[146.025,43.408],[146.048,43.431],[146.087,43.426],[146.083,43.439],[146.099,43.448]]],[[[145.888,43.462],[145.901,43.448],[145.95,43.454],[145.934,43.441],[145.955,43.425],[145.899,43.417],[145.896,43.447],[145.863,43.454],[145.888,43.462]]],[[[146.135,43.549],[146.163,43.534],[146.204,43.534],[146.179,43.504],[146.194,43.489],[146.117,43.458],[146.103,43.495],[146.059,43.522],[146.135,43.549]]],[[[146.312,43.651],[146.351,43.64],[146.357,43.618],[146.27,43.627],[146.297,43.63],[146.312,43.651]]]]}},{"type":"Feature","properties":{"code":"0122400","name":"北海道千歳市"},"geometry":{"type":"MultiPolygon","coordinates":[[[[141.778,42.938],[141.87,42.922],[141.806,42.893],[141.791,42.875],[141.789,42.84],[141.765,42.833],[141.772,42.809],[141.716,42.774],[141.606,42.772],[141.567,42.743],[141.408,42.765],[141.414,42.724],[141.369,42.684],[141.312,42.684],[141.258,42.714],[141.243,42.698],[141.19,42.691],[141.174,42.753],[141.199,42.784],[141.231,42.792],[141.219,42.808],[141.233,42.821],[141.272,42.802],[141.325,42.813],[141.376,42.796],[141.393,42.816],[141.58,42.831],[141.577,42.842],[141.605,42.858],[141.651,42.925],[141.66,42.913],[141.652,42.89],[141.664,42.885],[141.681,42.91],[141.701,42.896],[141.711,42.915],[141.74,42.923],[141.756,42.952],[141.778,42.938]]]]}},{"type":"Feature","properties":{"code":"0122500","name":"北海道滝川市"},"geometry":{"type":"MultiPolygon","coordinates":[[[[141.961,43.669],[142.02,43.636],[142.086,43.64],[142.06,43.617],[142.044,43.624],[141.994,43.598],[141.98,43.558],[141.95,43.562],[141.902,43.533],[141.878,43.568],[141.881,43.621],[141.916,43.631],[141.914,43.662],[141.961,43.669]]]]}},{"type":"Feature","properties":{"code":"0122600","name":"北海道砂川市"},"geometry":{"type":"MultiPolygon","coordinates":[[[[141.965,43.557],[141.978,43.559],[141.974,43.536],[141.999,43.516],[141.968,43.483],[141.946,43.482],[141.975,43.47],[141.945,43.45],[141.872,43.461],[141.87,43.481],[141.9,43.51],[141.875,43.516],[141.904,43.517],[141.89,43.539],[141.903,43.533],[141.913,43.547],[141.965,43.557]]]]}},{"type":"Feature","properties":{"code":"0122700","name":"北海道歌志内市"},"geometry":{"type":"MultiPolygon","coordinates":[[[[142.051,43.533],[142.09,43.522],[142.083,43.511],[142.093,43.491],[142.063,43.467],[142.072,43.436],[142.037,43.451],[142.017,43.481],[141.969,43.488],[141.996,43.523],[142.051,43.533]]]]}},{"type":"Feature","properties":{"code":"0122800","name":"北海道深川市"},"geometry":{"type":"MultiPolygon","coordinates":[[[[142.074,44.049],[142.096,44.043],[142.088,44.027],[142.112,43.977],[142.106,43.966],[142.162,43.892],[142.159,43.875],[142.22,43.856],[142.209,43.838],[142.24,43.8],[142.197,43.755],[142.2,43.735],[142.171,43.726],[142.184,43.713],[142.175,43.681],[142.198,43.642],[142.238,43.652],[142.235,43.641],[142.118,43.636],[142.089,43.648],[142.054,43.631],[142.012,43.638],[141.963,43.669],[141.995,43.688],[141.975,43.71],[141.983,43.722],[141.967,43.749],[142.001,43.75],[142.013,43.819],[142.072,43.844],[142.085,43.866],[142.027,43.922],[142.021,43.95],[142.033,43.999],[142.058,44.012],[142.058,44.043],[142.074,44.049]]]]}},{"type":"Feature","properties":{"code":"0122900","name":"北海道富良野市"},"geometry":{"type":"MultiPolygon","coordinates":[[[[142.67,43.397],[142.652,43.357],[142.63,43.342],[142.678,43.296],[142.669,43.289],[142.678,43.273],[142.663,43.259],[142.673,43.248],[142.59,43.197],[142.524,43.196],[142.478,43.174],[142.45,43.177],[142.433,43.204],[142.395,43.209],[142.375,43.167],[142.352,43.157],[142.324,43.166],[142.319,43.207],[142.297,43.237],[142.28,43.236],[142.289,43.28],[142.272,43.302],[142.297,43.33],[142.293,43.351],[142.351,43.379],[142.347,43.4],[142.354,43.38],[142.426,43.351],[142.44,43.368],[142.529,43.362],[142.588,43.391],[142.608,43.382],[142.67,43.397]]]]}},{"type":"Feature","properties":{"code":"0123000","name":"北海道登別市"},"geometry":{"type":"MultiPolygon","coordinates":[[[[141.098,42.554],[141.122,42.541],[141.123,42.523],[141.166,42.521],[141.162,42.497],[141.189,42.453],[141.098,42.401],[141.053,42.352],[141.013,42.412],[141.015,42.431],[140.981,42.444],[140.988,42.466],[140.973,42.472],[140.969,42.499],[141.068,42.529],[141.066,42.546],[141.098,42.554]]]]}},{"type":"Feature","properties":{"code":"0123100","name":"北海道恵庭市"},"geometry":{"type":"MultiPolygon","coordinates":[[[[141.618,42.984],[141.652,42.942],[141.651,42.926],[141.604,42.857],[141.578,42.842],[141.58,42.833],[141.391,42.816],[141.376,42.796],[141.296,42.815],[141.272,42.802],[141.236,42.822],[141.257,42.849],[141.254,42.865],[141.297,42.885],[141.333,42.87],[141.37,42.891],[141.478,42.899],[141.499,42.917],[141.558,42.928],[141.581,42.947],[141.596,42.984],[141.618,42.984]]]]}},{"type":"Feature","properties":{"code":"0123400","name":"北海道北広島市"},"geometry":{"type":"MultiPolygon","coordinates":[[[[141.568,43.024],[141.597,42.981],[141.581,42.947],[141.477,42.898],[141.414,42.895],[141.459,42.943],[141.486,43.023],[141.568,43.024]]]]}},{"type":"Feature","properties":{"code":"0123500","name":"北海道石狩市"},"geometry":{"type":"MultiPolygon","coordinates":[[[[141.404,43.738],[141.417,43.712],[141.466,43.702],[141.506,43.679],[141.598,43.589],[141.582,43.566],[141.501,43.569],[141.526,43.537],[141.521,43.521],[141.554,43.5],[141.563,43.457],[141.524,43.312],[141.501,43.299],[141.477,43.26],[141.414,43.237],[141.422,43.2],[141.407,43.199],[141.39,43.175],[141.359,43.176],[141.333,43.149],[141.283,43.134],[141.25,43.161],[141.292,43.182],[141.29,43.209],[141.309,43.214],[141.301,43.221],[141.33,43.231],[141.424,43.33],[141.428,43.42],[141.358,43.518],[141.383,43.603],[141.352,43.642],[141.329,43.714],[141.337,43.737],[141.37,43.728],[141.404,43.738]]]]}},{"type":"Feature","properties":{"code":"0123600","name":"北海道北斗市"},"geometry":{"type":"MultiPolygon","coordinates":[[[[140.523,42.0],[140.546,41.995],[140.545,41.977],[140.564,41.979],[140.581,41.961],[140.611,41.954],[140.617,41.926],[140.667,41.912],[140.665,41.893],[140.681,41.886],[140.665,41.887],[140.667,41.874],[140.691,41.871],[140.686,41.848],[140.702,41.856],[140.695,41.842],[140.719,41.817],[140.71,41.809],[140.67,41.822],[140.631,41.812],[140.601,41.742],[140.556,41.723],[140.548,41.747],[140.507,41.771],[140.444,41.788],[140.428,41.825],[140.46,41.844],[140.447,41.861],[140.46,41.864],[140.472,41.894],[140.443,41.938],[140.471,41.953],[140.464,41.986],[140.51,41.985],[140.523,42.0]]]]}},{"type":"Feature","properties":{"code":"0130300","name":"北海道当別町"},"geometry":{"type":"MultiPolygon","coordinates":[[[[141.6,43.585],[141.617,43.578],[141.623,43.543],[141.651,43.514],[141.717,43.487],[141.723,43.461],[141.664,43.434],[141.652,43.414],[141.597,43.384],[141.583,43.349],[141.605,43.331],[141.611,43.291],[141.626,43.29],[141.567,43.238],[141.576,43.173],[141.437,43.161],[141.401,43.171],[141.407,43.198],[141.422,43.201],[141.415,43.237],[141.477,43.259],[141.502,43.3],[141.525,43.312],[141.541,43.391],[141.559,43.42],[141.558,43.49],[141.521,43.521],[141.526,43.536],[141.5,43.568],[141.572,43.564],[141.6,43.585]]]]}},{"type":"Feature","properties":{"code":"0130400","name":"北海道新篠津村"},"geometry":{"type":"MultiPolygon","coordinates":[[[[141.655,43.284],[141.646,43.269],[141.665,43.257],[141.659,43.246],[141.673,43.228],[141.654,43.221],[141.649,43.19],[141.61,43.168],[141.623,43.161],[141.579,43.158],[141.567,43.238],[141.606,43.278],[141.655,43.284]]]]}},{"type":"Feature","properties":{"code":"0133100","name":"北海道松前町"},"geometry":{"type":"MultiPolygon","coordinates":[[[[139.341,41.525],[139.376,41.523],[139.383,41.508],[139.341,41.495],[139.341,41.525]]],[[[139.999,41.632],[140.035,41.627],[140.068,41.59],[140.164,41.578],[140.182,41.539],[140.168,41.509],[140.181,41.474],[140.2,41.46],[140.194,41.435],[140.207,41.431],[140.2,41.398],[140.146,41.428],[140.089,41.418],[140.04,41.445],[139.986,41.55],[139.982,41.607],[139.999,41.632]]]]}},{"type":"Feature","properties":{"code":"0133200","name":"北海道福島町"},"geometry":{"type":"MultiPolygon","coordinates":[[[[140.207,41.625],[140.216,41.598],[140.251,41.577],[140.307,41.59],[140.325,41.552],[140.318,41.529],[140.361,41.529],[140.363,41.54],[140.386,41.544],[140.409,41.517],[140.361,41.515],[140.263,41.483],[140.205,41.405],[140.207,41.43],[140.193,41.445],[140.2,41.46],[140.181,41.474],[140.168,41.509],[140.181,41.54],[140.164,41.577],[140.207,41.625]]]]}},{"type":"Feature","properties":{"code":"0133300","name":"北海道知内町"},"geometry":{"type":"MultiPolygon","coordinates":[[[[140.389,41.668],[140.404,41.655],[140.434,41.659],[140.429,41.577],[140.439,41.554],[140.409,41.517],[140.384,41.545],[140.359,41.528],[140.317,41.529],[140.325,41.552],[140.307,41.59],[140.264,41.574],[140.212,41.604],[140.218,41.629],[140.282,41.663],[140.331,41.652],[140.389,41.668]]]]}},{"type":"Feature","properties":{"code":"0133400","name":"北海道木古内町"},"geometry":{"type":"MultiPolygon","coordinates":[[[[140.413,41.812],[140.444,41.788],[140.465,41.789],[140.548,41.747],[140.555,41.723],[140.527,41.7],[140.456,41.695],[140.425,41.654],[140.387,41.669],[140.331,41.652],[140.282,41.664],[140.303,41.689],[140.304,41.716],[140.343,41.725],[140.353,41.785],[140.378,41.806],[140.413,41.812]]]]}},{"type":"Feature","properties":{"code":"0133700","name":"北海道七飯町"},"geometry":{"type":"MultiPolygon","coordinates":[[[[140.704,42.05],[140.743,42.027],[140.735,42.007],[140.784,41.987],[140.787,41.93],[140.767,41.877],[140.701,41.846],[140.702,41.855],[140.686,41.847],[140.682,41.856],[140.692,41.871],[140.668,41.873],[140.666,41.885],[140.682,41.885],[140.665,41.893],[140.667,41.912],[140.616,41.927],[140.612,41.953],[140.575,41.974],[140.608,42.004],[140.632,41.994],[140.699,42.006],[140.677,42.063],[140.704,42.05]]]]}},{"type":"Feature","properties":{"code":"0134300","name":"北海道鹿部町"},"geometry":{"type":"MultiPolygon","coordinates":[[[[140.767,42.097],[140.802,42.077],[140.821,42.034],[140.864,42.01],[140.839,41.987],[140.842,41.962],[140.798,41.927],[140.782,41.934],[140.783,41.989],[140.734,42.008],[140.743,42.027],[140.729,42.042],[140.677,42.063],[140.767,42.097]]]]}},{"type":"Feature","properties":{"code":"0134500","name":"北海道森町"},"geometry":{"type":"MultiPolygon","coordinates":[[[[140.459,42.173],[140.55,42.113],[140.585,42.108],[140.713,42.138],[140.761,42.116],[140.767,42.098],[140.677,42.063],[140.698,42.005],[140.632,41.994],[140.608,42.004],[140.575,41.975],[140.581,41.961],[140.565,41.979],[140.545,41.977],[140.546,41.995],[140.484,41.988],[140.43,42.023],[140.429,42.085],[140.394,42.125],[140.421,42.159],[140.459,42.173]]]]}},{"type":"Feature","properties":{"code":"0134700","name":"北海道長万部町"},"geometry":{"type":"MultiPolygon","coordinates":[[[[140.314,42.631],[140.385,42.591],[140.409,42.589],[140.43,42.61],[140.464,42.607],[140.49,42.59],[140.547,42.599],[140.537,42.588],[140.476,42.589],[140.414,42.546],[140.349,42.474],[140.294,42.375],[140.271,42.387],[140.235,42.379],[140.222,42.39],[140.239,42.407],[140.209,42.47],[140.265,42.55],[140.246,42.569],[140.193,42.583],[140.188,42.601],[140.208,42.61],[140.237,42.598],[140.277,42.604],[140.314,42.631]]]]}},{"type":"Feature","properties":{"code":"0136100","name":"北海道江差町"},"geometry":{"type":"MultiPolygon","coordinates":[[[[140.261,41.977],[140.214,41.927],[140.152,41.924],[140.152,41.907],[140.23,41.889],[140.209,41.867],[140.223,41.821],[140.201,41.81],[140.131,41.818],[140.125,41.859],[140.11,41.864],[140.131,41.872],[140.139,41.894],[140.133,41.952],[140.261,41.977]]]]}},{"type":"Feature","properties":{"code":"0136200","name":"北海道上ノ国町"},"geometry":{"type":"MultiPolygon","coordinates":[[[[140.214,41.856],[140.266,41.841],[140.357,41.788],[140.342,41.724],[140.305,41.717],[140.302,41.687],[140.281,41.66],[140.201,41.627],[140.194,41.6],[140.164,41.577],[140.068,41.59],[140.033,41.629],[139.994,41.63],[140.01,41.692],[140.071,41.767],[140.07,41.805],[140.108,41.805],[140.124,41.825],[140.136,41.815],[140.213,41.812],[140.223,41.82],[140.207,41.846],[140.214,41.856]]]]}},{"type":"Feature","properties":{"code":"0136300","name":"北海道厚沢部町"},"geometry":{"type":"MultiPolygon","coordinates":[[[[140.306,42.054],[140.349,42.035],[140.379,42.043],[140.391,42.028],[140.454,42.012],[140.471,41.994],[140.47,41.955],[140.443,41.938],[140.474,41.901],[140.461,41.864],[140.447,41.862],[140.46,41.845],[140.428,41.831],[140.431,41.808],[140.389,41.809],[140.357,41.788],[140.268,41.841],[140.211,41.857],[140.231,41.888],[140.151,41.909],[140.152,41.924],[140.215,41.927],[140.236,41.94],[140.271,41.991],[140.263,42.023],[140.281,42.048],[140.306,42.054]]]]}},{"type":"Feature","properties":{"code":"0136400","name":"北海道乙部町"},"geometry":{"type":"MultiPolygon","coordinates":[[[[140.226,42.088],[140.222,42.078],[140.28,42.047],[140.262,42.021],[140.265,41.979],[140.133,41.953],[140.121,42.001],[140.102,42.007],[140.1,42.028],[140.071,42.06],[140.104,42.073],[140.191,42.067],[140.2,42.089],[140.226,42.088]]]]}},{"type":"Feature","properties":{"code":"0136700","name":"北海道奥尻町"},"geometry":{"type":"MultiPolygon","coordinates":[[[[139.56,42.249],[139.55,42.209],[139.517,42.176],[139.52,42.136],[139.504,42.097],[139.486,42.074],[139.454,42.066],[139.45,42.052],[139.421,42.072],[139.423,42.137],[139.407,42.179],[139.435,42.216],[139.537,42.233],[139.56,42.249]]]]}},{"type":"Feature","properties":{"code":"0137000","name":"北海道今金町"},"geometry":{"type":"MultiPolygon","coordinates":[[[[140.174,42.616],[140.193,42.583],[140.246,42.569],[140.266,42.549],[140.209,42.471],[140.239,42.408],[140.124,42.343],[140.086,42.335],[140.099,42.315],[140.06,42.28],[140.003,42.272],[139.948,42.371],[139.959,42.391],[139.923,42.412],[139.949,42.411],[139.984,42.463],[139.989,42.483],[139.969,42.508],[140.037,42.56],[140.118,42.546],[140.156,42.586],[140.151,42.616],[140.174,42.616]]]]}},{"type":"Feature","properties":{"code":"0137100","name":"北海道せたな町"},"geometry":{"type":"MultiPolygon","coordinates":[[[[139.913,42.615],[139.943,42.612],[139.936,42.589],[140.011,42.58],[140.03,42.555],[139.97,42.509],[139.99,42.475],[139.956,42.434],[139.958,42.422],[139.947,42.41],[139.923,42.413],[139.959,42.391],[139.948,42.372],[139.97,42.32],[139.988,42.285],[140.029,42.257],[140.038,42.23],[140.01,42.219],[139.999,42.2],[139.966,42.205],[139.934,42.183],[139.939,42.169],[139.921,42.135],[139.877,42.211],[139.795,42.231],[139.776,42.259],[139.786,42.275],[139.766,42.31],[139.781,42.353],[139.832,42.399],[139.853,42.464],[139.822,42.61],[139.913,42.615]]]]}},{"type":"Feature","properties":{"code":"0139100","name":"北海道島牧村"},"geometry":{"type":"MultiPolygon","coordinates":[[[[140.181,42.799],[140.203,42.793],[140.222,42.761],[140.223,42.743],[140.196,42.718],[140.215,42.688],[140.213,42.657],[140.232,42.64],[140.231,42.615],[140.189,42.603],[140.172,42.618],[140.151,42.616],[140.156,42.585],[140.118,42.545],[140.077,42.559],[140.028,42.556],[140.009,42.581],[139.937,42.589],[139.938,42.614],[139.824,42.613],[139.868,42.665],[139.899,42.68],[140.046,42.694],[140.073,42.727],[140.141,42.752],[140.157,42.791],[140.173,42.806],[140.181,42.799]]]]}},{"type":"Feature","properties":{"code":"0139200","name":"北海道寿都町"},"geometry":{"type":"MultiPolygon","coordinates":[[[[140.366,42.863],[140.38,42.788],[140.367,42.763],[140.282,42.766],[140.298,42.725],[140.263,42.736],[140.252,42.721],[140.224,42.742],[140.204,42.792],[140.174,42.806],[140.186,42.828],[140.237,42.795],[140.247,42.768],[140.289,42.771],[140.308,42.785],[140.305,42.828],[140.359,42.877],[140.366,42.863]]]]}},{"type":"Feature","properties":{"code":"0139300","name":"北海道黒松内町"},"geometry":{"type":"MultiPolygon","coordinates":[[[[140.298,42.768],[140.362,42.763],[140.364,42.741],[140.404,42.703],[140.466,42.69],[140.512,42.7],[140.521,42.658],[140.557,42.635],[140.533,42.616],[140.545,42.603],[140.49,42.591],[140.431,42.61],[140.408,42.588],[140.313,42.632],[140.277,42.604],[140.222,42.603],[140.232,42.64],[140.213,42.657],[140.215,42.687],[140.195,42.718],[140.223,42.742],[140.251,42.721],[140.264,42.736],[140.298,42.725],[140.289,42.762],[140.28,42.76],[140.298,42.768]]]]}},{"type":"Feature","properties":{"code":"0139400","name":"北海道蘭越町"},"geometry":{"type":"MultiPolygon","coordinates":[[[[140.507,42.913],[140.517,42.899],[140.565,42.901],[140.643,42.879],[140.621,42.857],[140.632,42.804],[140.602,42.797],[140.561,42.716],[140.577,42.666],[140.56,42.658],[140.567,42.65],[140.556,42.636],[140.521,42.658],[140.512,42.7],[140.467,42.69],[140.405,42.704],[140.359,42.75],[140.38,42.787],[140.359,42.877],[140.377,42.904],[140.455,42.911],[140.481,42.901],[140.507,42.913]]]]}},{"type":"Feature","properties":{"code":"0139500","name":"北海道ニセコ町"},"geometry":{"type":"MultiPolygon","coordinates":[[[[140.653,42.877],[140.703,42.82],[140.718,42.824],[140.719,42.844],[140.807,42.827],[140.755,42.784],[140.736,42.784],[140.72,42.757],[140.727,42.738],[140.779,42.721],[140.752,42.709],[140.706,42.718],[140.591,42.708],[140.563,42.717],[140.601,42.797],[140.633,42.805],[140.621,42.858],[140.653,42.877]]]]}},{"type":"Feature","properties":{"code":"0139600","name":"北海道真狩村"},"geometry":{"type":"MultiPolygon","coordinates":[[[[140.89,42.783],[140.91,42.772],[140.865,42.767],[140.817,42.727],[140.819,42.7],[140.783,42.695],[140.778,42.661],[140.751,42.662],[140.763,42.697],[140.754,42.712],[140.779,42.722],[140.72,42.745],[140.736,42.784],[140.755,42.784],[140.806,42.826],[140.89,42.783]]]]}},{"type":"Feature","properties":{"code":"0139700","name":"北海道留寿都村"},"geometry":{"type":"MultiPolygon","coordinates":[[[[140.913,42.771],[141.01,42.716],[140.989,42.683],[140.968,42.671],[140.856,42.699],[140.779,42.669],[140.783,42.696],[140.82,42.7],[140.817,42.727],[140.865,42.768],[140.913,42.771]]]]}},{"type":"Feature","properties":{"code":"0139800","name":"北海道喜茂別町"},"geometry":{"type":"MultiPolygon","coordinates":[[[[141.036,42.885],[141.1,42.883],[141.107,42.873],[141.094,42.842],[141.101,42.828],[141.065,42.823],[141.088,42.791],[141.079,42.748],[141.043,42.733],[141.039,42.716],[141.008,42.718],[140.807,42.827],[140.93,42.805],[140.986,42.807],[140.998,42.816],[140.994,42.842],[141.036,42.885]]]]}},{"type":"Feature","properties":{"code":"0139900","name":"北海道京極町"},"geometry":{"type":"MultiPolygon","coordinates":[[[[140.998,42.986],[141.013,42.966],[141.052,42.951],[141.027,42.914],[141.039,42.887],[140.992,42.839],[140.996,42.814],[140.929,42.805],[140.808,42.827],[140.851,42.862],[140.844,42.888],[140.866,42.921],[140.917,42.93],[140.916,42.955],[140.946,42.978],[140.998,42.986]]]]}},{"type":"Feature","properties":{"code":"0140000","name":"北海道倶知安町"},"geometry":{"type":"MultiPolygon","coordinates":[[[[140.779,43.015],[140.834,43.004],[140.864,42.973],[140.904,42.975],[140.924,42.941],[140.905,42.925],[140.866,42.921],[140.844,42.888],[140.852,42.862],[140.807,42.827],[140.719,42.844],[140.718,42.824],[140.703,42.821],[140.671,42.866],[140.618,42.886],[140.639,42.911],[140.721,42.925],[140.779,43.015]]]]}},{"type":"Feature","properties":{"code":"0140100","name":"北海道共和町"},"geometry":{"type":"MultiPolygon","coordinates":[[[[140.597,43.092],[140.613,43.079],[140.665,43.073],[140.729,43.016],[140.77,43.013],[140.72,42.925],[140.64,42.911],[140.619,42.888],[140.535,42.902],[140.527,43.033],[140.556,43.081],[140.597,43.092]]]]}},{"type":"Feature","properties":{"code":"0140200","name":"北海道岩内町"},"geometry":{"type":"MultiPolygon","coordinates":[[[[140.519,43.0],[140.531,42.988],[140.535,42.902],[140.516,42.9],[140.504,42.913],[140.481,42.901],[140.457,42.911],[140.381,42.906],[140.417,42.942],[140.502,42.981],[140.509,42.997],[140.517,42.986],[140.519,43.0]]]]}},{"type":"Feature","properties":{"code":"0140300","name":"北海道泊村"},"geometry":{"type":"MultiPolygon","coordinates":[[[[140.544,43.159],[140.556,43.138],[140.546,43.122],[140.581,43.111],[140.591,43.096],[140.543,43.069],[140.529,43.028],[140.504,43.032],[140.495,43.065],[140.466,43.084],[140.445,43.117],[140.469,43.147],[140.505,43.138],[140.544,43.159]]]]}},{"type":"Feature","properties":{"code":"0140400","name":"北海道神恵内村"},"geometry":{"type":"MultiPolygon","coordinates":[[[[140.338,43.281],[140.359,43.272],[140.358,43.251],[140.375,43.24],[140.426,43.225],[140.465,43.247],[140.482,43.218],[140.531,43.212],[140.538,43.199],[140.528,43.185],[140.541,43.16],[140.506,43.138],[140.469,43.147],[140.444,43.119],[140.429,43.142],[140.359,43.18],[140.325,43.221],[140.338,43.281]]]]}},{"type":"Feature","properties":{"code":"0140500","name":"北海道積丹町"},"geometry":{"type":"MultiPolygon","coordinates":[[[[140.482,43.376],[140.528,43.358],[140.579,43.31],[140.63,43.295],[140.592,43.255],[140.534,43.23],[140.523,43.212],[140.479,43.22],[140.466,43.247],[140.424,43.225],[140.357,43.251],[140.36,43.271],[140.337,43.282],[140.359,43.315],[140.346,43.334],[140.431,43.33],[140.461,43.346],[140.471,43.365],[140.462,43.372],[140.482,43.376]]]]}},{"type":"Feature","properties":{"code":"0140600","name":"北海道古平町"},"geometry":{"type":"MultiPolygon","coordinates":[[[[140.632,43.292],[140.646,43.284],[140.643,43.265],[140.7,43.251],[140.698,43.235],[140.675,43.221],[140.694,43.194],[140.653,43.182],[140.657,43.114],[140.639,43.104],[140.632,43.079],[140.615,43.078],[140.581,43.111],[140.547,43.121],[140.556,43.141],[140.534,43.164],[140.528,43.185],[140.538,43.2],[140.525,43.218],[140.578,43.244],[140.632,43.292]]]]}},{"type":"Feature","properties":{"code":"0140700","name":"北海道仁木町"},"geometry":{"type":"MultiPolygon","coordinates":[[[[140.792,43.166],[140.83,43.118],[140.773,43.104],[140.763,43.071],[140.798,43.054],[140.833,43.004],[140.729,43.016],[140.667,43.072],[140.633,43.081],[140.639,43.104],[140.657,43.113],[140.65,43.148],[140.707,43.145],[140.782,43.175],[140.792,43.166]]]]}},{"type":"Feature","properties":{"code":"0140800","name":"北海道余市町"},"geometry":{"type":"MultiPolygon","coordinates":[[[[140.708,43.253],[140.774,43.227],[140.782,43.212],[140.775,43.204],[140.792,43.195],[140.845,43.2],[140.859,43.168],[140.923,43.152],[140.921,43.131],[140.833,43.114],[140.783,43.175],[140.706,43.145],[140.65,43.148],[140.653,43.182],[140.694,43.194],[140.674,43.22],[140.708,43.253]]]]}},{"type":"Feature","properties":{"code":"0140900","name":"北海道赤井川村"},"geometry":{"type":"MultiPolygon","coordinates":[[[[140.921,43.13],[140.998,43.127],[141.001,43.095],[141.045,43.052],[140.991,43.023],[140.998,42.986],[140.948,42.978],[140.916,42.955],[140.905,42.975],[140.864,42.973],[140.837,42.995],[140.819,43.033],[140.77,43.061],[140.761,43.088],[140.816,43.12],[140.846,43.111],[140.862,43.125],[140.921,43.13]]]]}},{"type":"Feature","properties":{"code":"0142300","name":"北海道南幌町"},"geometry":{"type":"MultiPolygon","coordinates":[[[[141.707,43.077],[141.663,43.031],[141.628,43.022],[141.605,42.997],[141.568,43.022],[141.565,43.037],[141.59,43.056],[141.586,43.078],[141.668,43.12],[141.707,43.077]]]]}},{"type":"Feature","properties":{"code":"0142400","name":"北海道奈井江町"},"geometry":{"type":"MultiPolygon","coordinates":[[[[141.888,43.458],[141.968,43.456],[141.984,43.442],[141.972,43.409],[142.04,43.426],[142.053,43.422],[142.054,43.406],[142.023,43.42],[141.967,43.372],[141.913,43.393],[141.823,43.401],[141.873,43.45],[141.871,43.46],[141.888,43.458]]]]}},{"type":"Feature","properties":{"code":"0142500","name":"北海道上砂川町"},"geometry":{"type":"MultiPolygon","coordinates":[[[[141.952,43.484],[142.016,43.481],[142.037,43.451],[142.071,43.436],[142.054,43.423],[141.973,43.409],[141.983,43.45],[141.945,43.449],[141.976,43.47],[141.947,43.476],[141.952,43.484]]]]}},{"type":"Feature","properties":{"code":"0142700","name":"北海道由仁町"},"geometry":{"type":"MultiPolygon","coordinates":[[[[141.771,43.03],[141.788,43.02],[141.803,43.027],[141.807,43.009],[141.83,43.005],[141.843,42.984],[141.861,42.988],[141.854,42.969],[141.87,42.966],[141.871,42.948],[141.922,42.905],[141.968,42.913],[141.99,42.903],[142.009,42.863],[142.042,42.861],[141.981,42.837],[141.961,42.844],[141.914,42.9],[141.86,42.93],[141.782,42.932],[141.755,42.954],[141.746,42.981],[141.76,43.052],[141.771,43.03]]]]}},{"type":"Feature","properties":{"code":"0142800","name":"北海道長沼町"},"geometry":{"type":"MultiPolygon","coordinates":[[[[141.707,43.083],[141.769,43.068],[141.748,43.027],[141.756,42.938],[141.71,42.915],[141.7,42.896],[141.682,42.911],[141.66,42.886],[141.651,42.893],[141.66,42.914],[141.652,42.943],[141.624,42.982],[141.597,42.984],[141.58,43.009],[141.609,42.999],[141.629,43.022],[141.663,43.031],[141.707,43.083]]]]}},{"type":"Feature","properties":{"code":"0142900","name":"北海道栗山町"},"geometry":{"type":"MultiPolygon","coordinates":[[[[141.879,43.13],[141.938,43.098],[141.912,43.09],[141.914,43.053],[141.903,43.037],[141.919,42.994],[141.951,42.991],[141.947,42.97],[141.973,42.927],[141.932,42.902],[141.871,42.948],[141.87,42.966],[141.854,42.969],[141.861,42.988],[141.843,42.985],[141.83,43.005],[141.807,43.009],[141.804,43.027],[141.787,43.021],[141.762,43.042],[141.77,43.068],[141.757,43.077],[141.879,43.13]]]]}},{"type":"Feature","properties":{"code":"0143000","name":"北海道月形町"},"geometry":{"type":"MultiPolygon","coordinates":[[[[141.728,43.454],[141.72,43.438],[141.736,43.425],[141.738,43.4],[141.773,43.38],[141.762,43.352],[141.714,43.35],[141.694,43.332],[141.676,43.337],[141.689,43.324],[141.666,43.309],[141.675,43.287],[141.621,43.284],[141.605,43.331],[141.582,43.352],[141.595,43.36],[141.597,43.384],[141.701,43.456],[141.728,43.454]]]]}},{"type":"Feature","properties":{"code":"0143100","name":"北海道浦臼町"},"geometry":{"type":"MultiPolygon","coordinates":[[[[141.764,43.501],[141.8,43.475],[141.833,43.484],[141.868,43.467],[141.864,43.442],[141.825,43.409],[141.821,43.39],[141.774,43.376],[141.764,43.357],[141.773,43.379],[141.738,43.4],[141.736,43.425],[141.72,43.438],[141.733,43.447],[141.725,43.469],[141.764,43.501]]]]}},{"type":"Feature","properties":{"code":"0143200","name":"北海道新十津川町"},"geometry":{"type":"MultiPolygon","coordinates":[[[[141.53,43.703],[141.585,43.692],[141.636,43.661],[141.725,43.701],[141.775,43.67],[141.845,43.667],[141.861,43.626],[141.885,43.604],[141.878,43.567],[141.904,43.521],[141.874,43.515],[141.9,43.511],[141.87,43.48],[141.874,43.451],[141.863,43.444],[141.868,43.468],[141.833,43.484],[141.8,43.476],[141.763,43.501],[141.727,43.472],[141.651,43.514],[141.624,43.542],[141.618,43.578],[141.596,43.584],[141.582,43.611],[141.491,43.684],[141.53,43.703]]]]}},{"type":"Feature","properties":{"code":"0143300","name":"北海道妹背牛町"},"geometry":{"type":"MultiPolygon","coordinates":[[[[141.984,43.695],[141.995,43.688],[141.984,43.679],[141.916,43.662],[141.899,43.684],[141.918,43.697],[141.905,43.745],[141.967,43.749],[141.984,43.695]]]]}},{"type":"Feature","properties":{"code":"0143400","name":"北海道秩父別町"},"geometry":{"type":"MultiPolygon","coordinates":[[[[141.998,43.808],[142.011,43.798],[142.001,43.75],[141.898,43.746],[141.899,43.768],[141.924,43.786],[141.937,43.779],[141.937,43.799],[141.998,43.808]]]]}},{"type":"Feature","properties":{"code":"0143600","name":"北海道雨竜町"},"geometry":{"type":"MultiPolygon","coordinates":[[[[141.701,43.745],[141.822,43.71],[141.905,43.72],[141.919,43.699],[141.899,43.685],[141.918,43.668],[141.92,43.652],[141.907,43.645],[141.916,43.631],[141.892,43.631],[141.88,43.608],[141.845,43.667],[141.775,43.67],[141.738,43.685],[141.732,43.699],[141.639,43.662],[141.525,43.708],[141.558,43.708],[141.579,43.726],[141.632,43.739],[141.701,43.745]]]]}},{"type":"Feature","properties":{"code":"0143700","name":"北海道北竜町"},"geometry":{"type":"MultiPolygon","coordinates":[[[[141.852,43.848],[141.873,43.826],[141.87,43.775],[141.898,43.771],[141.906,43.72],[141.822,43.71],[141.699,43.746],[141.581,43.727],[141.549,43.705],[141.524,43.714],[141.55,43.714],[141.632,43.76],[141.694,43.747],[141.704,43.756],[141.7,43.796],[141.743,43.789],[141.769,43.756],[141.772,43.785],[141.804,43.801],[141.798,43.828],[141.852,43.848]]]]}},{"type":"Feature","properties":{"code":"0143800","name":"北海道沼田町"},"geometry":{"type":"MultiPolygon","coordinates":[[[[141.997,44.006],[142.033,43.997],[142.026,43.924],[142.06,43.9],[142.082,43.858],[142.033,43.821],[142.013,43.82],[142.01,43.798],[141.996,43.814],[141.967,43.809],[141.937,43.799],[141.935,43.779],[141.924,43.787],[141.899,43.768],[141.872,43.773],[141.873,43.826],[141.859,43.858],[141.871,43.884],[141.901,43.899],[141.882,43.922],[141.885,43.942],[141.931,43.963],[141.931,43.983],[141.949,43.999],[141.986,43.993],[141.997,44.006]]]]}},{"type":"Feature","properties":{"code":"0145200","name":"北海道鷹栖町"},"geometry":{"type":"MultiPolygon","coordinates":[[[[142.362,43.962],[142.421,43.944],[142.388,43.899],[142.392,43.877],[142.37,43.86],[142.392,43.844],[142.296,43.787],[142.294,43.84],[142.279,43.858],[142.291,43.873],[142.271,43.896],[142.273,43.918],[142.307,43.957],[142.362,43.962]]]]}},{"type":"Feature","properties":{"code":"0145300","name":"北海道東神楽町"},"geometry":{"type":"MultiPolygon","coordinates":[[[[142.531,43.68],[142.63,43.626],[142.561,43.631],[142.557,43.646],[142.495,43.638],[142.41,43.69],[142.392,43.722],[142.403,43.731],[142.531,43.68]]]]}},{"type":"Feature","properties":{"code":"0145400","name":"北海道当麻町"},"geometry":{"type":"MultiPolygon","coordinates":[[[[142.546,43.891],[142.622,43.874],[142.65,43.884],[142.712,43.749],[142.68,43.739],[142.6,43.764],[142.574,43.761],[142.565,43.779],[142.521,43.786],[142.458,43.839],[142.494,43.856],[142.524,43.894],[142.546,43.891]]]]}},{"type":"Feature","properties":{"code":"0145500","name":"北海道比布町"},"geometry":{"type":"MultiPolygon","coordinates":[[[[142.532,43.993],[142.541,43.979],[142.531,43.96],[142.51,43.956],[142.512,43.944],[142.544,43.91],[142.495,43.857],[142.458,43.839],[142.434,43.964],[142.445,43.973],[142.486,43.956],[142.497,43.981],[142.532,43.993]]]]}},{"type":"Feature","properties":{"code":"0145600","name":"北海道愛別町"},"geometry":{"type":"MultiPolygon","coordinates":[[[[142.614,44.027],[142.644,44.01],[142.69,44.021],[142.72,43.996],[142.738,43.955],[142.774,43.93],[142.758,43.916],[142.706,43.919],[142.704,43.844],[142.683,43.829],[142.651,43.884],[142.621,43.874],[142.536,43.894],[142.544,43.913],[142.511,43.943],[142.511,43.957],[142.529,43.96],[142.541,43.98],[142.534,43.993],[142.547,44.007],[142.614,44.027]]]]}},{"type":"Feature","properties":{"code":"0145700","name":"北海道上川町"},"geometry":{"type":"MultiPolygon","coordinates":[[[[142.881,43.951],[142.897,43.922],[142.982,43.944],[143.012,43.922],[143.037,43.928],[143.055,43.916],[143.02,43.887],[143.021,43.865],[143.009,43.859],[143.018,43.846],[143.011,43.826],[143.046,43.813],[143.014,43.798],[143.008,43.758],[143.08,43.738],[143.145,43.763],[143.169,43.755],[143.18,43.735],[143.172,43.707],[143.14,43.678],[143.174,43.639],[143.137,43.608],[143.142,43.592],[143.06,43.555],[143.036,43.562],[143.015,43.529],[142.976,43.539],[142.957,43.527],[142.893,43.569],[142.912,43.654],[142.896,43.676],[142.873,43.672],[142.881,43.697],[142.821,43.688],[142.803,43.701],[142.741,43.684],[142.734,43.73],[142.713,43.749],[142.681,43.818],[142.704,43.844],[142.706,43.919],[142.758,43.916],[142.776,43.93],[142.817,43.916],[142.843,43.942],[142.881,43.951]]]]}},{"type":"Feature","properties":{"code":"0145800","name":"北海道東川町"},"geometry":{"type":"MultiPolygon","coordinates":[[[[142.504,43.75],[142.555,43.725],[142.622,43.72],[142.691,43.681],[142.767,43.698],[142.801,43.701],[142.821,43.688],[142.863,43.699],[142.881,43.696],[142.874,43.671],[142.907,43.669],[142.839,43.615],[142.821,43.628],[142.773,43.618],[142.63,43.626],[142.473,43.7],[142.476,43.742],[142.504,43.75]]]]}},{"type":"Feature","properties":{"code":"0145900","name":"北海道美瑛町"},"geometry":{"type":"MultiPolygon","coordinates":[[[[142.908,43.645],[142.893,43.566],[142.861,43.564],[142.852,43.53],[142.839,43.522],[142.809,43.53],[142.814,43.515],[142.715,43.452],[142.711,43.433],[142.688,43.418],[142.607,43.47],[142.595,43.499],[142.572,43.514],[142.482,43.507],[142.431,43.551],[142.427,43.534],[142.403,43.538],[142.399,43.475],[142.358,43.466],[142.364,43.495],[142.337,43.506],[142.32,43.533],[142.324,43.576],[142.358,43.618],[142.39,43.626],[142.395,43.665],[142.428,43.662],[142.472,43.621],[142.576,43.635],[142.772,43.617],[142.822,43.628],[142.838,43.616],[142.907,43.669],[142.908,43.645]]]]}},{"type":"Feature","properties":{"code":"0146000","name":"北海道上富良野町"},"geometry":{"type":"MultiPolygon","coordinates":[[[[142.432,43.551],[142.482,43.507],[142.577,43.512],[142.597,43.498],[142.607,43.471],[142.685,43.418],[142.667,43.4],[142.608,43.382],[142.487,43.393],[142.453,43.408],[142.471,43.427],[142.382,43.469],[142.399,43.474],[142.403,43.538],[142.426,43.534],[142.432,43.551]]]]}},{"type":"Feature","properties":{"code":"0146100","name":"北海道中富良野町"},"geometry":{"type":"MultiPolygon","coordinates":[[[[142.377,43.471],[142.471,43.427],[142.453,43.408],[142.485,43.393],[142.53,43.394],[142.562,43.372],[142.527,43.361],[142.44,43.368],[142.424,43.352],[142.354,43.38],[142.346,43.391],[142.368,43.435],[142.357,43.466],[142.377,43.471]]]]}},{"type":"Feature","properties":{"code":"0146200","name":"北海道南富良野町"},"geometry":{"type":"MultiPolygon","coordinates":[[[[142.683,43.395],[142.721,43.36],[142.762,43.357],[142.769,43.346],[142.748,43.34],[142.735,43.299],[142.747,43.265],[142.734,43.25],[142.736,43.219],[142.779,43.174],[142.765,43.163],[142.765,43.125],[142.746,43.115],[142.743,43.086],[142.727,43.077],[142.747,43.058],[142.754,43.013],[142.74,43.005],[142.701,43.021],[142.64,43.073],[142.595,43.08],[142.597,43.104],[142.536,43.132],[142.517,43.133],[142.489,43.113],[142.49,43.101],[142.447,43.083],[142.359,43.104],[142.338,43.085],[142.335,43.062],[142.312,43.049],[142.269,43.066],[142.243,43.112],[142.264,43.136],[142.257,43.161],[142.284,43.199],[142.278,43.236],[142.297,43.237],[142.324,43.199],[142.324,43.166],[142.35,43.157],[142.375,43.166],[142.373,43.18],[142.386,43.183],[142.398,43.209],[142.434,43.204],[142.45,43.177],[142.477,43.174],[142.526,43.196],[142.589,43.196],[142.672,43.247],[142.663,43.258],[142.678,43.273],[142.677,43.295],[142.63,43.343],[142.652,43.356],[142.669,43.403],[142.683,43.395]]]]}},{"type":"Feature","properties":{"code":"0146300","name":"北海道占冠村"},"geometry":{"type":"MultiPolygon","coordinates":[[[[142.525,43.133],[142.597,43.104],[142.596,43.079],[142.641,43.073],[142.727,43.008],[142.703,42.99],[142.633,42.986],[142.588,42.966],[142.572,42.93],[142.547,42.911],[142.487,42.923],[142.442,42.912],[142.409,42.934],[142.38,42.887],[142.326,42.89],[142.333,42.908],[142.301,42.941],[142.273,42.951],[142.289,43.009],[142.33,43.031],[142.314,43.049],[142.335,43.062],[142.339,43.086],[142.36,43.104],[142.447,43.083],[142.489,43.1],[142.489,43.113],[142.525,43.133]]]]}},{"type":"Feature","properties":{"code":"0146400","name":"北海道和寒町"},"geometry":{"type":"MultiPolygon","coordinates":[[[[142.45,44.113],[142.483,44.061],[142.474,43.995],[142.492,43.977],[142.487,43.956],[142.445,43.973],[142.424,43.942],[142.362,43.963],[142.313,43.959],[142.282,43.939],[142.248,43.951],[142.255,43.974],[142.24,44.024],[142.271,44.04],[142.316,44.037],[142.357,44.052],[142.37,44.073],[142.385,44.063],[142.41,44.071],[142.45,44.113]]]]}},{"type":"Feature","properties":{"code":"0146500","name":"北海道剣淵町"},"geometry":{"type":"MultiPolygon","coordinates":[[[[142.321,44.172],[142.354,44.14],[142.411,44.148],[142.408,44.124],[142.447,44.113],[142.409,44.071],[142.386,44.062],[142.371,44.074],[142.357,44.051],[142.316,44.037],[142.276,44.04],[142.268,44.081],[142.281,44.089],[142.274,44.121],[142.285,44.158],[142.31,44.186],[142.321,44.172]]]]}},{"type":"Feature","properties":{"code":"0146800","name":"北海道下川町"},"geometry":{"type":"MultiPolygon","coordinates":[[[[142.713,44.481],[142.721,44.461],[142.75,44.455],[142.767,44.467],[142.789,44.453],[142.849,44.459],[142.84,44.447],[142.851,44.438],[142.819,44.419],[142.827,44.371],[142.803,44.332],[142.823,44.329],[142.826,44.272],[142.867,44.248],[142.876,44.159],[142.802,44.142],[142.77,44.178],[142.739,44.192],[142.698,44.169],[142.686,44.188],[142.627,44.165],[142.617,44.173],[142.64,44.199],[142.597,44.251],[142.59,44.286],[142.532,44.291],[142.551,44.321],[142.574,44.333],[142.583,44.36],[142.564,44.389],[142.566,44.42],[142.582,44.433],[142.651,44.438],[142.695,44.481],[142.713,44.481]]]]}},{"type":"Feature","properties":{"code":"0146900","name":"北海道美深町"},"geometry":{"type":"MultiPolygon","coordinates":[[[[142.377,44.668],[142.412,44.666],[142.413,44.637],[142.44,44.618],[142.472,44.619],[142.494,44.578],[142.537,44.615],[142.562,44.615],[142.564,44.601],[142.59,44.594],[142.644,44.597],[142.657,44.577],[142.633,44.543],[142.645,44.53],[142.621,44.515],[142.586,44.445],[142.522,44.444],[142.491,44.452],[142.473,44.474],[142.425,44.469],[142.41,44.483],[142.368,44.455],[142.338,44.458],[142.307,44.44],[142.314,44.404],[142.29,44.394],[142.25,44.41],[142.218,44.45],[142.197,44.452],[142.208,44.496],[142.222,44.5],[142.222,44.523],[142.203,44.542],[142.206,44.564],[142.18,44.583],[142.19,44.603],[142.213,44.606],[142.225,44.631],[142.251,44.631],[142.278,44.655],[142.377,44.668]]]]}},{"type":"Feature","properties":{"code":"0147000","name":"北海道音威子府村"},"geometry":{"type":"MultiPolygon","coordinates":[[[[142.239,44.823],[142.28,44.822],[142.284,44.789],[142.311,44.779],[142.303,44.748],[142.327,44.711],[142.395,44.701],[142.418,44.677],[142.412,44.666],[142.374,44.671],[142.278,44.655],[142.252,44.631],[142.225,44.631],[142.213,44.606],[142.189,44.604],[142.185,44.624],[142.166,44.636],[142.169,44.649],[142.151,44.657],[142.16,44.693],[142.14,44.699],[142.165,44.729],[142.145,44.738],[142.174,44.798],[142.19,44.797],[142.209,44.821],[142.239,44.823]]]]}},{"type":"Feature","properties":{"code":"0147100","name":"北海道中川町"},"geometry":{"type":"MultiPolygon","coordinates":[[[[142.03,44.903],[142.132,44.901],[142.16,44.871],[142.15,44.856],[142.166,44.852],[142.158,44.809],[142.173,44.799],[142.145,44.737],[142.165,44.728],[142.14,44.698],[142.16,44.692],[142.151,44.657],[142.19,44.617],[142.179,44.583],[142.206,44.563],[142.203,44.543],[142.222,44.524],[142.222,44.5],[142.207,44.495],[142.193,44.461],[142.154,44.478],[142.115,44.475],[142.112,44.488],[142.072,44.497],[142.041,44.529],[142.055,44.551],[142.04,44.586],[142.01,44.599],[142.01,44.653],[141.989,44.685],[142.0,44.689],[141.999,44.723],[141.976,44.746],[142.009,44.843],[141.991,44.876],[142.03,44.903]]]]}},{"type":"Feature","properties":{"code":"0147200","name":"北海道幌加内町"},"geometry":{"type":"MultiPolygon","coordinates":[[[[142.149,44.477],[142.217,44.451],[142.25,44.41],[142.29,44.394],[142.315,44.403],[142.324,44.364],[142.304,44.345],[142.307,44.328],[142.279,44.314],[142.311,44.276],[142.308,44.263],[142.233,44.297],[142.213,44.295],[142.209,44.276],[142.194,44.285],[142.173,44.259],[142.184,44.248],[142.211,44.253],[142.213,44.241],[142.2,44.209],[142.173,44.194],[142.187,44.183],[142.179,44.158],[142.203,44.124],[142.182,44.096],[142.175,44.054],[142.237,44.02],[142.254,43.975],[142.244,43.952],[142.2,43.946],[142.15,43.906],[142.105,43.965],[142.113,43.976],[142.088,44.026],[142.096,44.044],[142.056,44.055],[142.069,44.069],[142.053,44.104],[142.078,44.129],[142.071,44.158],[142.088,44.188],[142.044,44.212],[142.043,44.228],[142.066,44.242],[142.057,44.257],[142.031,44.262],[142.031,44.284],[142.06,44.294],[142.052,44.311],[142.061,44.336],[142.037,44.346],[142.021,44.394],[142.085,44.437],[142.105,44.439],[142.116,44.475],[142.149,44.477]]]]}},{"type":"Feature","properties":{"code":"0148100","name":"北海道増毛町"},"geometry":{"type":"MultiPolygon","coordinates":[[[[141.61,43.902],[141.662,43.875],[141.663,43.854],[141.695,43.825],[141.7,43.75],[141.632,43.76],[141.55,43.714],[141.523,43.716],[141.489,43.685],[141.467,43.702],[141.417,43.711],[141.406,43.737],[141.372,43.728],[141.339,43.737],[141.388,43.807],[141.457,43.836],[141.493,43.836],[141.52,43.859],[141.561,43.859],[141.61,43.902]]]]}},{"type":"Feature","properties":{"code":"0148200","name":"北海道小平町"},"geometry":{"type":"MultiPolygon","coordinates":[[[[141.687,44.214],[141.732,44.192],[141.722,44.174],[141.771,44.142],[141.773,44.108],[141.813,44.091],[141.84,44.117],[141.884,44.105],[141.922,44.123],[141.945,44.115],[141.95,44.147],[142.031,44.146],[142.055,44.17],[142.074,44.166],[142.078,44.128],[142.053,44.104],[142.069,44.07],[142.055,44.055],[142.066,44.049],[142.059,44.013],[142.033,43.999],[141.95,43.999],[141.931,43.983],[141.929,43.961],[141.892,43.944],[141.841,43.967],[141.799,43.959],[141.783,43.937],[141.743,43.926],[141.65,43.995],[141.662,44.024],[141.656,44.209],[141.687,44.214]]]]}},{"type":"Feature","properties":{"code":"0148300","name":"北海道苫前町"},"geometry":{"type":"MultiPolygon","coordinates":[[[[141.685,44.347],[141.725,44.325],[141.728,44.311],[141.768,44.296],[141.77,44.283],[141.901,44.258],[141.989,44.208],[142.021,44.214],[142.036,44.234],[142.05,44.221],[142.047,44.203],[142.082,44.195],[142.088,44.182],[142.031,44.146],[141.949,44.147],[141.944,44.115],[141.924,44.123],[141.884,44.105],[141.841,44.118],[141.814,44.091],[141.782,44.1],[141.771,44.111],[141.772,44.142],[141.723,44.173],[141.732,44.192],[141.686,44.215],[141.656,44.21],[141.647,44.314],[141.672,44.324],[141.685,44.347]]]]}},{"type":"Feature","properties":{"code":"0148500","name":"北海道初山別村"},"geometry":{"type":"MultiPolygon","coordinates":[[[[141.793,44.639],[141.813,44.638],[141.834,44.611],[141.929,44.596],[141.93,44.522],[141.897,44.502],[141.913,44.49],[141.907,44.471],[141.939,44.452],[141.88,44.426],[141.886,44.413],[141.875,44.396],[141.846,44.387],[141.788,44.399],[141.773,44.423],[141.747,44.433],[141.762,44.535],[141.787,44.584],[141.793,44.639]]]]}},{"type":"Feature","properties":{"code":"0148600","name":"北海道遠別町"},"geometry":{"type":"MultiPolygon","coordinates":[[[[141.861,44.845],[141.876,44.811],[141.888,44.81],[141.891,44.766],[141.992,44.778],[141.977,44.747],[141.999,44.724],[142.0,44.69],[141.989,44.686],[142.009,44.654],[142.009,44.6],[142.042,44.583],[142.055,44.552],[142.046,44.523],[142.087,44.489],[142.112,44.488],[142.106,44.44],[142.022,44.394],[142.032,44.356],[142.013,44.362],[142.0,44.412],[141.974,44.43],[141.973,44.444],[141.907,44.471],[141.915,44.49],[141.897,44.502],[141.929,44.522],[141.929,44.596],[141.864,44.601],[141.793,44.64],[141.764,44.806],[141.854,44.824],[141.861,44.845]]]]}},{"type":"Feature","properties":{"code":"0148700","name":"北海道天塩町"},"geometry":{"type":"MultiPolygon","coordinates":[[[[141.853,44.993],[141.873,44.968],[141.875,44.93],[141.917,44.919],[141.91,44.907],[141.926,44.898],[141.948,44.911],[141.955,44.898],[141.986,44.917],[141.991,44.897],[142.028,44.907],[141.99,44.875],[142.009,44.844],[141.992,44.781],[141.891,44.766],[141.888,44.81],[141.875,44.812],[141.861,44.845],[141.852,44.824],[141.763,44.808],[141.715,44.953],[141.766,44.985],[141.853,44.993]]]]}},{"type":"Feature","properties":{"code":"0151100","name":"北海道猿払村"},"geometry":{"type":"MultiPolygon","coordinates":[[[[142.058,45.397],[142.171,45.343],[142.344,45.175],[142.319,45.16],[142.247,45.192],[142.239,45.18],[142.201,45.176],[142.185,45.162],[142.186,45.146],[142.168,45.139],[142.198,45.098],[142.182,45.054],[142.158,45.055],[142.133,45.07],[142.13,45.086],[142.096,45.1],[142.052,45.065],[142.036,45.088],[141.987,45.108],[141.987,45.124],[142.019,45.146],[142.005,45.181],[141.978,45.204],[142.001,45.221],[142.006,45.25],[141.989,45.266],[141.991,45.286],[141.959,45.295],[141.975,45.318],[141.96,45.336],[141.975,45.353],[142.043,45.376],[142.05,45.402],[142.058,45.397]]]]}},{"type":"Feature","properties":{"code":"0151200","name":"北海道浜頓別町"},"geometry":{"type":"MultiPolygon","coordinates":[[[[142.261,45.187],[142.319,45.16],[142.345,45.175],[142.482,45.062],[142.504,45.06],[142.471,45.051],[142.491,45.022],[142.477,45.018],[142.484,45.004],[142.407,44.978],[142.389,45.01],[142.289,45.023],[142.252,44.999],[142.212,44.992],[142.22,44.983],[142.205,44.971],[142.166,44.971],[142.154,45.011],[142.172,45.032],[142.157,45.042],[142.183,45.055],[142.199,45.09],[142.167,45.139],[142.186,45.145],[142.185,45.162],[142.201,45.176],[142.261,45.187]]]]}},{"type":"Feature","properties":{"code":"0151300","name":"北海道中頓別町"},"geometry":{"type":"MultiPolygon","coordinates":[[[[142.307,45.024],[142.389,45.009],[142.399,44.982],[142.425,44.969],[142.431,44.933],[142.399,44.876],[142.358,44.87],[142.331,44.845],[142.312,44.824],[142.322,44.796],[142.312,44.778],[142.284,44.788],[142.281,44.822],[142.21,44.822],[142.187,44.796],[142.161,44.805],[142.166,44.852],[142.15,44.857],[142.16,44.871],[142.126,44.912],[142.143,44.933],[142.142,44.953],[142.165,44.971],[142.205,44.97],[142.221,44.984],[142.213,44.993],[142.307,45.024]]]]}},{"type":"Feature","properties":{"code":"0151400","name":"北海道枝幸町"},"geometry":{"type":"MultiPolygon","coordinates":[[[[142.504,45.06],[142.508,45.04],[142.534,45.028],[142.54,44.991],[142.585,44.962],[142.589,44.918],[142.633,44.887],[142.658,44.842],[142.68,44.833],[142.738,44.761],[142.841,44.687],[142.792,44.64],[142.703,44.63],[142.685,44.616],[142.687,44.603],[142.648,44.59],[142.588,44.594],[142.564,44.601],[142.562,44.615],[142.535,44.614],[142.494,44.578],[142.473,44.619],[142.441,44.617],[142.413,44.637],[142.406,44.65],[142.419,44.677],[142.395,44.701],[142.328,44.71],[142.304,44.748],[142.322,44.795],[142.313,44.824],[142.358,44.87],[142.399,44.876],[142.431,44.933],[142.416,44.978],[142.441,44.998],[142.459,44.989],[142.483,45.004],[142.476,45.017],[142.49,45.022],[142.471,45.05],[142.504,45.06]]]]}},{"type":"Feature","properties":{"code":"0151600","name":"北海道豊富町"},"geometry":{"type":"MultiPolygon","coordinates":[[[[141.766,45.268],[141.784,45.238],[141.771,45.227],[141.799,45.2],[141.823,45.211],[141.836,45.201],[141.823,45.194],[141.831,45.186],[141.855,45.193],[141.863,45.177],[141.902,45.177],[141.9,45.195],[141.941,45.225],[141.996,45.236],[142.001,45.221],[141.978,45.204],[142.006,45.18],[142.019,45.145],[141.987,45.124],[142.004,45.089],[141.97,45.073],[141.868,45.085],[141.82,45.049],[141.78,45.053],[141.765,45.074],[141.735,45.08],[141.675,45.049],[141.663,45.031],[141.579,45.177],[141.606,45.17],[141.597,45.201],[141.633,45.21],[141.669,45.239],[141.731,45.236],[141.737,45.266],[141.766,45.268]]]]}},{"type":"Feature","properties":{"code":"0151700","name":"北海道礼文町"},"geometry":{"type":"MultiPolygon","coordinates":[[[[140.967,45.464],[141.009,45.433],[141.035,45.441],[141.035,45.46],[141.067,45.424],[141.056,45.407],[141.057,45.318],[141.042,45.274],[141.016,45.284],[141.025,45.302],[140.983,45.38],[140.992,45.408],[140.983,45.415],[140.994,45.424],[140.966,45.439],[140.977,45.448],[140.967,45.464]]]]}},{"type":"Feature","properties":{"code":"0151800","name":"北海道利尻町"},"geometry":{"type":"MultiPolygon","coordinates":[[[[141.149,45.224],[141.241,45.181],[141.256,45.146],[141.245,45.1],[141.204,45.113],[141.141,45.162],[141.14,45.181],[141.127,45.186],[141.142,45.19],[141.133,45.214],[141.149,45.224]]]]}},{"type":"Feature","properties":{"code":"0151900","name":"北海道利尻富士町"},"geometry":{"type":"MultiPolygon","coordinates":[[[[141.199,45.259],[141.231,45.247],[141.232,45.234],[141.275,45.234],[141.318,45.197],[141.33,45.15],[141.285,45.109],[141.247,45.101],[141.256,45.147],[141.241,45.18],[141.149,45.224],[141.199,45.259]]]]}},{"type":"Feature","properties":{"code":"0152000","name":"北海道幌延町"},"geometry":{"type":"MultiPolygon","coordinates":[[[[142.101,45.096],[142.131,45.085],[142.134,45.069],[142.164,45.051],[142.156,45.038],[142.173,45.032],[142.153,45.009],[142.168,44.975],[142.141,44.953],[142.143,44.934],[142.127,44.912],[142.135,44.904],[142.121,44.898],[142.031,44.898],[142.022,44.911],[141.992,44.898],[141.986,44.917],[141.954,44.898],[141.947,44.911],[141.927,44.898],[141.91,44.907],[141.917,44.919],[141.875,44.93],[141.86,44.992],[141.801,44.992],[141.715,44.953],[141.733,44.878],[141.664,45.031],[141.676,45.05],[141.736,45.08],[141.765,45.074],[141.782,45.052],[141.82,45.049],[141.836,45.051],[141.868,45.085],[141.97,45.073],[142.015,45.093],[142.036,45.087],[142.051,45.065],[142.101,45.096]]]]}},{"type":"Feature","properties":{"code":"0154300","name":"北海道美幌町"},"geometry":{"type":"MultiPolygon","coordinates":[[[[144.074,43.889],[144.096,43.857],[144.131,43.874],[144.191,43.855],[144.184,43.846],[144.217,43.822],[144.219,43.802],[144.236,43.8],[144.263,43.715],[144.332,43.707],[144.275,43.682],[144.278,43.668],[144.231,43.634],[144.217,43.599],[144.169,43.625],[144.138,43.627],[144.122,43.648],[144.129,43.685],[144.07,43.763],[144.056,43.768],[144.008,43.729],[143.943,43.724],[143.912,43.734],[143.941,43.756],[143.947,43.775],[143.969,43.765],[144.012,43.85],[144.055,43.877],[144.055,43.889],[144.074,43.889]]]]}},{"type":"Feature","properties":{"code":"0154400","name":"北海道津別町"},"geometry":{"type":"MultiPolygon","coordinates":[[[[144.086,43.75],[144.129,43.686],[144.121,43.649],[144.138,43.627],[144.171,43.624],[144.217,43.599],[144.235,43.561],[144.22,43.517],[144.198,43.525],[144.181,43.511],[144.141,43.531],[144.123,43.512],[144.082,43.514],[144.072,43.475],[144.04,43.464],[143.96,43.473],[143.941,43.49],[143.944,43.501],[143.928,43.504],[143.928,43.519],[143.898,43.531],[143.877,43.523],[143.775,43.617],[143.779,43.643],[143.832,43.656],[143.817,43.672],[143.823,43.686],[143.858,43.709],[143.898,43.705],[143.914,43.734],[143.943,43.723],[144.011,43.73],[144.056,43.768],[144.086,43.75]]]]}},{"type":"Feature","properties":{"code":"0154500","name":"北海道斜里町"},"geometry":{"type":"MultiPolygon","coordinates":[[[[145.33,44.345],[145.32,44.266],[145.278,44.221],[145.287,44.187],[145.274,44.168],[145.18,44.136],[145.113,44.058],[145.064,44.042],[145.049,44.008],[145.015,43.997],[144.996,43.968],[145.003,43.948],[144.977,43.927],[144.905,43.906],[144.878,43.877],[144.904,43.867],[144.905,43.85],[144.863,43.813],[144.859,43.786],[144.831,43.799],[144.808,43.788],[144.797,43.763],[144.723,43.762],[144.625,43.833],[144.616,43.883],[144.558,43.881],[144.554,43.921],[144.728,43.921],[144.794,43.931],[144.834,43.951],[144.848,43.973],[144.914,44.007],[144.936,44.043],[145.005,44.079],[145.015,44.1],[145.192,44.195],[145.225,44.248],[145.33,44.345]]]]}},{"type":"Feature","properties":{"code":"0154600","name":"北海道清里町"},"geometry":{"type":"MultiPolygon","coordinates":[[[[144.616,43.883],[144.624,43.834],[144.654,43.822],[144.722,43.762],[144.734,43.687],[144.64,43.625],[144.614,43.634],[144.579,43.603],[144.535,43.609],[144.515,43.653],[144.487,43.66],[144.481,43.676],[144.495,43.754],[144.513,43.759],[144.507,43.823],[144.561,43.836],[144.558,43.881],[144.616,43.883]]]]}},{"type":"Feature","properties":{"code":"0154700","name":"北海道小清水町"},"geometry":{"type":"MultiPolygon","coordinates":[[[[144.363,43.956],[144.554,43.92],[144.561,43.836],[144.509,43.823],[144.513,43.759],[144.495,43.754],[144.485,43.679],[144.441,43.698],[144.39,43.688],[144.332,43.705],[144.37,43.726],[144.391,43.799],[144.383,43.82],[144.392,43.853],[144.41,43.856],[144.433,43.917],[144.428,43.931],[144.363,43.956]]]]}},{"type":"Feature","properties":{"code":"0154900","name":"北海道訓子府町"},"geometry":{"type":"MultiPolygon","coordinates":[[[[143.796,43.783],[143.803,43.727],[143.789,43.696],[143.834,43.664],[143.823,43.647],[143.779,43.643],[143.779,43.626],[143.76,43.616],[143.74,43.619],[143.724,43.64],[143.696,43.64],[143.679,43.626],[143.617,43.642],[143.674,43.671],[143.659,43.776],[143.796,43.783]]]]}},{"type":"Feature","properties":{"code":"0155000","name":"北海道置戸町"},"geometry":{"type":"MultiPolygon","coordinates":[[[[143.66,43.758],[143.674,43.671],[143.617,43.644],[143.632,43.623],[143.617,43.606],[143.542,43.597],[143.52,43.549],[143.498,43.549],[143.464,43.508],[143.376,43.552],[143.233,43.552],[143.226,43.575],[143.174,43.595],[143.188,43.624],[143.227,43.64],[143.292,43.653],[143.352,43.638],[143.404,43.674],[143.422,43.665],[143.432,43.692],[143.525,43.706],[143.529,43.74],[143.587,43.762],[143.625,43.758],[143.659,43.776],[143.66,43.758]]]]}},{"type":"Feature","properties":{"code":"0155200","name":"北海道佐呂間町"},"geometry":{"type":"MultiPolygon","coordinates":[[[[143.936,44.103],[143.967,44.085],[143.946,44.059],[143.956,44.041],[143.93,44.014],[143.871,43.979],[143.813,43.988],[143.783,43.978],[143.769,43.952],[143.746,43.956],[143.757,43.919],[143.727,43.9],[143.717,43.878],[143.701,43.876],[143.671,43.908],[143.685,43.926],[143.652,43.921],[143.638,43.941],[143.615,43.934],[143.573,43.953],[143.589,43.97],[143.588,43.989],[143.649,43.988],[143.683,44.017],[143.713,44.008],[143.747,44.093],[143.742,44.121],[143.775,44.144],[143.91,44.126],[143.936,44.103]]]]}},{"type":"Feature","properties":{"code":"0155500","name":"北海道遠軽町"},"geometry":{"type":"MultiPolygon","coordinates":[[[[143.398,44.107],[143.492,44.077],[143.497,44.09],[143.508,44.08],[143.542,44.097],[143.582,44.088],[143.56,44.025],[143.565,43.997],[143.59,43.984],[143.571,43.958],[143.591,43.939],[143.587,43.898],[143.567,43.876],[143.573,43.845],[143.529,43.835],[143.529,43.822],[143.511,43.813],[143.377,43.798],[143.336,43.766],[143.289,43.764],[143.251,43.739],[143.253,43.71],[143.226,43.697],[143.171,43.708],[143.178,43.737],[143.155,43.763],[143.08,43.738],[143.008,43.759],[143.013,43.797],[143.046,43.812],[143.011,43.826],[143.018,43.846],[143.009,43.859],[143.021,43.864],[143.019,43.886],[143.108,43.961],[143.092,43.983],[143.096,43.996],[143.126,44.003],[143.163,43.992],[143.177,44.013],[143.255,44.041],[143.302,44.031],[143.376,44.109],[143.398,44.107]]]]}},{"type":"Feature","properties":{"code":"0155900","name":"北海道湧別町"},"geometry":{"type":"MultiPolygon","coordinates":[[[[143.568,44.249],[143.776,44.183],[143.776,44.144],[143.742,44.12],[143.746,44.094],[143.713,44.007],[143.683,44.017],[143.643,43.987],[143.569,43.995],[143.56,44.025],[143.582,44.087],[143.57,44.096],[143.54,44.097],[143.508,44.08],[143.497,44.09],[143.494,44.077],[143.411,44.102],[143.414,44.15],[143.524,44.236],[143.568,44.249]]]]}},{"type":"Feature","properties":{"code":"0156000","name":"北海道滝上町"},"geometry":{"type":"MultiPolygon","coordinates":[[[[143.082,44.292],[143.155,44.23],[143.194,44.225],[143.198,44.203],[143.134,44.135],[143.152,44.092],[143.124,44.059],[143.135,44.043],[143.125,44.004],[143.092,43.987],[143.107,43.959],[143.062,43.914],[143.037,43.928],[143.012,43.922],[142.982,43.944],[142.892,43.924],[142.892,43.943],[142.88,43.948],[142.902,43.989],[142.899,44.008],[142.874,44.02],[142.867,44.04],[142.879,44.051],[142.861,44.069],[142.87,44.084],[142.857,44.09],[142.86,44.108],[142.838,44.15],[142.882,44.166],[142.865,44.218],[142.905,44.229],[142.919,44.216],[142.963,44.219],[142.99,44.235],[142.999,44.263],[143.082,44.292]]]]}},{"type":"Feature","properties":{"code":"0156100","name":"北海道興部町"},"geometry":{"type":"MultiPolygon","coordinates":[[[[143.131,44.482],[143.223,44.442],[143.233,44.423],[143.275,44.401],[143.275,44.384],[143.243,44.351],[143.12,44.313],[143.105,44.288],[143.065,44.289],[143.036,44.315],[143.026,44.341],[143.032,44.372],[143.011,44.398],[142.934,44.385],[142.891,44.398],[142.856,44.43],[142.863,44.441],[142.893,44.442],[142.915,44.468],[142.93,44.447],[142.99,44.443],[143.022,44.46],[143.048,44.452],[143.085,44.473],[143.1,44.497],[143.131,44.482]]]]}},{"type":"Feature","properties":{"code":"0156200","name":"北海道西興部村"},"geometry":{"type":"MultiPolygon","coordinates":[[[[142.855,44.439],[142.888,44.4],[142.933,44.385],[143.011,44.398],[143.032,44.373],[143.027,44.331],[143.064,44.289],[142.995,44.26],[142.99,44.234],[142.963,44.219],[142.918,44.215],[142.907,44.229],[142.87,44.232],[142.858,44.257],[142.826,44.272],[142.824,44.328],[142.803,44.332],[142.829,44.379],[142.82,44.42],[142.855,44.439]]]]}},{"type":"Feature","properties":{"code":"0156300","name":"北海道雄武町"},"geometry":{"type":"MultiPolygon","coordinates":[[[[142.876,44.661],[142.928,44.628],[142.99,44.56],[143.046,44.529],[143.063,44.532],[143.063,44.519],[143.1,44.498],[143.095,44.482],[143.045,44.451],[143.023,44.461],[142.992,44.443],[142.93,44.447],[142.915,44.468],[142.895,44.442],[142.875,44.437],[142.848,44.439],[142.847,44.46],[142.721,44.461],[142.712,44.486],[142.651,44.438],[142.584,44.434],[142.601,44.486],[142.646,44.53],[142.633,44.543],[142.657,44.576],[142.648,44.59],[142.688,44.604],[142.684,44.616],[142.702,44.63],[142.792,44.64],[142.841,44.686],[142.876,44.661]]]]}},{"type":"Feature","properties":{"code":"0156400","name":"北海道大空町"},"geometry":{"type":"MultiPolygon","coordinates":[[[[144.205,43.953],[144.262,43.87],[144.304,43.873],[144.301,43.894],[144.378,43.871],[144.382,43.845],[144.367,43.841],[144.365,43.826],[144.384,43.79],[144.375,43.777],[144.388,43.782],[144.367,43.723],[144.332,43.707],[144.269,43.71],[144.25,43.74],[144.236,43.799],[144.219,43.802],[144.216,43.823],[144.185,43.845],[144.19,43.856],[144.132,43.874],[144.097,43.857],[144.084,43.885],[144.047,43.894],[144.091,43.944],[144.126,43.933],[144.173,43.968],[144.205,43.953]]]]}},{"type":"Feature","properties":{"code":"0157100","name":"北海道豊浦町"},"geometry":{"type":"MultiPolygon","coordinates":[[[[140.709,42.717],[140.745,42.714],[140.763,42.698],[140.755,42.652],[140.729,42.636],[140.762,42.601],[140.745,42.582],[140.726,42.572],[140.696,42.586],[140.646,42.587],[140.583,42.567],[140.538,42.587],[140.545,42.607],[140.533,42.616],[140.577,42.666],[140.562,42.716],[140.602,42.707],[140.709,42.717]]]]}},{"type":"Feature","properties":{"code":"0157500","name":"北海道壮瞥町"},"geometry":{"type":"MultiPolygon","coordinates":[[[[140.93,42.646],[140.962,42.644],[141.025,42.611],[141.028,42.592],[141.068,42.594],[141.088,42.561],[141.066,42.546],[141.069,42.53],[140.976,42.504],[140.942,42.543],[140.875,42.532],[140.826,42.542],[140.843,42.603],[140.907,42.623],[140.914,42.643],[140.93,42.646]]]]}},{"type":"Feature","properties":{"code":"0157800","name":"北海道白老町"},"geometry":{"type":"MultiPolygon","coordinates":[[[[141.27,42.704],[141.311,42.685],[141.36,42.682],[141.342,42.672],[141.345,42.634],[141.425,42.58],[141.187,42.448],[141.162,42.497],[141.17,42.515],[141.124,42.523],[141.122,42.541],[141.086,42.554],[141.086,42.584],[141.114,42.612],[141.149,42.625],[141.143,42.636],[141.162,42.665],[141.21,42.701],[141.243,42.698],[141.258,42.714],[141.27,42.704]]]]}},{"type":"Feature","properties":{"code":"0158100","name":"北海道厚真町"},"geometry":{"type":"MultiPolygon","coordinates":[[[[142.068,42.873],[142.105,42.852],[142.112,42.813],[142.043,42.724],[141.998,42.7],[141.998,42.642],[141.932,42.641],[141.924,42.618],[141.893,42.607],[141.877,42.587],[141.816,42.602],[141.818,42.613],[141.799,42.602],[141.814,42.624],[141.813,42.666],[141.83,42.674],[141.824,42.717],[141.848,42.731],[141.862,42.767],[141.918,42.812],[141.93,42.838],[141.954,42.854],[141.982,42.838],[142.068,42.873]]]]}},{"type":"Feature","properties":{"code":"0158400","name":"北海道洞爺湖町"},"geometry":{"type":"MultiPolygon","coordinates":[[[[140.858,42.699],[140.945,42.684],[140.971,42.66],[140.958,42.641],[140.918,42.645],[140.907,42.623],[140.843,42.604],[140.826,42.543],[140.772,42.521],[140.769,42.542],[140.726,42.572],[140.762,42.601],[140.729,42.637],[140.757,42.662],[140.777,42.661],[140.858,42.699]]]]}},{"type":"Feature","properties":{"code":"0158500","name":"北海道安平町"},"geometry":{"type":"MultiPolygon","coordinates":[[[[141.88,42.913],[141.937,42.883],[141.954,42.855],[141.862,42.767],[141.848,42.731],[141.824,42.717],[141.825,42.701],[141.795,42.697],[141.737,42.746],[141.743,42.788],[141.773,42.81],[141.765,42.832],[141.789,42.84],[141.791,42.875],[141.807,42.893],[141.87,42.922],[141.88,42.913]]]]}},{"type":"Feature","properties":{"code":"0158600","name":"北海道むかわ町"},"geometry":{"type":"MultiPolygon","coordinates":[[[[142.275,42.985],[142.284,42.968],[142.273,42.95],[142.301,42.941],[142.334,42.907],[142.313,42.882],[142.299,42.774],[142.243,42.742],[142.22,42.745],[142.212,42.724],[142.189,42.72],[142.186,42.702],[142.138,42.654],[142.121,42.595],[142.011,42.541],[141.981,42.544],[141.968,42.529],[141.878,42.586],[141.893,42.607],[141.924,42.618],[141.931,42.641],[141.997,42.641],[141.997,42.7],[142.043,42.724],[142.112,42.812],[142.105,42.852],[142.081,42.868],[142.107,42.893],[142.111,42.915],[142.145,42.926],[142.144,42.949],[142.177,42.959],[142.201,42.952],[142.238,42.974],[142.256,42.967],[142.275,42.985]]]]}},{"type":"Feature","properties":{"code":"0160200","name":"北海道平取町"},"geometry":{"type":"MultiPolygon","coordinates":[[[[142.362,42.891],[142.378,42.886],[142.378,42.862],[142.402,42.843],[142.384,42.79],[142.484,42.773],[142.508,42.783],[142.513,42.799],[142.568,42.816],[142.583,42.792],[142.636,42.772],[142.644,42.755],[142.686,42.751],[142.692,42.727],[142.678,42.718],[142.593,42.738],[142.572,42.728],[142.545,42.691],[142.545,42.639],[142.495,42.634],[142.473,42.614],[142.436,42.624],[142.338,42.615],[142.312,42.618],[142.297,42.636],[142.273,42.621],[142.258,42.631],[142.113,42.523],[142.051,42.542],[142.059,42.55],[142.047,42.56],[142.06,42.572],[142.122,42.596],[142.138,42.654],[142.185,42.701],[142.19,42.72],[142.212,42.724],[142.221,42.745],[142.241,42.743],[142.299,42.773],[142.314,42.882],[142.362,42.891]]]]}},{"type":"Feature","properties":{"code":"0160400","name":"北海道新冠町"},"geometry":{"type":"MultiPolygon","coordinates":[[[[142.704,42.737],[142.756,42.722],[142.763,42.682],[142.752,42.665],[142.691,42.659],[142.62,42.606],[142.569,42.598],[142.556,42.555],[142.566,42.52],[142.551,42.498],[142.504,42.478],[142.475,42.438],[142.421,42.397],[142.334,42.345],[142.225,42.418],[142.298,42.458],[142.305,42.501],[142.334,42.522],[142.334,42.546],[142.387,42.543],[142.41,42.565],[142.455,42.574],[142.467,42.594],[142.504,42.599],[142.485,42.622],[142.496,42.634],[142.545,42.64],[142.545,42.69],[142.572,42.728],[142.608,42.737],[142.617,42.725],[142.68,42.718],[142.704,42.737]]]]}},{"type":"Feature","properties":{"code":"0160700","name":"北海道浦河町"},"geometry":{"type":"MultiPolygon","coordinates":[[[[142.892,42.452],[142.906,42.429],[142.947,42.427],[143.056,42.309],[143.112,42.28],[143.116,42.259],[143.075,42.243],[143.063,42.226],[143.026,42.23],[142.932,42.207],[142.893,42.183],[142.86,42.136],[142.815,42.142],[142.756,42.165],[142.773,42.162],[142.759,42.175],[142.658,42.199],[142.653,42.218],[142.733,42.261],[142.768,42.314],[142.77,42.351],[142.793,42.38],[142.778,42.431],[142.866,42.452],[142.88,42.467],[142.892,42.452]]]]}},{"type":"Feature","properties":{"code":"0160800","name":"北海道様似町"},"geometry":{"type":"MultiPolygon","coordinates":[[[[143.126,42.258],[143.186,42.219],[143.198,42.192],[143.175,42.18],[143.189,42.137],[143.171,42.121],[143.203,42.105],[143.197,42.091],[143.19,42.101],[143.164,42.078],[143.094,42.078],[143.064,42.061],[143.01,42.081],[142.961,42.12],[142.864,42.136],[142.893,42.183],[142.933,42.207],[143.026,42.23],[143.063,42.226],[143.075,42.243],[143.126,42.258]]]]}},{"type":"Feature","properties":{"code":"0160900","name":"北海道えりも町"},"geometry":{"type":"MultiPolygon","coordinates":[[[[143.2,42.19],[143.269,42.161],[143.295,42.168],[143.326,42.152],[143.31,42.048],[143.256,41.998],[143.241,41.949],[143.248,41.925],[143.164,41.983],[143.135,42.027],[143.069,42.06],[143.094,42.078],[143.165,42.078],[143.189,42.101],[143.197,42.091],[143.203,42.104],[143.172,42.119],[143.19,42.138],[143.172,42.171],[143.2,42.19]]]]}},{"type":"Feature","properties":{"code":"0161000","name":"北海道新ひだか町"},"geometry":{"type":"MultiPolygon","coordinates":[[[[142.74,42.666],[142.756,42.657],[142.769,42.623],[142.794,42.615],[142.828,42.55],[142.863,42.542],[142.856,42.513],[142.891,42.488],[142.866,42.452],[142.779,42.432],[142.793,42.379],[142.77,42.351],[142.767,42.313],[142.732,42.26],[142.683,42.24],[142.649,42.209],[142.583,42.244],[142.484,42.269],[142.449,42.302],[142.407,42.309],[142.335,42.345],[142.474,42.436],[142.506,42.48],[142.551,42.498],[142.566,42.52],[142.556,42.554],[142.569,42.598],[142.621,42.607],[142.674,42.653],[142.74,42.666]]]]}},{"type":"Feature","properties":{"code":"0163100","name":"北海道音更町"},"geometry":{"type":"MultiPolygon","coordinates":[[[[143.128,43.157],[143.213,43.14],[143.204,43.088],[143.241,43.084],[143.25,43.124],[143.325,43.114],[143.324,43.087],[143.343,43.08],[143.341,43.06],[143.375,42.992],[143.369,42.972],[143.326,42.963],[143.309,42.925],[143.279,42.936],[143.202,42.935],[143.183,42.949],[143.15,42.945],[143.102,42.999],[143.071,43.011],[143.063,43.062],[143.041,43.07],[143.075,43.166],[143.128,43.157]]]]}},{"type":"Feature","properties":{"code":"0163200","name":"北海道士幌町"},"geometry":{"type":"MultiPolygon","coordinates":[[[[143.355,43.202],[143.391,43.188],[143.39,43.142],[143.416,43.115],[143.387,43.086],[143.332,43.081],[143.324,43.115],[143.25,43.123],[143.241,43.084],[143.22,43.085],[143.202,43.092],[143.212,43.141],[143.133,43.164],[143.1,43.241],[143.103,43.25],[143.355,43.202]]]]}},{"type":"Feature","properties":{"code":"0163300","name":"北海道上士幌町"},"geometry":{"type":"MultiPolygon","coordinates":[[[[143.147,43.595],[143.227,43.573],[143.239,43.5],[143.212,43.45],[143.237,43.43],[143.238,43.386],[143.283,43.371],[143.32,43.329],[143.313,43.314],[143.382,43.306],[143.411,43.288],[143.407,43.216],[143.392,43.188],[143.103,43.25],[143.12,43.302],[143.143,43.329],[143.096,43.386],[143.033,43.396],[143.026,43.427],[143.045,43.473],[143.009,43.52],[143.037,43.562],[143.06,43.555],[143.147,43.595]]]]}},{"type":"Feature","properties":{"code":"0163400","name":"北海道鹿追町"},"geometry":{"type":"MultiPolygon","coordinates":[[[[143.034,43.395],[143.096,43.386],[143.143,43.329],[143.12,43.303],[143.1,43.24],[143.122,43.198],[143.118,43.18],[143.15,43.153],[143.075,43.166],[143.04,43.07],[143.063,43.062],[143.07,43.011],[142.954,43.08],[142.932,43.104],[142.923,43.152],[142.953,43.199],[142.97,43.2],[142.966,43.219],[142.989,43.234],[142.972,43.251],[142.976,43.287],[143.012,43.328],[143.001,43.35],[143.007,43.376],[143.034,43.395]]]]}},{"type":"Feature","properties":{"code":"0163500","name":"北海道新得町"},"geometry":{"type":"MultiPolygon","coordinates":[[[[142.88,43.569],[142.91,43.563],[142.958,43.526],[142.977,43.539],[143.014,43.528],[143.01,43.516],[143.045,43.473],[143.026,43.427],[143.032,43.398],[143.007,43.376],[143.001,43.35],[143.012,43.329],[142.975,43.286],[142.972,43.251],[142.989,43.234],[142.967,43.22],[142.969,43.199],[142.953,43.199],[142.949,43.179],[142.926,43.162],[142.919,43.094],[142.887,43.088],[142.896,43.07],[142.856,43.062],[142.858,43.038],[142.755,43.013],[142.747,43.058],[142.727,43.077],[142.743,43.087],[142.746,43.115],[142.765,43.125],[142.765,43.163],[142.779,43.174],[142.736,43.219],[142.734,43.249],[142.747,43.265],[142.735,43.297],[142.748,43.34],[142.769,43.347],[142.761,43.357],[142.72,43.36],[142.672,43.404],[142.711,43.433],[142.714,43.451],[142.813,43.514],[142.808,43.529],[142.851,43.529],[142.861,43.565],[142.88,43.569]]]]}},{"type":"Feature","properties":{"code":"0163600","name":"北海道清水町"},"geometry":{"type":"MultiPolygon","coordinates":[[[[142.928,43.118],[142.959,43.076],[143.021,43.034],[143.024,43.013],[142.995,43.01],[143.001,42.963],[142.96,42.959],[142.999,42.929],[142.945,42.922],[142.964,42.923],[142.951,42.911],[142.962,42.907],[142.923,42.88],[142.944,42.86],[142.929,42.839],[142.843,42.853],[142.806,42.874],[142.77,42.873],[142.757,42.897],[142.778,42.926],[142.75,42.964],[142.764,42.989],[142.741,43.005],[142.814,43.035],[142.858,43.038],[142.856,43.061],[142.895,43.07],[142.886,43.088],[142.92,43.093],[142.916,43.118],[142.928,43.118]]]]}},{"type":"Feature","properties":{"code":"0163700","name":"北海道芽室町"},"geometry":{"type":"MultiPolygon","coordinates":[[[[143.034,43.029],[143.095,43.004],[143.147,42.952],[143.13,42.952],[143.109,42.93],[143.114,42.895],[143.147,42.892],[143.073,42.808],[142.997,42.779],[142.936,42.722],[142.898,42.74],[142.893,42.754],[142.717,42.78],[142.738,42.842],[142.798,42.873],[142.843,42.853],[142.929,42.839],[142.945,42.86],[142.924,42.882],[142.962,42.906],[142.951,42.91],[142.964,42.923],[142.946,42.923],[142.999,42.929],[142.96,42.959],[143.001,42.963],[142.995,43.01],[143.024,43.013],[143.021,43.033],[143.034,43.029]]]]}},{"type":"Feature","properties":{"code":"0163800","name":"北海道中札内村"},"geometry":{"type":"MultiPolygon","coordinates":[[[[143.196,42.722],[143.19,42.699],[143.099,42.593],[142.951,42.579],[142.927,42.561],[142.866,42.577],[142.816,42.574],[142.793,42.616],[142.769,42.623],[142.752,42.66],[142.779,42.69],[142.859,42.695],[142.87,42.684],[142.86,42.642],[142.87,42.633],[142.901,42.615],[142.92,42.627],[142.962,42.619],[143.031,42.637],[143.102,42.731],[143.196,42.722]]]]}},{"type":"Feature","properties":{"code":"0163900","name":"北海道更別村"},"geometry":{"type":"MultiPolygon","coordinates":[[[[143.272,42.721],[143.285,42.718],[143.262,42.641],[143.302,42.631],[143.295,42.593],[143.229,42.57],[143.041,42.588],[143.1,42.594],[143.183,42.696],[143.206,42.708],[143.239,42.702],[143.248,42.725],[143.272,42.721]]]]}},{"type":"Feature","properties":{"code":"0164100","name":"北海道大樹町"},"geometry":{"type":"MultiPolygon","coordinates":[[[[143.412,42.677],[143.44,42.665],[143.464,42.632],[143.483,42.635],[143.48,42.621],[143.519,42.6],[143.524,42.574],[143.389,42.416],[143.294,42.448],[143.207,42.442],[143.134,42.42],[143.063,42.428],[142.991,42.373],[142.946,42.428],[142.906,42.429],[142.883,42.464],[142.889,42.494],[142.856,42.513],[142.863,42.542],[142.827,42.55],[142.825,42.57],[142.848,42.578],[142.926,42.56],[142.951,42.579],[143.003,42.578],[143.023,42.591],[143.055,42.579],[143.222,42.571],[143.224,42.552],[143.242,42.545],[143.299,42.528],[143.338,42.541],[143.369,42.53],[143.378,42.509],[143.397,42.513],[143.453,42.528],[143.411,42.561],[143.407,42.59],[143.372,42.593],[143.364,42.61],[143.371,42.648],[143.39,42.648],[143.412,42.677]]]]}},{"type":"Feature","properties":{"code":"0164200","name":"北海道広尾町"},"geometry":{"type":"MultiPolygon","coordinates":[[[[143.295,42.446],[143.388,42.418],[143.326,42.313],[143.34,42.301],[143.328,42.307],[143.32,42.289],[143.348,42.303],[143.326,42.291],[143.309,42.257],[143.32,42.21],[143.336,42.202],[143.324,42.16],[143.294,42.169],[143.27,42.161],[143.201,42.19],[143.186,42.219],[143.159,42.228],[143.149,42.252],[143.117,42.261],[143.107,42.285],[143.077,42.291],[143.0,42.371],[143.033,42.399],[143.033,42.415],[143.064,42.428],[143.132,42.42],[143.206,42.442],[143.295,42.446]]]]}},{"type":"Feature","properties":{"code":"0164300","name":"北海道幕別町"},"geometry":{"type":"MultiPolygon","coordinates":[[[[143.377,42.941],[143.443,42.874],[143.39,42.87],[143.397,42.817],[143.351,42.782],[143.35,42.737],[143.328,42.691],[143.338,42.657],[143.369,42.646],[143.37,42.595],[143.407,42.589],[143.412,42.56],[143.452,42.528],[143.378,42.509],[143.369,42.53],[143.339,42.541],[143.3,42.529],[143.225,42.552],[143.224,42.573],[143.295,42.593],[143.304,42.628],[143.262,42.64],[143.285,42.719],[143.249,42.726],[143.268,42.762],[143.234,42.77],[143.246,42.791],[143.204,42.82],[143.226,42.872],[143.215,42.897],[143.24,42.933],[143.308,42.925],[143.333,42.94],[143.377,42.941]]]]}},{"type":"Feature","properties":{"code":"0164400","name":"北海道池田町"},"geometry":{"type":"MultiPolygon","coordinates":[[[[143.444,43.1],[143.51,43.057],[143.557,43.076],[143.565,43.05],[143.59,43.033],[143.574,43.002],[143.583,42.976],[143.565,42.965],[143.578,42.928],[143.551,42.894],[143.443,42.874],[143.375,42.942],[143.321,42.938],[143.326,42.963],[143.366,42.97],[143.375,42.992],[143.352,43.028],[143.343,43.079],[143.387,43.086],[143.415,43.115],[143.444,43.1]]]]}},{"type":"Feature","properties":{"code":"0164500","name":"北海道豊頃町"},"geometry":{"type":"MultiPolygon","coordinates":[[[[143.555,42.887],[143.585,42.869],[143.559,42.846],[143.596,42.802],[143.588,42.749],[143.606,42.701],[143.691,42.713],[143.642,42.676],[143.647,42.667],[143.631,42.669],[143.525,42.574],[143.521,42.6],[143.48,42.622],[143.484,42.634],[143.464,42.632],[143.445,42.647],[143.439,42.666],[143.41,42.677],[143.391,42.648],[143.369,42.645],[143.337,42.658],[143.328,42.691],[143.35,42.737],[143.351,42.782],[143.396,42.818],[143.39,42.87],[143.555,42.887]]]]}},{"type":"Feature","properties":{"code":"0164600","name":"北海道本別町"},"geometry":{"type":"MultiPolygon","coordinates":[[[[143.485,43.237],[143.525,43.228],[143.538,43.236],[143.569,43.189],[143.66,43.24],[143.715,43.201],[143.774,43.212],[143.794,43.2],[143.778,43.187],[143.782,43.168],[143.696,43.15],[143.511,43.057],[143.406,43.119],[143.39,43.142],[143.389,43.183],[143.411,43.245],[143.485,43.237]]]]}},{"type":"Feature","properties":{"code":"0164700","name":"北海道足寄町"},"geometry":{"type":"MultiPolygon","coordinates":[[[[143.268,43.556],[143.404,43.544],[143.463,43.508],[143.456,43.448],[143.545,43.46],[143.581,43.45],[143.612,43.469],[143.677,43.438],[143.728,43.444],[143.703,43.394],[143.661,43.376],[143.681,43.349],[143.713,43.349],[143.784,43.388],[143.808,43.416],[143.802,43.425],[143.824,43.453],[143.817,43.47],[143.834,43.478],[143.833,43.496],[143.892,43.475],[143.95,43.486],[143.997,43.465],[144.004,43.436],[144.028,43.427],[144.027,43.392],[143.911,43.335],[143.845,43.284],[143.822,43.289],[143.827,43.262],[143.8,43.248],[143.792,43.203],[143.774,43.212],[143.716,43.201],[143.66,43.24],[143.57,43.189],[143.537,43.236],[143.526,43.228],[143.402,43.245],[143.411,43.288],[143.384,43.306],[143.314,43.314],[143.319,43.331],[143.283,43.371],[143.237,43.386],[143.237,43.429],[143.212,43.449],[143.239,43.499],[143.227,43.533],[143.237,43.552],[143.268,43.556]]]]}},{"type":"Feature","properties":{"code":"0164800","name":"北海道陸別町"},"geometry":{"type":"MultiPolygon","coordinates":[[[[143.728,43.637],[143.743,43.618],[143.775,43.622],[143.792,43.591],[143.821,43.579],[143.837,43.55],[143.878,43.523],[143.897,43.531],[143.928,43.519],[143.948,43.485],[143.893,43.475],[143.832,43.496],[143.835,43.479],[143.817,43.471],[143.826,43.46],[143.802,43.426],[143.802,43.407],[143.748,43.375],[143.747,43.364],[143.697,43.346],[143.662,43.362],[143.661,43.376],[143.703,43.394],[143.728,43.444],[143.677,43.438],[143.612,43.469],[143.581,43.45],[143.546,43.46],[143.456,43.448],[143.472,43.529],[143.499,43.55],[143.519,43.548],[143.544,43.598],[143.617,43.606],[143.632,43.621],[143.627,43.638],[143.679,43.626],[143.696,43.64],[143.728,43.637]]]]}},{"type":"Feature","properties":{"code":"0164900","name":"北海道浦幌町"},"geometry":{"type":"MultiPolygon","coordinates":[[[[143.745,43.164],[143.768,43.163],[143.774,43.15],[143.753,43.119],[143.756,43.083],[143.711,43.044],[143.704,43.003],[143.767,42.96],[143.761,42.939],[143.777,42.896],[143.869,42.842],[143.825,42.8],[143.819,42.806],[143.692,42.714],[143.61,42.699],[143.588,42.749],[143.596,42.802],[143.559,42.846],[143.585,42.869],[143.549,42.896],[143.578,42.927],[143.565,42.966],[143.582,42.977],[143.575,43.002],[143.591,43.027],[143.558,43.067],[143.573,43.09],[143.745,43.164]]]]}},{"type":"Feature","properties":{"code":"0166100","name":"北海道釧路町"},"geometry":{"type":"MultiPolygon","coordinates":[[[[144.492,43.118],[144.542,43.105],[144.558,43.054],[144.55,43.034],[144.576,43.019],[144.57,42.999],[144.582,42.983],[144.646,42.977],[144.716,42.991],[144.727,43.003],[144.723,42.975],[144.785,42.936],[144.717,42.933],[144.63,42.951],[144.486,42.94],[144.481,42.962],[144.441,42.995],[144.399,43.002],[144.426,43.026],[144.418,43.045],[144.427,43.047],[144.397,43.081],[144.404,43.109],[144.492,43.118]]]]}},{"type":"Feature","properties":{"code":"0166200","name":"北海道厚岸町"},"geometry":{"type":"MultiPolygon","coordinates":[[[[144.671,43.351],[144.702,43.342],[144.727,43.317],[144.828,43.297],[144.911,43.257],[144.915,43.24],[144.951,43.212],[144.925,43.17],[145.008,43.124],[144.984,43.103],[144.991,43.078],[144.966,43.06],[144.994,43.022],[144.996,42.994],[144.963,42.98],[144.93,42.99],[144.923,42.981],[144.878,42.986],[144.854,43.012],[144.834,43.014],[144.831,43.036],[144.854,43.049],[144.811,43.059],[144.777,43.051],[144.716,42.992],[144.647,42.977],[144.574,42.99],[144.58,43.036],[144.6,43.054],[144.633,43.059],[144.658,43.103],[144.679,43.103],[144.66,43.15],[144.676,43.153],[144.678,43.138],[144.714,43.16],[144.715,43.147],[144.752,43.188],[144.817,43.172],[144.801,43.197],[144.754,43.215],[144.749,43.27],[144.696,43.287],[144.671,43.32],[144.671,43.351]]]]}},{"type":"Feature","properties":{"code":"0166300","name":"北海道浜中町"},"geometry":{"type":"MultiPolygon","coordinates":[[[[145.183,43.258],[145.196,43.257],[145.226,43.206],[145.269,43.227],[145.314,43.202],[145.326,43.174],[145.257,43.161],[145.217,43.139],[145.167,43.15],[145.123,43.133],[145.111,43.112],[145.117,43.082],[145.172,43.077],[145.125,43.067],[145.125,43.077],[145.1,43.078],[145.085,43.045],[145.032,43.03],[145.024,42.999],[144.997,42.993],[144.995,43.022],[144.966,43.06],[144.992,43.079],[144.984,43.104],[145.008,43.124],[144.925,43.169],[144.952,43.211],[144.914,43.243],[144.948,43.248],[145.022,43.216],[145.065,43.244],[145.126,43.234],[145.183,43.258]]]]}},{"type":"Feature","properties":{"code":"0166400","name":"北海道標茶町"},"geometry":{"type":"MultiPolygon","coordinates":[[[[144.586,43.577],[144.669,43.547],[144.744,43.487],[144.679,43.442],[144.652,43.447],[144.639,43.418],[144.663,43.381],[144.672,43.319],[144.695,43.288],[144.748,43.27],[144.76,43.231],[144.75,43.22],[144.802,43.197],[144.817,43.172],[144.753,43.188],[144.731,43.177],[144.715,43.148],[144.714,43.16],[144.678,43.138],[144.675,43.154],[144.66,43.151],[144.679,43.103],[144.657,43.102],[144.633,43.059],[144.6,43.054],[144.558,43.022],[144.541,43.105],[144.491,43.118],[144.404,43.109],[144.447,43.143],[144.45,43.159],[144.432,43.182],[144.446,43.208],[144.426,43.242],[144.373,43.276],[144.365,43.328],[144.331,43.361],[144.292,43.372],[144.305,43.391],[144.289,43.423],[144.238,43.454],[144.351,43.428],[144.378,43.396],[144.399,43.392],[144.443,43.426],[144.54,43.389],[144.533,43.41],[144.558,43.421],[144.561,43.452],[144.579,43.463],[144.571,43.502],[144.594,43.501],[144.554,43.556],[144.586,43.577]]]]}},{"type":"Feature","properties":{"code":"0166500","name":"北海道弟子屈町"},"geometry":{"type":"MultiPolygon","coordinates":[[[[144.334,43.704],[144.38,43.689],[144.44,43.698],[144.474,43.686],[144.486,43.66],[144.515,43.652],[144.53,43.612],[144.572,43.599],[144.579,43.577],[144.554,43.555],[144.595,43.501],[144.571,43.502],[144.579,43.463],[144.562,43.452],[144.559,43.421],[144.532,43.409],[144.541,43.39],[144.442,43.426],[144.399,43.392],[144.378,43.396],[144.352,43.427],[144.267,43.439],[144.229,43.466],[144.247,43.51],[144.223,43.521],[144.235,43.545],[144.217,43.59],[144.227,43.629],[144.278,43.667],[144.278,43.684],[144.334,43.704]]]]}},{"type":"Feature","properties":{"code":"0166700","name":"北海道鶴居村"},"geometry":{"type":"MultiPolygon","coordinates":[[[[144.248,43.445],[144.289,43.423],[144.305,43.392],[144.294,43.37],[144.335,43.359],[144.365,43.328],[144.373,43.276],[144.426,43.242],[144.447,43.207],[144.432,43.183],[144.451,43.152],[144.4,43.106],[144.399,43.073],[144.283,43.087],[144.22,43.225],[144.128,43.305],[144.13,43.32],[144.148,43.32],[144.143,43.335],[144.159,43.368],[144.237,43.434],[144.234,43.451],[144.248,43.445]]]]}},{"type":"Feature","properties":{"code":"0166800","name":"北海道白糠町"},"geometry":{"type":"MultiPolygon","coordinates":[[[[144.022,43.369],[144.034,43.351],[144.02,43.326],[143.96,43.266],[143.984,43.228],[143.992,43.183],[144.034,43.163],[144.037,43.136],[144.079,43.117],[144.096,43.063],[144.154,43.061],[144.168,43.042],[144.223,43.028],[144.214,43.007],[144.228,42.998],[144.006,42.921],[143.974,42.954],[143.925,42.972],[143.903,42.995],[143.899,43.011],[143.928,43.052],[143.909,43.073],[143.885,43.089],[143.82,43.099],[143.803,43.123],[143.755,43.12],[143.775,43.151],[143.768,43.163],[143.782,43.169],[143.777,43.186],[143.797,43.208],[143.79,43.219],[143.801,43.248],[143.827,43.263],[143.823,43.289],[143.846,43.285],[143.953,43.358],[144.022,43.369]]]]}},{"type":"Feature","properties":{"code":"0169100","name":"北海道別海町"},"geometry":{"type":"MultiPolygon","coordinates":[[[[145.197,43.61],[145.219,43.587],[145.222,43.559],[145.242,43.532],[145.278,43.401],[145.318,43.348],[145.391,43.294],[145.371,43.291],[145.298,43.329],[145.255,43.33],[145.259,43.292],[145.224,43.278],[145.213,43.25],[145.163,43.258],[145.124,43.233],[145.065,43.244],[145.013,43.216],[144.947,43.248],[144.917,43.244],[144.879,43.279],[144.829,43.297],[144.728,43.316],[144.702,43.342],[144.67,43.352],[144.638,43.419],[144.652,43.446],[144.68,43.443],[144.755,43.492],[144.816,43.476],[144.9,43.488],[144.935,43.461],[144.976,43.469],[145.035,43.514],[145.011,43.535],[145.14,43.565],[145.17,43.584],[145.179,43.607],[145.197,43.61]]],[[[145.247,43.615],[145.327,43.596],[145.349,43.564],[145.328,43.551],[145.285,43.551],[145.311,43.552],[145.286,43.561],[145.334,43.563],[145.34,43.584],[145.32,43.582],[145.335,43.59],[145.307,43.601],[145.263,43.596],[145.273,43.604],[145.242,43.592],[145.269,43.608],[145.247,43.615]]]]}},{"type":"Feature","properties":{"code":"0169200","name":"北海道中標津町"},"geometry":{"type":"MultiPolygon","coordinates":[[[[144.83,43.7],[145.02,43.626],[145.078,43.636],[145.061,43.606],[145.113,43.563],[145.01,43.535],[145.035,43.514],[145.028,43.503],[144.976,43.469],[144.935,43.462],[144.901,43.488],[144.816,43.476],[144.745,43.486],[144.669,43.547],[144.575,43.584],[144.571,43.6],[144.614,43.634],[144.642,43.625],[144.706,43.66],[144.718,43.679],[144.776,43.701],[144.83,43.7]]]]}},{"type":"Feature","properties":{"code":"0169300","name":"北海道標津町"},"geometry":{"type":"MultiPolygon","coordinates":[[[[144.953,43.901],[145.033,43.865],[145.098,43.861],[145.083,43.821],[145.061,43.806],[145.069,43.748],[145.138,43.666],[145.129,43.67],[145.14,43.649],[145.244,43.614],[145.197,43.623],[145.201,43.61],[145.18,43.607],[145.169,43.584],[145.115,43.563],[145.061,43.605],[145.08,43.636],[145.02,43.626],[144.829,43.702],[144.775,43.701],[144.734,43.684],[144.722,43.761],[144.796,43.763],[144.808,43.787],[144.83,43.799],[144.86,43.787],[144.864,43.813],[144.905,43.851],[144.905,43.867],[144.878,43.876],[144.953,43.901]]]]}},{"type":"Feature","properties":{"code":"0169400","name":"北海道羅臼町"},"geometry":{"type":"MultiPolygon","coordinates":[[[[145.342,44.34],[145.349,44.294],[145.368,44.271],[145.348,44.223],[145.329,44.191],[145.26,44.133],[145.229,44.045],[145.142,43.969],[145.094,43.891],[145.099,43.861],[145.027,43.866],[144.952,43.902],[144.878,43.877],[144.924,43.919],[144.965,43.922],[145.003,43.947],[144.996,43.967],[145.015,43.997],[145.049,44.008],[145.064,44.042],[145.113,44.058],[145.181,44.137],[145.274,44.168],[145.288,44.185],[145.277,44.22],[145.32,44.267],[145.326,44.326],[145.342,44.34]]]]}},{"type":"Feature","properties":{"code":"0220100","name":"青森県青森市"},"geometry":{"type":"MultiPolygon","coordinates":[[[[140.563,40.97],[140.615,40.948],[140.66,40.949],[140.687,40.868],[140.733,40.831],[140.741,40.835],[140.735,40.83],[140.804,40.841],[140.86,40.888],[140.857,40.904],[140.89,40.896],[140.932,40.843],[140.958,40.83],[140.955,40.819],[140.981,40.805],[140.955,40.766],[140.918,40.761],[140.902,40.743],[140.91,40.729],[140.953,40.719],[140.978,40.698],[140.955,40.647],[140.879,40.657],[140.876,40.614],[140.845,40.606],[140.766,40.666],[140.669,40.657],[140.635,40.689],[140.6,40.692],[140.559,40.688],[140.55,40.671],[140.547,40.7],[140.521,40.729],[140.578,40.766],[140.573,40.81],[140.592,40.868],[140.574,40.902],[140.587,40.935],[140.556,40.955],[140.563,40.97]]]]}},{"type":"Feature","properties":{"code":"0220200","name":"青森県弘前市"},"geometry":{"type":"MultiPolygon","coordinates":[[[[140.336,40.76],[140.42,40.737],[140.42,40.724],[140.468,40.681],[140.461,40.662],[140.478,40.646],[140.494,40.65],[140.51,40.612],[140.525,40.613],[140.538,40.559],[140.58,40.563],[140.598,40.543],[140.578,40.537],[140.554,40.55],[140.551,40.536],[140.542,40.546],[140.532,40.527],[140.463,40.503],[140.461,40.48],[140.407,40.475],[140.388,40.487],[140.348,40.468],[140.302,40.527],[140.31,40.567],[140.299,40.585],[140.311,40.59],[140.298,40.607],[140.258,40.613],[140.21,40.581],[140.198,40.556],[140.176,40.567],[140.161,40.559],[140.155,40.586],[140.19,40.593],[140.222,40.642],[140.28,40.655],[140.333,40.694],[140.308,40.704],[140.293,40.693],[140.287,40.72],[140.336,40.76]]]]}},{"type":"Feature","properties":{"code":"0220300","name":"青森県八戸市"},"geometry":{"type":"MultiPolygon","coordinates":[[[[141.465,40.602],[141.482,40.569],[141.527,40.558],[141.485,40.562],[141.501,40.547],[141.514,40.552],[141.505,40.54],[141.538,40.527],[141.575,40.543],[141.646,40.476],[141.605,40.463],[141.57,40.48],[141.548,40.452],[141.519,40.457],[141.521,40.403],[141.553,40.359],[141.539,40.348],[141.48,40.376],[141.442,40.376],[141.408,40.358],[141.373,40.364],[141.383,40.375],[141.364,40.379],[141.385,40.379],[141.396,40.423],[141.441,40.43],[141.453,40.447],[141.419,40.476],[141.401,40.474],[141.381,40.503],[141.365,40.495],[141.355,40.517],[141.423,40.54],[141.411,40.546],[141.424,40.547],[141.42,40.573],[141.407,40.578],[141.465,40.602]]]]}},{"type":"Feature","properties":{"code":"0220400","name":"青森県黒石市"},"geometry":{"type":"MultiPolygon","coordinates":[[[[140.603,40.692],[140.633,40.69],[140.668,40.657],[140.767,40.666],[140.844,40.606],[140.812,40.573],[140.761,40.566],[140.747,40.537],[140.709,40.538],[140.682,40.57],[140.655,40.559],[140.652,40.594],[140.573,40.638],[140.566,40.659],[140.576,40.66],[140.578,40.687],[140.603,40.692]]]]}},{"type":"Feature","properties":{"code":"0220500","name":"青森県五所川原市"},"geometry":{"type":"MultiPolygon","coordinates":[[[[140.529,40.989],[140.587,40.935],[140.574,40.901],[140.592,40.865],[140.574,40.81],[140.578,40.765],[140.524,40.729],[140.513,40.736],[140.513,40.758],[140.495,40.756],[140.487,40.769],[140.473,40.756],[140.444,40.772],[140.438,40.808],[140.422,40.808],[140.425,40.821],[140.399,40.858],[140.404,40.881],[140.428,40.899],[140.419,40.922],[140.501,40.948],[140.517,40.992],[140.529,40.989]]],[[[140.378,41.128],[140.462,41.116],[140.447,41.095],[140.452,41.079],[140.416,41.045],[140.384,41.042],[140.403,41.04],[140.412,41.017],[140.372,41.017],[140.358,40.993],[140.338,41.008],[140.319,41.0],[140.323,41.079],[140.306,41.106],[140.351,41.109],[140.378,41.128]]]]}},{"type":"Feature","properties":{"code":"0220600","name":"青森県十和田市"},"geometry":{"type":"MultiPolygon","coordinates":[[[[141.256,40.699],[141.267,40.701],[141.263,40.652],[141.283,40.646],[141.261,40.637],[141.257,40.619],[141.295,40.598],[141.286,40.588],[141.304,40.569],[141.275,40.536],[141.226,40.531],[141.184,40.495],[141.113,40.499],[141.03,40.474],[140.986,40.428],[140.893,40.423],[140.861,40.441],[140.88,40.51],[140.852,40.544],[140.866,40.573],[140.858,40.605],[140.876,40.614],[140.884,40.636],[140.877,40.657],[140.954,40.647],[140.98,40.697],[141.005,40.67],[141.046,40.665],[141.082,40.634],[141.111,40.635],[141.144,40.639],[141.154,40.65],[141.146,40.657],[141.173,40.683],[141.256,40.699]]]]}},{"type":"Feature","properties":{"code":"0220700","name":"青森県三沢市"},"geometry":{"type":"MultiPolygon","coordinates":[[[[141.399,40.845],[141.425,40.707],[141.444,40.681],[141.429,40.668],[141.379,40.664],[141.364,40.674],[141.345,40.661],[141.333,40.671],[141.34,40.688],[141.323,40.697],[141.344,40.719],[141.31,40.716],[141.349,40.721],[141.358,40.733],[141.348,40.805],[141.379,40.846],[141.382,40.884],[141.393,40.885],[141.399,40.845]]]]}},{"type":"Feature","properties":{"code":"0220800","name":"青森県むつ市"},"geometry":{"type":"MultiPolygon","coordinates":[[[[141.12,41.456],[141.193,41.387],[141.248,41.36],[141.244,41.33],[141.226,41.314],[141.253,41.3],[141.248,41.249],[141.326,41.244],[141.339,41.215],[141.323,41.154],[141.277,41.152],[141.234,41.241],[141.181,41.275],[141.188,41.279],[141.163,41.28],[141.133,41.243],[141.144,41.241],[141.159,41.262],[141.154,41.243],[141.055,41.182],[140.98,41.199],[140.946,41.174],[140.853,41.161],[140.81,41.128],[140.765,41.145],[140.765,41.197],[140.818,41.233],[140.826,41.269],[140.871,41.26],[140.835,41.302],[140.918,41.368],[140.912,41.376],[140.933,41.393],[140.945,41.426],[140.995,41.44],[141.028,41.421],[141.049,41.432],[141.051,41.446],[141.12,41.456]]]]}},{"type":"Feature","properties":{"code":"0220900","name":"青森県つがる市"},"geometry":{"type":"MultiPolygon","coordinates":[[[[140.369,41.012],[140.392,40.984],[140.38,40.942],[140.413,40.938],[140.417,40.911],[140.429,40.91],[140.399,40.857],[140.423,40.807],[140.437,40.81],[140.438,40.79],[140.415,40.777],[140.419,40.763],[140.378,40.79],[140.361,40.784],[140.374,40.774],[140.329,40.757],[140.292,40.773],[140.27,40.8],[140.25,40.8],[140.29,40.878],[140.319,40.999],[140.337,41.008],[140.357,40.993],[140.369,41.012]]]]}},{"type":"Feature","properties":{"code":"0221000","name":"青森県平川市"},"geometry":{"type":"MultiPolygon","coordinates":[[[[140.583,40.631],[140.651,40.594],[140.655,40.558],[140.681,40.57],[140.696,40.545],[140.733,40.535],[140.747,40.538],[140.761,40.567],[140.812,40.573],[140.825,40.598],[140.862,40.61],[140.864,40.559],[140.851,40.545],[140.88,40.51],[140.821,40.496],[140.804,40.449],[140.788,40.457],[140.735,40.44],[140.732,40.416],[140.699,40.429],[140.662,40.405],[140.635,40.402],[140.625,40.424],[140.59,40.436],[140.601,40.448],[140.599,40.475],[140.583,40.485],[140.598,40.493],[140.611,40.479],[140.622,40.498],[140.65,40.494],[140.678,40.509],[140.676,40.522],[140.644,40.541],[140.602,40.539],[140.58,40.563],[140.54,40.558],[140.525,40.613],[140.509,40.612],[140.527,40.628],[140.583,40.631]]]]}},{"type":"Feature","properties":{"code":"0230100","name":"青森県平内町"},"geometry":{"type":"MultiPolygon","coordinates":[[[[140.89,41.011],[140.949,40.992],[140.984,40.96],[140.972,40.935],[141.065,40.913],[141.084,40.886],[141.047,40.877],[141.045,40.851],[141.018,40.837],[141.015,40.819],[140.981,40.806],[140.955,40.818],[140.958,40.83],[140.932,40.843],[140.891,40.896],[140.859,40.904],[140.872,40.944],[140.838,40.953],[140.862,40.957],[140.861,40.973],[140.873,40.978],[140.865,40.986],[140.89,41.011]]]]}},{"type":"Feature","properties":{"code":"0230300","name":"青森県今別町"},"geometry":{"type":"MultiPolygon","coordinates":[[[[140.55,41.23],[140.593,41.217],[140.603,41.192],[140.582,41.176],[140.549,41.107],[140.498,41.103],[140.408,41.121],[140.435,41.137],[140.449,41.188],[140.49,41.186],[140.55,41.23]]]]}},{"type":"Feature","properties":{"code":"0230400","name":"青森県蓬田村"},"geometry":{"type":"MultiPolygon","coordinates":[[[[140.629,41.036],[140.647,41.029],[140.661,40.949],[140.613,40.948],[140.601,40.962],[140.549,40.97],[140.516,41.009],[140.518,41.023],[140.629,41.036]]]]}},{"type":"Feature","properties":{"code":"0230700","name":"青森県外ヶ浜町"},"geometry":{"type":"MultiPolygon","coordinates":[[[[140.594,41.216],[140.643,41.176],[140.632,41.099],[140.647,41.029],[140.619,41.036],[140.519,41.023],[140.495,41.052],[140.495,41.071],[140.456,41.103],[140.464,41.112],[140.549,41.107],[140.582,41.175],[140.603,41.191],[140.594,41.216]]],[[[140.346,41.263],[140.394,41.239],[140.449,41.188],[140.428,41.131],[140.399,41.123],[140.364,41.153],[140.376,41.199],[140.362,41.235],[140.338,41.255],[140.346,41.263]]]]}},{"type":"Feature","properties":{"code":"0232100","name":"青森県鰺ヶ沢町"},"geometry":{"type":"MultiPolygon","coordinates":[[[[140.254,40.8],[140.328,40.758],[140.288,40.727],[140.293,40.693],[140.308,40.704],[140.336,40.698],[140.279,40.656],[140.223,40.643],[140.191,40.594],[140.156,40.586],[140.163,40.55],[140.139,40.541],[140.135,40.518],[140.12,40.512],[140.152,40.468],[140.151,40.442],[140.107,40.436],[140.094,40.458],[140.068,40.469],[140.103,40.553],[140.094,40.63],[140.105,40.667],[140.167,40.73],[140.146,40.753],[140.191,40.782],[140.228,40.782],[140.235,40.798],[140.254,40.8]]]]}},{"type":"Feature","properties":{"code":"0232300","name":"青森県深浦町"},"geometry":{"type":"MultiPolygon","coordinates":[[[[140.054,40.769],[140.112,40.742],[140.16,40.748],[140.167,40.729],[140.105,40.667],[140.094,40.63],[140.104,40.556],[140.068,40.468],[140.023,40.452],[140.02,40.421],[139.996,40.435],[139.937,40.429],[139.95,40.496],[139.94,40.553],[139.919,40.586],[139.869,40.585],[139.86,40.614],[139.903,40.646],[139.928,40.642],[139.936,40.671],[139.964,40.683],[140.0,40.747],[140.054,40.769]]]]}},{"type":"Feature","properties":{"code":"0234300","name":"青森県西目屋村"},"geometry":{"type":"MultiPolygon","coordinates":[[[[140.27,40.616],[140.311,40.59],[140.299,40.585],[140.311,40.565],[140.302,40.53],[140.348,40.468],[140.339,40.441],[140.149,40.436],[140.15,40.474],[140.12,40.511],[140.136,40.519],[140.138,40.539],[140.159,40.544],[140.175,40.567],[140.197,40.556],[140.237,40.604],[140.27,40.616]]]]}},{"type":"Feature","properties":{"code":"0236100","name":"青森県藤崎町"},"geometry":{"type":"MultiPolygon","coordinates":[[[[140.526,40.718],[140.548,40.699],[140.54,40.687],[140.55,40.67],[140.559,40.688],[140.578,40.68],[140.558,40.66],[140.523,40.661],[140.516,40.645],[140.478,40.646],[140.462,40.669],[140.479,40.669],[140.475,40.679],[140.492,40.685],[140.504,40.709],[140.536,40.688],[140.521,40.693],[140.526,40.718]]]]}},{"type":"Feature","properties":{"code":"0236200","name":"青森県大鰐町"},"geometry":{"type":"MultiPolygon","coordinates":[[[[140.557,40.55],[140.578,40.537],[140.644,40.541],[140.678,40.51],[140.649,40.494],[140.622,40.498],[140.612,40.479],[140.598,40.493],[140.584,40.486],[140.598,40.477],[140.601,40.447],[140.588,40.43],[140.553,40.421],[140.567,40.399],[140.525,40.41],[140.529,40.431],[140.509,40.429],[140.478,40.453],[140.44,40.45],[140.434,40.473],[140.462,40.481],[140.463,40.503],[140.533,40.528],[140.542,40.546],[140.553,40.537],[140.557,40.55]]]]}},{"type":"Feature","properties":{"code":"0236700","name":"青森県田舎館村"},"geometry":{"type":"MultiPolygon","coordinates":[[[[140.571,40.673],[140.566,40.657],[140.58,40.631],[140.536,40.63],[140.515,40.616],[140.505,40.624],[140.498,40.642],[140.523,40.661],[140.558,40.66],[140.571,40.673]]]]}},{"type":"Feature","properties":{"code":"0238100","name":"青森県板柳町"},"geometry":{"type":"MultiPolygon","coordinates":[[[[140.506,40.76],[140.529,40.701],[140.521,40.693],[140.536,40.688],[140.503,40.709],[140.472,40.666],[140.427,40.721],[140.44,40.735],[140.467,40.725],[140.476,40.754],[140.5,40.74],[140.498,40.759],[140.506,40.76]]]]}},{"type":"Feature","properties":{"code":"0238400","name":"青森県鶴田町"},"geometry":{"type":"MultiPolygon","coordinates":[[[[140.384,40.784],[140.415,40.762],[140.417,40.779],[140.439,40.789],[140.445,40.772],[140.472,40.757],[140.49,40.768],[140.501,40.742],[140.476,40.753],[140.467,40.726],[140.441,40.735],[140.427,40.722],[140.396,40.748],[140.386,40.742],[140.34,40.759],[140.375,40.774],[140.362,40.787],[140.384,40.784]]]]}},{"type":"Feature","properties":{"code":"0238700","name":"青森県中泊町"},"geometry":{"type":"MultiPolygon","coordinates":[[[[140.456,41.105],[140.464,41.087],[140.494,41.071],[140.495,41.052],[140.519,41.029],[140.522,40.996],[140.502,40.949],[140.419,40.92],[140.413,40.938],[140.38,40.942],[140.392,40.984],[140.367,41.012],[140.392,41.023],[140.412,41.016],[140.406,41.037],[140.384,41.042],[140.415,41.045],[140.453,41.079],[140.456,41.105]]],[[[140.343,41.249],[140.376,41.2],[140.363,41.154],[140.391,41.127],[140.33,41.106],[140.249,41.124],[140.257,41.141],[140.303,41.131],[140.321,41.147],[140.336,41.188],[140.33,41.23],[140.343,41.249]]]]}},{"type":"Feature","properties":{"code":"0240100","name":"青森県野辺地町"},"geometry":{"type":"MultiPolygon","coordinates":[[[[141.241,40.972],[141.257,40.963],[141.195,40.87],[141.133,40.85],[141.132,40.834],[141.042,40.837],[141.048,40.877],[141.084,40.886],[141.113,40.871],[141.148,40.879],[141.19,40.918],[141.221,40.971],[141.241,40.972]]]]}},{"type":"Feature","properties":{"code":"0240200","name":"青森県七戸町"},"geometry":{"type":"MultiPolygon","coordinates":[[[[141.008,40.816],[141.03,40.799],[141.134,40.804],[141.187,40.784],[141.186,40.769],[141.219,40.757],[141.238,40.776],[141.253,40.775],[141.254,40.755],[141.271,40.75],[141.248,40.753],[141.239,40.732],[141.179,40.707],[141.172,40.674],[141.146,40.657],[141.154,40.65],[141.144,40.639],[141.083,40.633],[141.045,40.665],[141.004,40.671],[140.991,40.694],[140.953,40.719],[140.902,40.738],[140.911,40.757],[140.954,40.766],[140.981,40.806],[141.008,40.816]]]]}},{"type":"Feature","properties":{"code":"0240500","name":"青森県六戸町"},"geometry":{"type":"MultiPolygon","coordinates":[[[[141.324,40.699],[141.341,40.688],[141.334,40.67],[141.359,40.658],[141.363,40.643],[141.344,40.609],[141.367,40.605],[141.355,40.59],[141.38,40.587],[141.369,40.567],[141.353,40.586],[141.323,40.563],[141.304,40.568],[141.286,40.588],[141.294,40.599],[141.257,40.619],[141.262,40.636],[141.283,40.645],[141.264,40.651],[141.266,40.66],[141.324,40.699]]]]}},{"type":"Feature","properties":{"code":"0240600","name":"青森県横浜町"},"geometry":{"type":"MultiPolygon","coordinates":[[[[141.289,41.157],[141.326,41.15],[141.326,41.114],[141.352,41.102],[141.343,41.06],[141.325,41.055],[141.321,41.029],[141.274,40.994],[141.262,40.971],[141.222,40.971],[141.248,41.11],[141.289,41.157]]]]}},{"type":"Feature","properties":{"code":"0240800","name":"青森県東北町"},"geometry":{"type":"MultiPolygon","coordinates":[[[[141.25,40.924],[141.261,40.925],[141.25,40.908],[141.269,40.886],[141.27,40.846],[141.308,40.832],[141.327,40.852],[141.368,40.837],[141.348,40.805],[141.356,40.73],[141.315,40.72],[141.312,40.71],[141.343,40.72],[141.27,40.665],[141.266,40.701],[141.171,40.686],[141.179,40.706],[141.238,40.732],[141.248,40.752],[141.271,40.75],[141.255,40.755],[141.253,40.775],[141.237,40.776],[141.219,40.757],[141.185,40.768],[141.187,40.784],[141.134,40.804],[141.029,40.8],[141.007,40.817],[141.019,40.837],[141.038,40.84],[141.133,40.835],[141.133,40.85],[141.196,40.871],[141.225,40.903],[141.232,40.931],[141.25,40.924]]]]}},{"type":"Feature","properties":{"code":"0241100","name":"青森県六ヶ所村"},"geometry":{"type":"MultiPolygon","coordinates":[[[[141.395,41.132],[141.384,40.98],[141.392,40.937],[141.376,40.935],[141.399,40.926],[141.392,40.887],[141.377,40.878],[141.379,40.846],[141.369,40.839],[141.326,40.852],[141.308,40.832],[141.281,40.84],[141.249,40.909],[141.262,40.924],[141.233,40.94],[141.273,40.994],[141.321,41.029],[141.326,41.056],[141.343,41.06],[141.348,41.107],[141.395,41.132]]]]}},{"type":"Feature","properties":{"code":"0241200","name":"青森県おいらせ町"},"geometry":{"type":"MultiPolygon","coordinates":[[[[141.365,40.674],[141.378,40.664],[141.439,40.67],[141.463,40.602],[141.411,40.581],[141.356,40.589],[141.366,40.605],[141.348,40.601],[141.345,40.621],[141.364,40.644],[141.356,40.663],[141.365,40.674]]]]}},{"type":"Feature","properties":{"code":"0242300","name":"青森県大間町"},"geometry":{"type":"MultiPolygon","coordinates":[[[[140.919,41.547],[140.957,41.501],[140.951,41.447],[140.967,41.434],[140.957,41.424],[140.919,41.425],[140.882,41.468],[140.909,41.495],[140.897,41.527],[140.919,41.547]]]]}},{"type":"Feature","properties":{"code":"0242400","name":"青森県東通村"},"geometry":{"type":"MultiPolygon","coordinates":[[[[141.461,41.431],[141.46,41.381],[141.443,41.36],[141.391,41.178],[141.395,41.133],[141.362,41.108],[141.335,41.109],[141.318,41.162],[141.339,41.216],[141.327,41.244],[141.247,41.249],[141.254,41.299],[141.226,41.315],[141.245,41.331],[141.247,41.361],[141.299,41.35],[141.344,41.359],[141.403,41.383],[141.461,41.431]]]]}},{"type":"Feature","properties":{"code":"0242500","name":"青森県風間浦村"},"geometry":{"type":"MultiPolygon","coordinates":[[[[140.94,41.529],[141.002,41.486],[141.066,41.482],[141.116,41.456],[141.051,41.446],[141.049,41.431],[141.028,41.421],[141.009,41.423],[140.995,41.44],[140.962,41.436],[140.951,41.446],[140.958,41.497],[140.935,41.521],[140.94,41.529]]]]}},{"type":"Feature","properties":{"code":"0242600","name":"青森県佐井村"},"geometry":{"type":"MultiPolygon","coordinates":[[[[140.888,41.468],[140.908,41.434],[140.94,41.421],[140.933,41.394],[140.868,41.321],[140.835,41.302],[140.87,41.259],[140.826,41.269],[140.819,41.234],[140.78,41.21],[140.78,41.254],[140.802,41.293],[140.799,41.321],[140.82,41.345],[140.835,41.416],[140.888,41.468]]]]}},{"type":"Feature","properties":{"code":"0244100","name":"青森県三戸町"},"geometry":{"type":"MultiPolygon","coordinates":[[[[141.155,40.422],[141.204,40.419],[141.225,40.4],[141.286,40.397],[141.316,40.373],[141.218,40.315],[141.16,40.306],[141.182,40.333],[141.182,40.357],[141.166,40.367],[141.012,40.383],[140.982,40.407],[141.095,40.405],[141.155,40.422]]]]}},{"type":"Feature","properties":{"code":"0244200","name":"青森県五戸町"},"geometry":{"type":"MultiPolygon","coordinates":[[[[141.39,40.587],[141.421,40.571],[141.424,40.546],[141.411,40.547],[141.423,40.541],[141.355,40.517],[141.367,40.497],[141.32,40.476],[141.324,40.466],[141.286,40.443],[141.293,40.426],[141.272,40.436],[141.231,40.419],[141.223,40.43],[141.238,40.444],[141.231,40.454],[141.192,40.457],[141.177,40.49],[141.226,40.531],[141.274,40.536],[141.304,40.568],[141.328,40.565],[141.353,40.586],[141.368,40.567],[141.39,40.587]]]]}},{"type":"Feature","properties":{"code":"0244300","name":"青森県田子町"},"geometry":{"type":"MultiPolygon","coordinates":[[[[140.996,40.396],[141.053,40.376],[141.164,40.367],[141.181,40.357],[141.182,40.334],[141.154,40.301],[141.1,40.28],[141.104,40.256],[141.016,40.218],[140.98,40.22],[140.946,40.258],[140.958,40.282],[140.944,40.292],[140.968,40.337],[140.962,40.347],[140.995,40.353],[140.985,40.39],[140.996,40.396]]]]}},{"type":"Feature","properties":{"code":"0244500","name":"青森県南部町"},"geometry":{"type":"MultiPolygon","coordinates":[[[[141.382,40.5],[141.401,40.474],[141.419,40.476],[141.453,40.449],[141.441,40.43],[141.397,40.423],[141.384,40.378],[141.364,40.381],[141.384,40.374],[141.373,40.364],[141.392,40.361],[141.377,40.339],[141.351,40.331],[141.311,40.387],[141.254,40.406],[141.225,40.4],[141.212,40.414],[141.271,40.436],[141.293,40.426],[141.285,40.443],[141.324,40.465],[141.32,40.476],[141.382,40.5]]]]}},{"type":"Feature","properties":{"code":"0244600","name":"青森県階上町"},"geometry":{"type":"MultiPolygon","coordinates":[[[[141.572,40.479],[141.594,40.477],[141.605,40.463],[141.647,40.475],[141.683,40.452],[141.654,40.428],[141.587,40.407],[141.586,40.379],[141.554,40.359],[141.52,40.404],[141.519,40.456],[141.547,40.452],[141.572,40.479]]]]}},{"type":"Feature","properties":{"code":"0245000","name":"青森県新郷村"},"geometry":{"type":"MultiPolygon","coordinates":[[[[141.12,40.496],[141.185,40.495],[141.176,40.489],[141.193,40.456],[141.222,40.46],[141.237,40.444],[141.222,40.43],[141.233,40.419],[141.15,40.422],[141.041,40.401],[140.984,40.408],[140.986,40.429],[141.019,40.468],[141.12,40.496]]]]}},{"type":"Feature","properties":{"code":"0320100","name":"岩手県盛岡市"},"geometry":{"type":"MultiPolygon","coordinates":[[[[141.167,39.93],[141.189,39.925],[141.195,39.907],[141.269,39.903],[141.278,39.868],[141.295,39.859],[141.288,39.842],[141.303,39.846],[141.316,39.834],[141.363,39.853],[141.423,39.848],[141.442,39.884],[141.506,39.879],[141.524,39.808],[141.498,39.807],[141.474,39.765],[141.409,39.759],[141.395,39.729],[141.409,39.692],[141.338,39.643],[141.348,39.626],[141.431,39.584],[141.432,39.567],[141.402,39.577],[141.306,39.572],[141.286,39.607],[141.27,39.581],[141.231,39.606],[141.198,39.598],[141.178,39.631],[141.131,39.651],[141.102,39.634],[141.068,39.634],[141.043,39.66],[141.02,39.649],[140.996,39.665],[141.029,39.701],[141.047,39.69],[141.085,39.704],[141.069,39.729],[141.098,39.723],[141.129,39.768],[141.166,39.769],[141.166,39.801],[141.148,39.809],[141.155,39.821],[141.112,39.843],[141.099,39.879],[141.168,39.903],[141.156,39.927],[141.167,39.93]]]]}},{"type":"Feature","properties":{"code":"0320200","name":"岩手県宮古市"},"geometry":{"type":"MultiPolygon","coordinates":[[[[141.978,39.831],[141.991,39.821],[141.983,39.789],[142.004,39.776],[141.989,39.756],[142.004,39.752],[141.972,39.732],[141.987,39.723],[141.967,39.69],[141.986,39.686],[141.97,39.654],[141.983,39.647],[141.964,39.639],[141.977,39.629],[141.966,39.634],[141.972,39.626],[141.945,39.596],[141.958,39.586],[142.026,39.655],[142.028,39.575],[142.057,39.575],[142.072,39.548],[142.051,39.533],[142.056,39.522],[142.034,39.53],[142.02,39.5],[141.95,39.55],[141.9,39.548],[141.877,39.563],[141.816,39.554],[141.754,39.54],[141.736,39.511],[141.711,39.505],[141.703,39.479],[141.722,39.448],[141.681,39.439],[141.659,39.457],[141.633,39.457],[141.574,39.514],[141.501,39.536],[141.492,39.558],[141.429,39.555],[141.42,39.564],[141.436,39.57],[141.43,39.584],[141.337,39.642],[141.408,39.691],[141.435,39.677],[141.467,39.68],[141.496,39.707],[141.551,39.704],[141.565,39.719],[141.601,39.709],[141.628,39.755],[141.682,39.742],[141.736,39.751],[141.756,39.732],[141.772,39.736],[141.801,39.718],[141.887,39.754],[141.906,39.782],[141.89,39.794],[141.911,39.809],[141.978,39.831]]]]}},{"type":"Feature","properties":{"code":"0320300","name":"岩手県大船渡市"},"geometry":{"type":"MultiPolygon","coordinates":[[[[141.728,39.202],[141.746,39.175],[141.829,39.18],[141.885,39.168],[141.922,39.181],[141.887,39.156],[141.851,39.157],[141.836,39.146],[141.873,39.131],[141.874,39.115],[141.9,39.12],[141.921,39.105],[141.88,39.084],[141.86,39.104],[141.811,39.112],[141.809,39.09],[141.824,39.086],[141.824,39.075],[141.876,39.065],[141.815,39.058],[141.849,39.027],[141.8,39.025],[141.797,39.043],[141.782,39.028],[141.768,39.034],[141.759,39.018],[141.732,39.023],[141.739,39.063],[141.722,39.066],[141.725,39.041],[141.71,39.023],[141.731,39.015],[141.742,38.986],[141.707,38.993],[141.678,39.051],[141.684,39.066],[141.652,39.056],[141.617,39.119],[141.649,39.178],[141.678,39.176],[141.728,39.202]]]]}},{"type":"Feature","properties":{"code":"0320500","name":"岩手県花巻市"},"geometry":{"type":"MultiPolygon","coordinates":[[[[141.403,39.577],[141.43,39.554],[141.488,39.558],[141.496,39.531],[141.453,39.522],[141.437,39.498],[141.44,39.468],[141.383,39.431],[141.323,39.416],[141.302,39.384],[141.3,39.363],[141.327,39.356],[141.324,39.337],[141.37,39.282],[141.36,39.262],[141.326,39.283],[141.303,39.276],[141.309,39.29],[141.293,39.318],[141.237,39.306],[141.18,39.317],[141.191,39.343],[141.168,39.373],[141.157,39.351],[141.083,39.36],[141.057,39.344],[141.06,39.326],[140.912,39.37],[140.902,39.406],[140.91,39.431],[140.898,39.453],[140.906,39.465],[140.88,39.492],[140.894,39.534],[140.923,39.543],[140.956,39.532],[140.973,39.546],[141.017,39.526],[141.08,39.529],[141.084,39.514],[141.108,39.507],[141.169,39.509],[141.212,39.49],[141.278,39.483],[141.295,39.508],[141.285,39.524],[141.296,39.568],[141.403,39.577]]]]}},{"type":"Feature","properties":{"code":"0320600","name":"岩手県北上市"},"geometry":{"type":"MultiPolygon","coordinates":[[[[140.883,39.48],[140.907,39.466],[140.898,39.453],[140.917,39.365],[140.972,39.359],[141.06,39.326],[141.057,39.344],[141.083,39.36],[141.157,39.351],[141.168,39.372],[141.191,39.344],[141.181,39.317],[141.234,39.311],[141.255,39.271],[141.224,39.262],[141.189,39.276],[141.162,39.251],[141.142,39.251],[141.144,39.242],[141.093,39.229],[141.079,39.248],[141.032,39.255],[140.945,39.232],[140.919,39.195],[140.858,39.176],[140.854,39.21],[140.89,39.237],[140.877,39.261],[140.898,39.284],[140.895,39.314],[140.845,39.382],[140.848,39.395],[140.817,39.418],[140.825,39.432],[140.862,39.441],[140.883,39.48]]]]}},{"type":"Feature","properties":{"code":"0320700","name":"岩手県久慈市"},"geometry":{"type":"MultiPolygon","coordinates":[[[[141.793,40.295],[141.816,40.272],[141.835,40.219],[141.807,40.215],[141.799,40.2],[141.812,40.19],[141.794,40.191],[141.852,40.169],[141.876,40.144],[141.866,40.132],[141.822,40.136],[141.817,40.116],[141.773,40.116],[141.741,40.093],[141.734,40.075],[141.759,40.046],[141.739,40.017],[141.657,40.008],[141.568,40.047],[141.533,40.046],[141.525,40.074],[141.498,40.078],[141.483,40.103],[141.465,40.109],[141.457,40.136],[141.476,40.15],[141.492,40.205],[141.521,40.234],[141.584,40.233],[141.646,40.214],[141.686,40.218],[141.678,40.24],[141.728,40.243],[141.733,40.272],[141.768,40.271],[141.793,40.295]]]]}},{"type":"Feature","properties":{"code":"0320800","name":"岩手県遠野市"},"geometry":{"type":"MultiPolygon","coordinates":[[[[141.49,39.558],[141.501,39.536],[141.551,39.525],[141.61,39.488],[141.634,39.456],[141.659,39.457],[141.681,39.439],[141.721,39.446],[141.72,39.428],[141.745,39.416],[141.671,39.405],[141.656,39.374],[141.661,39.322],[141.695,39.315],[141.683,39.295],[141.697,39.266],[141.658,39.243],[141.635,39.252],[141.595,39.244],[141.571,39.26],[141.54,39.244],[141.521,39.248],[141.478,39.234],[141.478,39.21],[141.44,39.192],[141.402,39.201],[141.382,39.248],[141.357,39.26],[141.37,39.282],[141.324,39.336],[141.328,39.356],[141.308,39.354],[141.301,39.377],[141.323,39.416],[141.383,39.431],[141.439,39.467],[141.448,39.518],[141.495,39.53],[141.49,39.558]]]]}},{"type":"Feature","properties":{"code":"0320900","name":"岩手県一関市"},"geometry":{"type":"MultiPolygon","coordinates":[[[[141.394,39.152],[141.414,39.107],[141.462,39.102],[141.483,39.077],[141.46,39.038],[141.473,39.013],[141.465,38.991],[141.494,38.956],[141.489,38.907],[141.451,38.876],[141.466,38.856],[141.45,38.837],[141.459,38.815],[141.43,38.811],[141.44,38.786],[141.415,38.768],[141.415,38.786],[141.394,38.8],[141.335,38.807],[141.316,38.823],[141.304,38.793],[141.273,38.797],[141.257,38.761],[141.216,38.748],[141.195,38.777],[141.146,38.784],[141.143,38.812],[141.104,38.824],[141.106,38.838],[141.126,38.837],[141.146,38.856],[141.14,38.877],[141.093,38.888],[140.986,38.875],[140.958,38.908],[140.881,38.928],[140.824,38.964],[140.774,38.958],[140.765,38.985],[140.764,39.0],[140.784,39.019],[140.842,39.021],[140.865,39.046],[140.894,39.05],[140.921,38.995],[140.984,38.996],[141.062,38.959],[141.111,38.969],[141.11,38.95],[141.14,38.978],[141.184,38.986],[141.192,39.0],[141.179,39.02],[141.205,39.033],[141.198,39.039],[141.215,39.057],[141.27,39.091],[141.314,39.083],[141.303,39.132],[141.355,39.131],[141.356,39.147],[141.383,39.162],[141.394,39.152]]]]}},{"type":"Feature","properties":{"code":"0321000","name":"岩手県陸前高田市"},"geometry":{"type":"MultiPolygon","coordinates":[[[[141.474,39.126],[141.493,39.11],[141.515,39.111],[141.524,39.096],[141.531,39.105],[141.549,39.097],[141.559,39.111],[141.598,39.101],[141.625,39.112],[141.629,39.084],[141.652,39.056],[141.684,39.066],[141.689,39.018],[141.717,38.983],[141.697,38.969],[141.728,38.953],[141.703,38.938],[141.69,38.947],[141.689,38.965],[141.666,38.981],[141.681,38.998],[141.667,39.006],[141.624,39.0],[141.629,38.97],[141.568,38.995],[141.523,38.991],[141.509,39.003],[141.49,38.998],[141.484,38.978],[141.467,38.987],[141.473,39.013],[141.461,39.043],[141.479,39.056],[141.482,39.076],[141.463,39.095],[141.474,39.126]]]]}},{"type":"Feature","properties":{"code":"0321100","name":"岩手県釜石市"},"geometry":{"type":"MultiPolygon","coordinates":[[[[141.694,39.412],[141.74,39.411],[141.747,39.391],[141.775,39.39],[141.79,39.371],[141.842,39.367],[141.882,39.344],[141.914,39.346],[141.899,39.336],[141.914,39.324],[141.996,39.351],[141.97,39.313],[141.888,39.303],[141.925,39.286],[141.929,39.271],[141.889,39.274],[141.903,39.256],[141.891,39.247],[141.921,39.238],[141.971,39.25],[141.945,39.242],[141.948,39.218],[141.925,39.223],[141.903,39.205],[141.887,39.209],[141.89,39.198],[141.865,39.203],[141.89,39.182],[141.922,39.183],[141.886,39.168],[141.83,39.179],[141.745,39.175],[141.73,39.189],[141.715,39.218],[141.701,39.219],[141.711,39.234],[141.706,39.263],[141.683,39.296],[141.695,39.314],[141.66,39.321],[141.654,39.357],[141.668,39.403],[141.694,39.412]]]]}},{"type":"Feature","properties":{"code":"0321300","name":"岩手県二戸市"},"geometry":{"type":"MultiPolygon","coordinates":[[[[141.32,40.37],[141.351,40.334],[141.384,40.234],[141.354,40.224],[141.295,40.251],[141.268,40.25],[141.261,40.223],[141.192,40.191],[141.183,40.162],[141.191,40.13],[141.158,40.089],[141.128,40.096],[141.107,40.136],[141.062,40.14],[141.027,40.167],[141.026,40.225],[141.104,40.256],[141.1,40.28],[141.138,40.3],[141.218,40.315],[141.262,40.349],[141.28,40.345],[141.297,40.365],[141.32,40.37]]]]}},{"type":"Feature","properties":{"code":"0321400","name":"岩手県八幡平市"},"geometry":{"type":"MultiPolygon","coordinates":[[[[140.955,40.247],[140.979,40.22],[141.027,40.221],[141.026,40.168],[141.036,40.157],[141.062,40.14],[141.106,40.137],[141.128,40.096],[141.162,40.085],[141.123,40.025],[141.15,39.969],[141.129,39.947],[141.169,39.907],[141.134,39.883],[141.087,39.876],[141.079,39.862],[141.056,39.868],[141.0,39.843],[140.967,39.852],[140.938,39.84],[140.899,39.847],[140.855,39.923],[140.846,39.975],[140.855,40.045],[140.844,40.074],[140.875,40.094],[140.881,40.114],[140.867,40.132],[140.883,40.157],[140.86,40.172],[140.892,40.192],[140.905,40.222],[140.942,40.228],[140.944,40.246],[140.955,40.247]]]]}},{"type":"Feature","properties":{"code":"0321500","name":"岩手県奥州市"},"geometry":{"type":"MultiPolygon","coordinates":[[[[141.292,39.318],[141.309,39.29],[141.303,39.277],[141.325,39.283],[141.38,39.249],[141.406,39.204],[141.374,39.189],[141.389,39.183],[141.387,39.167],[141.381,39.153],[141.357,39.148],[141.356,39.131],[141.303,39.132],[141.314,39.083],[141.27,39.091],[141.207,39.051],[141.205,39.033],[141.161,39.013],[141.12,39.014],[141.105,39.029],[141.111,39.006],[141.045,39.002],[141.006,38.985],[140.98,38.998],[140.921,38.995],[140.895,39.05],[140.861,39.044],[140.843,39.021],[140.786,39.019],[140.809,39.057],[140.802,39.077],[140.752,39.088],[140.756,39.117],[140.77,39.124],[140.749,39.139],[140.775,39.168],[140.808,39.178],[140.833,39.165],[140.89,39.181],[140.994,39.135],[141.03,39.132],[141.109,39.183],[141.143,39.191],[141.126,39.199],[141.128,39.222],[141.105,39.232],[141.145,39.242],[141.19,39.276],[141.221,39.262],[141.254,39.271],[141.239,39.31],[141.292,39.318]]]]}},{"type":"Feature","properties":{"code":"0321600","name":"岩手県滝沢市"},"geometry":{"type":"MultiPolygon","coordinates":[[[[141.099,39.879],[141.111,39.844],[141.156,39.822],[141.148,39.809],[141.166,39.801],[141.166,39.77],[141.128,39.767],[141.099,39.723],[141.07,39.729],[141.086,39.704],[141.046,39.69],[141.016,39.718],[141.022,39.764],[141.003,39.777],[141.001,39.852],[141.057,39.868],[141.08,39.862],[141.099,39.879]]]]}},{"type":"Feature","properties":{"code":"0330100","name":"岩手県雫石町"},"geometry":{"type":"MultiPolygon","coordinates":[[[[140.829,39.883],[140.853,39.866],[140.879,39.873],[140.9,39.846],[141.0,39.843],[141.01,39.826],[141.003,39.776],[141.022,39.764],[141.016,39.718],[141.043,39.703],[141.014,39.692],[141.018,39.683],[140.996,39.666],[141.019,39.649],[141.039,39.662],[141.049,39.654],[141.044,39.632],[141.057,39.622],[141.048,39.616],[141.059,39.587],[141.042,39.591],[141.035,39.577],[141.013,39.571],[140.971,39.58],[140.962,39.564],[140.972,39.547],[140.959,39.533],[140.92,39.543],[140.883,39.518],[140.856,39.581],[140.796,39.603],[140.822,39.65],[140.822,39.688],[140.775,39.734],[140.803,39.745],[140.848,39.793],[140.821,39.815],[140.787,39.823],[140.782,39.867],[140.8,39.882],[140.829,39.883]]]]}},{"type":"Feature","properties":{"code":"0330200","name":"岩手県葛巻町"},"geometry":{"type":"MultiPolygon","coordinates":[[[[141.388,40.152],[141.397,40.151],[141.385,40.136],[141.413,40.108],[141.44,40.103],[141.462,40.117],[141.497,40.079],[141.526,40.073],[141.53,40.035],[141.589,39.958],[141.552,39.904],[141.49,39.904],[141.471,39.875],[141.406,39.888],[141.403,39.914],[141.373,39.944],[141.377,39.971],[141.306,39.989],[141.305,40.011],[141.287,40.031],[141.299,40.039],[141.29,40.059],[141.341,40.056],[141.364,40.068],[141.34,40.094],[141.345,40.129],[141.329,40.134],[141.388,40.152]]]]}},{"type":"Feature","properties":{"code":"0330300","name":"岩手県岩手町"},"geometry":{"type":"MultiPolygon","coordinates":[[[[141.181,40.066],[141.277,40.042],[141.299,40.024],[141.307,39.989],[141.377,39.971],[141.373,39.944],[141.402,39.915],[141.404,39.889],[141.434,39.882],[141.429,39.851],[141.364,39.853],[141.317,39.834],[141.303,39.846],[141.288,39.842],[141.295,39.86],[141.278,39.868],[141.269,39.903],[141.197,39.907],[141.188,39.926],[141.155,39.927],[141.129,39.946],[141.149,39.97],[141.129,39.994],[141.126,40.041],[141.149,40.051],[141.158,40.08],[141.181,40.066]]]]}},{"type":"Feature","properties":{"code":"0332100","name":"岩手県紫波町"},"geometry":{"type":"MultiPolygon","coordinates":[[[[141.29,39.604],[141.309,39.581],[141.286,39.548],[141.296,39.509],[141.278,39.483],[141.212,39.49],[141.169,39.51],[141.107,39.507],[141.084,39.514],[141.077,39.53],[141.018,39.526],[140.969,39.548],[140.962,39.564],[140.97,39.58],[141.035,39.577],[141.04,39.591],[141.059,39.587],[141.072,39.603],[141.101,39.58],[141.125,39.586],[141.129,39.571],[141.225,39.606],[141.273,39.582],[141.278,39.603],[141.29,39.604]]]]}},{"type":"Feature","properties":{"code":"0332200","name":"岩手県矢巾町"},"geometry":{"type":"MultiPolygon","coordinates":[[[[141.131,39.651],[141.178,39.631],[141.196,39.591],[141.129,39.57],[141.123,39.587],[141.098,39.58],[141.089,39.597],[141.06,39.599],[141.048,39.616],[141.053,39.641],[141.102,39.634],[141.131,39.651]]]]}},{"type":"Feature","properties":{"code":"0336600","name":"岩手県西和賀町"},"geometry":{"type":"MultiPolygon","coordinates":[[[[140.787,39.603],[140.857,39.581],[140.877,39.54],[140.87,39.529],[140.889,39.51],[140.869,39.45],[140.817,39.418],[140.872,39.358],[140.898,39.285],[140.877,39.262],[140.888,39.233],[140.855,39.21],[140.857,39.178],[140.834,39.165],[140.765,39.198],[140.766,39.219],[140.789,39.238],[140.718,39.273],[140.718,39.296],[140.693,39.303],[140.699,39.328],[140.709,39.33],[140.704,39.343],[140.688,39.348],[140.679,39.383],[140.653,39.391],[140.658,39.415],[140.685,39.424],[140.682,39.457],[140.724,39.481],[140.714,39.5],[140.741,39.535],[140.73,39.565],[140.754,39.571],[140.787,39.603]]]]}},{"type":"Feature","properties":{"code":"0338100","name":"岩手県金ケ崎町"},"geometry":{"type":"MultiPolygon","coordinates":[[[[141.053,39.259],[141.052,39.25],[141.078,39.248],[141.086,39.231],[141.126,39.223],[141.126,39.198],[141.142,39.192],[141.018,39.13],[140.891,39.182],[140.92,39.196],[140.944,39.232],[141.053,39.259]]]]}},{"type":"Feature","properties":{"code":"0340200","name":"岩手県平泉町"},"geometry":{"type":"MultiPolygon","coordinates":[[[[141.107,39.027],[141.128,39.013],[141.178,39.018],[141.192,39.0],[141.183,38.986],[141.14,38.978],[141.111,38.95],[141.112,38.968],[141.062,38.959],[141.006,38.985],[141.045,39.001],[141.111,39.006],[141.107,39.027]]]]}},{"type":"Feature","properties":{"code":"0344100","name":"岩手県住田町"},"geometry":{"type":"MultiPolygon","coordinates":[[[[141.695,39.266],[141.706,39.264],[141.711,39.234],[141.701,39.22],[141.727,39.203],[141.679,39.176],[141.649,39.178],[141.619,39.128],[141.625,39.113],[141.598,39.101],[141.56,39.112],[141.549,39.097],[141.53,39.105],[141.525,39.095],[141.515,39.111],[141.493,39.111],[141.474,39.126],[141.463,39.102],[141.414,39.107],[141.384,39.163],[141.389,39.182],[141.374,39.187],[141.407,39.202],[141.441,39.192],[141.479,39.211],[141.48,39.235],[141.541,39.243],[141.563,39.26],[141.594,39.243],[141.635,39.252],[141.659,39.244],[141.695,39.266]]]]}},{"type":"Feature","properties":{"code":"0346100","name":"岩手県大槌町"},"geometry":{"type":"MultiPolygon","coordinates":[[[[141.749,39.529],[141.782,39.514],[141.818,39.466],[141.84,39.46],[141.892,39.4],[141.953,39.4],[141.938,39.384],[141.947,39.371],[141.965,39.378],[141.957,39.356],[141.882,39.344],[141.841,39.367],[141.79,39.371],[141.776,39.389],[141.744,39.394],[141.746,39.417],[141.721,39.428],[141.702,39.478],[141.71,39.504],[141.749,39.529]]]]}},{"type":"Feature","properties":{"code":"0348200","name":"岩手県山田町"},"geometry":{"type":"MultiPolygon","coordinates":[[[[141.874,39.562],[141.9,39.548],[141.969,39.545],[142.012,39.498],[142.01,39.477],[141.956,39.474],[141.974,39.44],[141.995,39.452],[142.004,39.446],[142.01,39.465],[142.051,39.484],[142.062,39.471],[142.038,39.447],[142.044,39.427],[142.031,39.416],[142.01,39.426],[142.006,39.411],[141.983,39.409],[141.976,39.428],[141.953,39.399],[141.893,39.4],[141.84,39.46],[141.818,39.466],[141.782,39.514],[141.748,39.53],[141.762,39.542],[141.874,39.562]]]]}},{"type":"Feature","properties":{"code":"0348300","name":"岩手県岩泉町"},"geometry":{"type":"MultiPolygon","coordinates":[[[[141.545,40.048],[141.658,40.008],[141.69,40.018],[141.724,40.01],[141.756,40.032],[141.811,40.014],[141.795,40.001],[141.801,39.98],[141.772,39.897],[141.827,39.902],[141.842,39.873],[141.878,39.86],[141.883,39.871],[141.896,39.857],[141.971,39.885],[141.98,39.831],[141.91,39.808],[141.889,39.793],[141.906,39.782],[141.887,39.754],[141.849,39.747],[141.851,39.737],[141.802,39.718],[141.756,39.732],[141.736,39.751],[141.681,39.742],[141.627,39.755],[141.603,39.71],[141.567,39.719],[141.551,39.704],[141.497,39.707],[141.467,39.68],[141.426,39.677],[141.396,39.708],[141.397,39.747],[141.409,39.759],[141.475,39.765],[141.498,39.807],[141.527,39.812],[141.504,39.856],[141.507,39.879],[141.484,39.883],[141.482,39.896],[141.517,39.911],[141.552,39.903],[141.56,39.928],[141.589,39.956],[141.53,40.034],[141.545,40.048]]]]}},{"type":"Feature","properties":{"code":"0348400","name":"岩手県田野畑村"},"geometry":{"type":"MultiPolygon","coordinates":[[[[141.95,39.99],[141.963,39.953],[141.939,39.933],[141.958,39.887],[141.917,39.861],[141.849,39.87],[141.827,39.902],[141.771,39.898],[141.799,39.977],[141.871,39.98],[141.877,39.962],[141.95,39.99]]]]}},{"type":"Feature","properties":{"code":"0348500","name":"岩手県普代村"},"geometry":{"type":"MultiPolygon","coordinates":[[[[141.855,40.056],[141.877,40.049],[141.907,40.009],[141.936,40.009],[141.947,39.989],[141.877,39.962],[141.871,39.98],[141.8,39.977],[141.796,40.004],[141.835,40.021],[141.855,40.056]]]]}},{"type":"Feature","properties":{"code":"0350100","name":"岩手県軽米町"},"geometry":{"type":"MultiPolygon","coordinates":[[[[141.468,40.377],[141.537,40.347],[141.581,40.374],[141.613,40.358],[141.571,40.32],[141.59,40.294],[141.585,40.278],[141.611,40.27],[141.611,40.245],[141.575,40.229],[141.522,40.234],[141.509,40.221],[141.459,40.242],[141.44,40.279],[141.373,40.272],[141.351,40.331],[141.382,40.342],[141.397,40.367],[141.407,40.357],[141.468,40.377]]]]}},{"type":"Feature","properties":{"code":"0350300","name":"岩手県野田村"},"geometry":{"type":"MultiPolygon","coordinates":[[[[141.827,40.135],[141.843,40.131],[141.827,40.11],[141.829,40.084],[141.854,40.056],[141.838,40.026],[141.812,40.013],[141.76,40.025],[141.759,40.049],[141.735,40.074],[141.738,40.089],[141.773,40.116],[141.817,40.116],[141.827,40.135]]]]}},{"type":"Feature","properties":{"code":"0350600","name":"岩手県九戸村"},"geometry":{"type":"MultiPolygon","coordinates":[[[[141.417,40.281],[141.441,40.278],[141.459,40.243],[141.507,40.223],[141.483,40.19],[141.475,40.149],[141.457,40.135],[141.462,40.118],[141.441,40.103],[141.413,40.108],[141.385,40.136],[141.401,40.162],[141.384,40.194],[141.392,40.218],[141.374,40.271],[141.417,40.281]]]]}},{"type":"Feature","properties":{"code":"0350700","name":"岩手県洋野町"},"geometry":{"type":"MultiPolygon","coordinates":[[[[141.683,40.449],[141.769,40.349],[141.795,40.298],[141.766,40.271],[141.733,40.271],[141.729,40.243],[141.677,40.24],[141.686,40.219],[141.62,40.218],[141.582,40.237],[141.611,40.245],[141.611,40.267],[141.582,40.282],[141.59,40.294],[141.571,40.32],[141.613,40.358],[141.584,40.368],[141.582,40.399],[141.683,40.449]]]]}},{"type":"Feature","properties":{"code":"0352400","name":"岩手県一戸町"},"geometry":{"type":"MultiPolygon","coordinates":[[[[141.296,40.251],[141.352,40.224],[141.385,40.235],[141.384,40.194],[141.402,40.161],[141.332,40.139],[141.332,40.129],[141.346,40.129],[141.342,40.091],[141.364,40.068],[141.313,40.053],[141.29,40.06],[141.299,40.041],[141.289,40.032],[141.229,40.06],[141.187,40.061],[141.158,40.089],[141.19,40.129],[141.183,40.163],[141.192,40.191],[141.26,40.223],[141.269,40.251],[141.296,40.251]]]]}},{"type":"Feature","properties":{"code":"0410001","name":"気象庁予報警報規程別表第四の二に示す「仙台市東部」の区域"},"geometry":{"type":"MultiPolygon","coordinates":[[[[140.935,38.34],[140.938,38.316],[140.96,38.313],[140.963,38.286],[141.027,38.282],[141.025,38.271],[140.998,38.27],[141.047,38.265],[141.022,38.263],[140.963,38.174],[140.935,38.199],[140.933,38.183],[140.867,38.188],[140.861,38.204],[140.816,38.219],[140.784,38.214],[140.815,38.187],[140.795,38.175],[140.744,38.182],[140.739,38.243],[140.766,38.239],[140.798,38.26],[140.823,38.249],[140.818,38.283],[140.833,38.308],[140.869,38.301],[140.88,38.309],[140.894,38.288],[140.929,38.306],[140.935,38.34]]]]}},{"type":"Feature","properties":{"code":"0410002","name":"気象庁予報警報規程別表第四の二に示す「仙台市西部」の区域"},"geometry":{"type":"MultiPolygon","coordinates":[[[[140.621,38.452],[140.697,38.416],[140.726,38.432],[140.744,38.413],[140.807,38.393],[140.835,38.347],[140.863,38.362],[140.927,38.333],[140.929,38.308],[140.893,38.287],[140.88,38.309],[140.869,38.301],[140.833,38.308],[140.819,38.284],[140.823,38.249],[140.799,38.261],[140.767,38.24],[140.739,38.244],[140.735,38.225],[140.749,38.217],[140.741,38.207],[140.609,38.265],[140.473,38.252],[140.472,38.27],[140.496,38.283],[140.492,38.302],[140.528,38.319],[140.523,38.353],[140.578,38.393],[140.58,38.437],[140.621,38.452]]]]}},{"type":"Feature","properties":{"code":"0420200","name":"宮城県石巻市"},"geometry":{"type":"MultiPolygon","coordinates":[[[[141.47,38.284],[141.5,38.246],[141.457,38.268],[141.47,38.284]]],[[[141.567,38.314],[141.589,38.302],[141.575,38.269],[141.548,38.295],[141.567,38.314]]],[[[141.525,38.632],[141.524,38.61],[141.459,38.575],[141.495,38.533],[141.535,38.547],[141.53,38.533],[141.548,38.524],[141.534,38.509],[141.543,38.505],[141.536,38.488],[141.516,38.493],[141.512,38.514],[141.47,38.521],[141.465,38.512],[141.474,38.518],[141.496,38.5],[141.495,38.48],[141.459,38.492],[141.441,38.48],[141.417,38.485],[141.4,38.42],[141.448,38.41],[141.468,38.385],[141.539,38.401],[141.531,38.381],[141.513,38.391],[141.482,38.376],[141.518,38.368],[141.534,38.34],[141.525,38.324],[141.541,38.306],[141.526,38.296],[141.524,38.272],[141.511,38.277],[141.509,38.297],[141.492,38.294],[141.496,38.307],[141.475,38.308],[141.471,38.32],[141.467,38.306],[141.45,38.316],[141.474,38.33],[141.462,38.351],[141.45,38.34],[141.449,38.353],[141.436,38.341],[141.416,38.346],[141.459,38.374],[141.433,38.373],[141.438,38.381],[141.423,38.385],[141.43,38.4],[141.415,38.391],[141.409,38.404],[141.374,38.383],[141.36,38.413],[141.317,38.412],[141.325,38.402],[141.304,38.415],[141.294,38.414],[141.295,38.4],[141.276,38.41],[141.264,38.398],[141.286,38.418],[141.249,38.406],[141.259,38.434],[141.237,38.468],[141.226,38.472],[141.224,38.461],[141.195,38.449],[141.166,38.461],[141.164,38.5],[141.178,38.531],[141.198,38.542],[141.227,38.535],[141.235,38.569],[141.264,38.583],[141.27,38.605],[141.29,38.601],[141.288,38.57],[141.317,38.569],[141.401,38.609],[141.427,38.594],[141.473,38.621],[141.509,38.615],[141.525,38.632]]]]}},{"type":"Feature","properties":{"code":"0420300","name":"宮城県塩竈市"},"geometry":{"type":"MultiPolygon","coordinates":[[[[141.025,38.349],[141.024,38.34],[141.054,38.331],[141.025,38.32],[141.045,38.319],[141.035,38.303],[141.002,38.304],[140.998,38.328],[141.025,38.349]]]]}},{"type":"Feature","properties":{"code":"0420500","name":"宮城県気仙沼市"},"geometry":{"type":"MultiPolygon","coordinates":[[[[141.624,38.885],[141.634,38.868],[141.622,38.851],[141.638,38.841],[141.625,38.831],[141.602,38.873],[141.624,38.885]]],[[[141.511,39.002],[141.523,38.992],[141.568,38.995],[141.634,38.969],[141.644,38.956],[141.632,38.954],[141.648,38.942],[141.634,38.93],[141.653,38.919],[141.675,38.859],[141.638,38.885],[141.638,38.902],[141.606,38.88],[141.582,38.91],[141.594,38.886],[141.583,38.849],[141.604,38.829],[141.521,38.789],[141.512,38.768],[141.532,38.75],[141.501,38.742],[141.476,38.753],[141.414,38.74],[141.399,38.758],[141.439,38.785],[141.431,38.812],[141.459,38.815],[141.45,38.838],[141.466,38.857],[141.451,38.875],[141.492,38.912],[141.484,38.984],[141.511,39.002]]]]}},{"type":"Feature","properties":{"code":"0420600","name":"宮城県白石市"},"geometry":{"type":"MultiPolygon","coordinates":[[[[140.526,38.096],[140.555,38.078],[140.604,38.086],[140.648,38.035],[140.701,38.037],[140.705,38.014],[140.69,38.002],[140.692,37.972],[140.676,37.949],[140.632,37.941],[140.628,37.919],[140.596,37.906],[140.566,37.923],[140.559,37.91],[140.488,37.9],[140.476,37.907],[140.468,37.937],[140.476,37.953],[140.508,37.951],[140.533,37.967],[140.511,38.025],[140.49,38.042],[140.472,38.084],[140.526,38.096]]]]}},{"type":"Feature","properties":{"code":"0420700","name":"宮城県名取市"},"geometry":{"type":"MultiPolygon","coordinates":[[[[140.795,38.219],[140.861,38.204],[140.867,38.188],[140.935,38.183],[140.936,38.198],[140.967,38.17],[140.942,38.133],[140.905,38.144],[140.877,38.11],[140.869,38.14],[140.837,38.134],[140.796,38.149],[140.791,38.174],[140.814,38.187],[140.786,38.205],[140.795,38.219]]]]}},{"type":"Feature","properties":{"code":"0420800","name":"宮城県角田市"},"geometry":{"type":"MultiPolygon","coordinates":[[[[140.831,38.052],[140.853,37.968],[140.851,37.912],[140.829,37.932],[140.787,37.932],[140.787,37.957],[140.714,37.942],[140.703,37.95],[140.709,37.963],[140.686,37.968],[140.706,38.022],[140.796,38.045],[140.824,38.077],[140.831,38.052]]]]}},{"type":"Feature","properties":{"code":"0420900","name":"宮城県多賀城市"},"geometry":{"type":"MultiPolygon","coordinates":[[[[140.996,38.31],[141.027,38.31],[141.044,38.288],[141.012,38.276],[140.956,38.296],[140.963,38.31],[140.996,38.31]]]]}},{"type":"Feature","properties":{"code":"0421100","name":"宮城県岩沼市"},"geometry":{"type":"MultiPolygon","coordinates":[[[[140.797,38.148],[140.838,38.134],[140.871,38.139],[140.876,38.11],[140.905,38.144],[140.942,38.132],[140.922,38.047],[140.889,38.094],[140.842,38.081],[140.825,38.097],[140.827,38.122],[140.777,38.129],[140.797,38.148]]]]}},{"type":"Feature","properties":{"code":"0421200","name":"宮城県登米市"},"geometry":{"type":"MultiPolygon","coordinates":[[[[141.317,38.822],[141.416,38.784],[141.399,38.758],[141.414,38.738],[141.369,38.719],[141.373,38.677],[141.386,38.674],[141.376,38.655],[141.403,38.624],[141.401,38.607],[141.378,38.59],[141.289,38.57],[141.289,38.603],[141.271,38.605],[141.264,38.584],[141.236,38.57],[141.231,38.548],[141.193,38.581],[141.2,38.594],[141.139,38.61],[141.109,38.63],[141.111,38.643],[141.083,38.646],[141.078,38.671],[141.055,38.683],[141.083,38.712],[141.166,38.732],[141.152,38.761],[141.158,38.783],[141.182,38.783],[141.216,38.748],[141.233,38.748],[141.257,38.761],[141.273,38.797],[141.304,38.793],[141.307,38.819],[141.317,38.822]]]]}},{"type":"Feature","properties":{"code":"0421302","name":"気象庁予報警報規程別表第四の二に示す「栗原市西部」の区域"},"geometry":{"type":"MultiPolygon","coordinates":[[[[140.992,38.875],[141.044,38.861],[141.045,38.838],[141.023,38.831],[141.023,38.806],[141.046,38.793],[140.968,38.747],[140.993,38.733],[140.993,38.722],[140.965,38.713],[140.987,38.7],[140.978,38.686],[140.931,38.721],[140.834,38.731],[140.792,38.763],[140.747,38.769],[140.738,38.781],[140.752,38.795],[140.758,38.834],[140.746,38.842],[140.75,38.878],[140.708,38.921],[140.745,38.956],[140.824,38.964],[140.881,38.928],[140.958,38.908],[140.992,38.875]]]]}},{"type":"Feature","properties":{"code":"0421400","name":"宮城県東松島市"},"geometry":{"type":"MultiPolygon","coordinates":[[[[141.15,38.357],[141.163,38.34],[141.169,38.35],[141.167,38.332],[141.182,38.322],[141.155,38.322],[141.149,38.334],[141.138,38.322],[141.132,38.338],[141.148,38.339],[141.141,38.354],[141.15,38.357]]],[[[141.236,38.46],[141.259,38.433],[141.248,38.405],[141.175,38.376],[141.159,38.354],[141.133,38.36],[141.138,38.371],[141.122,38.394],[141.095,38.408],[141.127,38.422],[141.116,38.436],[141.127,38.45],[141.13,38.438],[141.176,38.455],[141.167,38.461],[141.202,38.451],[141.226,38.472],[141.236,38.46]]]]}},{"type":"Feature","properties":{"code":"0421502","name":"気象庁予報警報規程別表第四の二に示す「大崎市西部」の区域"},"geometry":{"type":"MultiPolygon","coordinates":[[[[140.967,38.669],[140.948,38.682],[140.909,38.672],[140.906,38.655],[140.921,38.639],[140.883,38.597],[140.768,38.692],[140.75,38.686],[140.713,38.708],[140.667,38.688],[140.65,38.7],[140.624,38.693],[140.607,38.703],[140.607,38.721],[140.646,38.769],[140.604,38.783],[140.591,38.836],[140.54,38.862],[140.547,38.889],[140.562,38.873],[140.614,38.894],[140.638,38.883],[140.703,38.923],[140.749,38.878],[140.746,38.843],[140.758,38.834],[140.753,38.796],[140.737,38.78],[140.747,38.769],[140.792,38.764],[140.834,38.731],[140.94,38.717],[140.966,38.703],[140.967,38.669]]]]}},{"type":"Feature","properties":{"code":"0421600","name":"宮城県富谷市"},"geometry":{"type":"MultiPolygon","coordinates":[[[[140.896,38.432],[140.904,38.409],[140.936,38.402],[140.939,38.353],[140.925,38.333],[140.884,38.347],[140.86,38.371],[140.876,38.402],[140.859,38.408],[140.896,38.432]]]]}},{"type":"Feature","properties":{"code":"0430100","name":"宮城県蔵王町"},"geometry":{"type":"MultiPolygon","coordinates":[[[[140.578,38.148],[140.619,38.134],[140.664,38.144],[140.698,38.136],[140.703,38.112],[140.677,38.054],[140.695,38.037],[140.649,38.034],[140.597,38.088],[140.554,38.078],[140.54,38.096],[140.478,38.09],[140.443,38.136],[140.487,38.148],[140.544,38.137],[140.551,38.148],[140.578,38.148]]]]}},{"type":"Feature","properties":{"code":"0430200","name":"宮城県七ヶ宿町"},"geometry":{"type":"MultiPolygon","coordinates":[[[[140.443,38.13],[140.476,38.095],[140.471,38.082],[140.511,38.025],[140.532,37.965],[140.475,37.947],[140.429,37.955],[140.4,37.974],[140.384,37.952],[140.359,37.959],[140.349,37.95],[140.275,37.982],[140.289,38.007],[140.276,38.029],[140.279,38.057],[140.374,38.057],[140.382,38.071],[140.417,38.08],[140.424,38.121],[140.443,38.13]]]]}},{"type":"Feature","properties":{"code":"0432100","name":"宮城県大河原町"},"geometry":{"type":"MultiPolygon","coordinates":[[[[140.7,38.077],[140.753,38.059],[140.744,38.049],[140.751,38.039],[140.706,38.023],[140.677,38.053],[140.682,38.071],[140.7,38.077]]]]}},{"type":"Feature","properties":{"code":"0432200","name":"宮城県村田町"},"geometry":{"type":"MultiPolygon","coordinates":[[[[140.752,38.18],[140.792,38.175],[140.796,38.148],[140.757,38.113],[140.756,38.059],[140.689,38.075],[140.705,38.125],[140.667,38.144],[140.643,38.137],[140.654,38.145],[140.649,38.166],[140.719,38.15],[140.745,38.161],[140.752,38.18]]]]}},{"type":"Feature","properties":{"code":"0432300","name":"宮城県柴田町"},"geometry":{"type":"MultiPolygon","coordinates":[[[[140.781,38.138],[140.78,38.126],[140.827,38.121],[140.835,38.085],[140.797,38.045],[140.753,38.04],[140.744,38.048],[140.757,38.059],[140.751,38.094],[140.781,38.138]]]]}},{"type":"Feature","properties":{"code":"0432400","name":"宮城県川崎町"},"geometry":{"type":"MultiPolygon","coordinates":[[[[140.564,38.267],[140.63,38.258],[140.737,38.21],[140.745,38.161],[140.719,38.15],[140.654,38.169],[140.653,38.145],[140.619,38.134],[140.574,38.15],[140.551,38.148],[140.545,38.137],[140.512,38.147],[140.446,38.143],[140.48,38.182],[140.472,38.252],[140.564,38.267]]]]}},{"type":"Feature","properties":{"code":"0434100","name":"宮城県丸森町"},"geometry":{"type":"MultiPolygon","coordinates":[[[[140.691,37.965],[140.709,37.963],[140.703,37.95],[140.715,37.942],[140.787,37.957],[140.788,37.932],[140.841,37.924],[140.859,37.896],[140.855,37.798],[140.775,37.806],[140.765,37.796],[140.802,37.78],[140.794,37.773],[140.746,37.788],[140.728,37.782],[140.695,37.803],[140.679,37.836],[140.692,37.851],[140.689,37.889],[140.626,37.9],[140.619,37.913],[140.627,37.938],[140.676,37.949],[140.691,37.965]]]]}},{"type":"Feature","properties":{"code":"0436100","name":"宮城県亘理町"},"geometry":{"type":"MultiPolygon","coordinates":[[[[140.878,38.096],[140.908,38.077],[140.907,38.055],[140.926,38.034],[140.915,37.994],[140.88,37.989],[140.864,38.001],[140.844,37.992],[140.824,38.077],[140.878,38.096]]]]}},{"type":"Feature","properties":{"code":"0436200","name":"宮城県山元町"},"geometry":{"type":"MultiPolygon","coordinates":[[[[140.871,38.0],[140.88,37.989],[140.915,37.993],[140.931,37.9],[140.923,37.892],[140.9,37.904],[140.857,37.891],[140.843,37.992],[140.871,38.0]]]]}},{"type":"Feature","properties":{"code":"0440100","name":"宮城県松島町"},"geometry":{"type":"MultiPolygon","coordinates":[[[[141.08,38.45],[141.117,38.442],[141.126,38.421],[141.094,38.409],[141.127,38.381],[141.106,38.386],[141.116,38.376],[141.104,38.368],[141.077,38.379],[141.059,38.351],[141.042,38.372],[141.018,38.373],[141.061,38.445],[141.08,38.45]]]]}},{"type":"Feature","properties":{"code":"0440400","name":"宮城県七ヶ浜町"},"geometry":{"type":"MultiPolygon","coordinates":[[[[141.067,38.322],[141.086,38.294],[141.033,38.28],[141.045,38.287],[141.036,38.306],[141.067,38.322]]]]}},{"type":"Feature","properties":{"code":"0440600","name":"宮城県利府町"},"geometry":{"type":"MultiPolygon","coordinates":[[[[140.988,38.373],[141.01,38.363],[141.042,38.373],[141.059,38.348],[141.026,38.339],[141.019,38.348],[140.994,38.314],[140.948,38.309],[140.934,38.345],[140.988,38.373]]]]}},{"type":"Feature","properties":{"code":"0442102","name":"気象庁予報警報規程別表第四の二に示す「大和町西部」の区域"},"geometry":{"type":"MultiPolygon","coordinates":[[[[140.905,38.445],[140.86,38.408],[140.876,38.402],[140.863,38.362],[140.836,38.347],[140.808,38.392],[140.744,38.412],[140.726,38.433],[140.698,38.416],[140.626,38.447],[140.699,38.486],[140.747,38.497],[140.785,38.495],[140.796,38.475],[140.905,38.445]]]]}},{"type":"Feature","properties":{"code":"0442200","name":"宮城県大郷町"},"geometry":{"type":"MultiPolygon","coordinates":[[[[140.963,38.506],[141.035,38.464],[141.027,38.446],[141.063,38.438],[141.011,38.363],[140.967,38.386],[140.981,38.44],[140.95,38.478],[140.949,38.498],[140.963,38.506]]]]}},{"type":"Feature","properties":{"code":"0442400","name":"宮城県大衡村"},"geometry":{"type":"MultiPolygon","coordinates":[[[[140.89,38.513],[140.917,38.49],[140.954,38.488],[140.96,38.466],[140.922,38.468],[140.895,38.444],[140.787,38.483],[140.789,38.494],[140.851,38.508],[140.874,38.502],[140.89,38.513]]]]}},{"type":"Feature","properties":{"code":"0444400","name":"宮城県色麻町"},"geometry":{"type":"MultiPolygon","coordinates":[[[[140.838,38.572],[140.887,38.535],[140.884,38.504],[140.726,38.496],[140.62,38.453],[140.696,38.518],[140.738,38.528],[140.761,38.558],[140.838,38.572]]]]}},{"type":"Feature","properties":{"code":"0444500","name":"宮城県加美町"},"geometry":{"type":"MultiPolygon","coordinates":[[[[140.723,38.708],[140.75,38.686],[140.769,38.691],[140.871,38.612],[140.877,38.58],[140.907,38.564],[140.894,38.56],[140.894,38.532],[140.851,38.554],[140.845,38.573],[140.769,38.561],[140.737,38.528],[140.697,38.518],[140.645,38.467],[140.609,38.458],[140.603,38.483],[140.574,38.495],[140.564,38.51],[140.571,38.526],[140.556,38.53],[140.578,38.57],[140.537,38.636],[140.547,38.65],[140.6,38.64],[140.626,38.692],[140.651,38.7],[140.664,38.687],[140.723,38.708]]]]}},{"type":"Feature","properties":{"code":"0450100","name":"宮城県涌谷町"},"geometry":{"type":"MultiPolygon","coordinates":[[[[141.143,38.603],[141.2,38.594],[141.195,38.58],[141.229,38.557],[141.226,38.534],[141.197,38.541],[141.149,38.511],[141.116,38.537],[141.066,38.547],[141.101,38.559],[141.082,38.572],[141.089,38.583],[141.127,38.583],[141.143,38.603]]]]}},{"type":"Feature","properties":{"code":"0450500","name":"宮城県美里町"},"geometry":{"type":"MultiPolygon","coordinates":[[[[141.018,38.592],[141.051,38.59],[141.051,38.568],[141.093,38.556],[141.066,38.548],[141.078,38.542],[141.117,38.537],[141.15,38.511],[141.177,38.518],[141.161,38.476],[141.175,38.456],[141.13,38.438],[141.127,38.449],[141.108,38.445],[141.126,38.467],[141.126,38.492],[141.092,38.516],[141.096,38.524],[141.025,38.529],[141.023,38.55],[140.993,38.568],[141.014,38.567],[141.015,38.585],[141.004,38.584],[141.018,38.592]]]]}},{"type":"Feature","properties":{"code":"0458100","name":"宮城県女川町"},"geometry":{"type":"MultiPolygon","coordinates":[[[[141.463,38.49],[141.499,38.479],[141.477,38.463],[141.502,38.46],[141.503,38.447],[141.512,38.453],[141.493,38.437],[141.448,38.444],[141.474,38.422],[141.47,38.394],[141.503,38.414],[141.499,38.39],[141.461,38.386],[141.448,38.41],[141.401,38.419],[141.418,38.486],[141.44,38.479],[141.463,38.49]]]]}},{"type":"Feature","properties":{"code":"0460600","name":"宮城県南三陸町"},"geometry":{"type":"MultiPolygon","coordinates":[[[[141.488,38.745],[141.565,38.739],[141.561,38.691],[141.554,38.708],[141.523,38.716],[141.516,38.69],[141.491,38.69],[141.495,38.674],[141.445,38.673],[141.442,38.645],[141.497,38.645],[141.528,38.631],[141.508,38.615],[141.473,38.62],[141.427,38.594],[141.407,38.598],[141.416,38.606],[141.4,38.61],[141.403,38.624],[141.376,38.654],[141.386,38.674],[141.372,38.678],[141.37,38.719],[141.442,38.749],[141.488,38.745]]]]}},{"type":"Feature","properties":{"code":"0520200","name":"秋田県能代市"},"geometry":{"type":"MultiPolygon","coordinates":[[[[140.152,40.374],[140.197,40.344],[140.195,40.32],[140.219,40.29],[140.211,40.271],[140.222,40.255],[140.273,40.244],[140.283,40.225],[140.273,40.211],[140.3,40.204],[140.255,40.183],[140.243,40.112],[140.254,40.07],[140.238,40.048],[140.214,40.069],[140.19,40.069],[140.193,40.081],[140.174,40.1],[140.188,40.127],[140.18,40.132],[140.124,40.129],[140.067,40.157],[140.04,40.153],[140.025,40.125],[139.973,40.125],[139.992,40.178],[139.979,40.202],[140.026,40.217],[139.984,40.211],[140.005,40.224],[140.016,40.264],[140.065,40.271],[140.096,40.248],[140.134,40.264],[140.135,40.337],[140.152,40.374]]]]}},{"type":"Feature","properties":{"code":"0520300","name":"秋田県横手市"},"geometry":{"type":"MultiPolygon","coordinates":[[[[140.448,39.409],[140.466,39.402],[140.463,39.366],[140.488,39.385],[140.539,39.352],[140.53,39.362],[140.548,39.356],[140.55,39.374],[140.575,39.381],[140.611,39.381],[140.622,39.37],[140.656,39.389],[140.675,39.386],[140.688,39.348],[140.709,39.331],[140.694,39.32],[140.693,39.301],[140.718,39.296],[140.718,39.273],[140.788,39.238],[140.753,39.198],[140.699,39.187],[140.664,39.209],[140.619,39.187],[140.648,39.145],[140.663,39.154],[140.686,39.143],[140.682,39.093],[140.629,39.105],[140.612,39.124],[140.616,39.157],[140.601,39.184],[140.545,39.19],[140.548,39.176],[140.541,39.182],[140.537,39.172],[140.523,39.183],[140.525,39.202],[140.446,39.216],[140.4,39.263],[140.344,39.251],[140.33,39.262],[140.342,39.295],[140.356,39.297],[140.341,39.327],[140.328,39.325],[140.32,39.349],[140.27,39.355],[140.262,39.377],[140.333,39.376],[140.363,39.396],[140.387,39.384],[140.385,39.399],[140.448,39.409]]]]}},{"type":"Feature","properties":{"code":"0520400","name":"秋田県大館市"},"geometry":{"type":"MultiPolygon","coordinates":[[[[140.392,40.485],[140.403,40.475],[140.436,40.48],[140.441,40.45],[140.478,40.453],[140.509,40.429],[140.529,40.431],[140.524,40.411],[140.559,40.397],[140.569,40.401],[140.555,40.423],[140.59,40.436],[140.625,40.424],[140.633,40.403],[140.677,40.412],[140.683,40.373],[140.722,40.33],[140.711,40.32],[140.725,40.295],[140.727,40.23],[140.71,40.222],[140.729,40.19],[140.701,40.194],[140.7,40.177],[140.714,40.155],[140.743,40.152],[140.721,40.127],[140.717,40.08],[140.697,40.048],[140.68,40.078],[140.637,40.091],[140.617,40.08],[140.6,40.087],[140.601,40.121],[140.554,40.135],[140.539,40.159],[140.52,40.147],[140.496,40.154],[140.502,40.164],[140.48,40.192],[140.486,40.212],[140.469,40.222],[140.472,40.241],[140.407,40.26],[140.416,40.274],[140.333,40.398],[140.343,40.46],[140.392,40.485]]]]}},{"type":"Feature","properties":{"code":"0520600","name":"秋田県男鹿市"},"geometry":{"type":"MultiPolygon","coordinates":[[[[139.864,39.89],[139.847,39.878],[139.865,39.874],[139.859,39.866],[139.754,39.858],[139.735,39.905],[139.706,39.928],[139.702,39.942],[139.721,39.955],[139.702,39.961],[139.693,39.995],[139.701,40.007],[139.723,39.982],[139.816,39.959],[139.873,39.989],[139.945,40.073],[139.957,40.07],[139.952,40.037],[139.931,40.024],[139.943,40.003],[139.923,39.96],[139.976,39.928],[139.954,39.898],[139.973,39.884],[139.909,39.902],[139.864,39.89]]]]}},{"type":"Feature","properties":{"code":"0520700","name":"秋田県湯沢市"},"geometry":{"type":"MultiPolygon","coordinates":[[[[140.463,39.218],[140.524,39.203],[140.523,39.184],[140.536,39.173],[140.542,39.182],[140.548,39.176],[140.544,39.19],[140.568,39.193],[140.602,39.182],[140.616,39.157],[140.612,39.124],[140.63,39.105],[140.683,39.092],[140.683,39.066],[140.707,39.046],[140.703,39.013],[140.754,38.958],[140.653,38.889],[140.614,38.894],[140.562,38.874],[140.538,38.9],[140.5,38.895],[140.483,38.916],[140.462,38.919],[140.451,38.971],[140.432,38.991],[140.375,38.995],[140.362,39.025],[140.332,39.031],[140.342,39.084],[140.392,39.105],[140.431,39.164],[140.46,39.175],[140.443,39.215],[140.463,39.218]]]]}},{"type":"Feature","properties":{"code":"0520900","name":"秋田県鹿角市"},"geometry":{"type":"MultiPolygon","coordinates":[[[[140.977,40.429],[140.995,40.356],[140.981,40.343],[140.962,40.347],[140.957,40.305],[140.944,40.296],[140.958,40.282],[140.946,40.259],[140.955,40.248],[140.944,40.245],[140.941,40.227],[140.905,40.222],[140.892,40.192],[140.859,40.171],[140.883,40.158],[140.867,40.132],[140.881,40.113],[140.872,40.091],[140.845,40.075],[140.856,40.044],[140.848,39.959],[140.814,39.976],[140.757,39.964],[140.754,39.984],[140.697,40.047],[140.717,40.079],[140.721,40.127],[140.744,40.147],[140.704,40.161],[140.699,40.178],[140.702,40.194],[140.729,40.191],[140.71,40.222],[140.727,40.229],[140.722,40.287],[140.767,40.285],[140.775,40.323],[140.778,40.315],[140.793,40.324],[140.783,40.355],[140.811,40.365],[140.833,40.425],[140.865,40.406],[140.942,40.43],[140.977,40.429]]]]}},{"type":"Feature","properties":{"code":"0521100","name":"秋田県潟上市"},"geometry":{"type":"MultiPolygon","coordinates":[[[[140.015,39.92],[140.033,39.906],[140.092,39.904],[140.131,39.867],[140.199,39.856],[140.168,39.844],[140.121,39.852],[140.094,39.835],[140.066,39.859],[140.049,39.848],[140.056,39.807],[140.035,39.805],[139.954,39.898],[139.976,39.928],[140.015,39.92]]]]}},{"type":"Feature","properties":{"code":"0521200","name":"秋田県大仙市"},"geometry":{"type":"MultiPolygon","coordinates":[[[[140.496,39.724],[140.505,39.694],[140.464,39.616],[140.5,39.585],[140.503,39.563],[140.533,39.552],[140.553,39.584],[140.594,39.573],[140.604,39.585],[140.636,39.57],[140.663,39.583],[140.686,39.578],[140.694,39.589],[140.716,39.583],[140.741,39.537],[140.714,39.498],[140.724,39.481],[140.698,39.468],[140.644,39.498],[140.56,39.484],[140.545,39.472],[140.557,39.469],[140.558,39.449],[140.514,39.437],[140.52,39.421],[140.503,39.414],[140.511,39.398],[140.486,39.402],[140.491,39.386],[140.469,39.366],[140.461,39.409],[140.386,39.399],[140.387,39.384],[140.357,39.396],[140.332,39.376],[140.288,39.395],[140.306,39.417],[140.271,39.432],[140.27,39.45],[140.284,39.461],[140.266,39.483],[140.275,39.491],[140.252,39.514],[140.245,39.542],[140.227,39.548],[140.283,39.625],[140.285,39.64],[140.266,39.651],[140.309,39.648],[140.308,39.67],[140.343,39.676],[140.348,39.691],[140.415,39.715],[140.446,39.705],[140.496,39.724]]]]}},{"type":"Feature","properties":{"code":"0521300","name":"秋田県北秋田市"},"geometry":{"type":"MultiPolygon","coordinates":[[[[140.354,40.354],[140.376,40.343],[140.377,40.321],[140.416,40.274],[140.407,40.261],[140.472,40.241],[140.47,40.222],[140.487,40.202],[140.479,40.192],[140.502,40.164],[140.496,40.154],[140.519,40.147],[140.538,40.159],[140.553,40.136],[140.591,40.129],[140.601,40.122],[140.6,40.089],[140.614,40.081],[140.637,40.091],[140.678,40.078],[140.701,40.031],[140.732,40.01],[140.63,39.927],[140.636,39.907],[140.626,39.89],[140.611,39.882],[140.577,39.895],[140.54,39.883],[140.536,39.861],[140.51,39.841],[140.514,39.812],[140.479,39.796],[140.459,39.824],[140.403,39.83],[140.372,39.893],[140.353,39.972],[140.376,39.989],[140.352,40.022],[140.379,40.05],[140.375,40.089],[140.327,40.082],[140.319,40.091],[140.271,40.069],[140.252,40.072],[140.247,40.089],[140.254,40.182],[140.3,40.202],[140.273,40.211],[140.282,40.223],[140.276,40.241],[140.308,40.252],[140.323,40.273],[140.326,40.311],[140.354,40.354]]]]}},{"type":"Feature","properties":{"code":"0521400","name":"秋田県にかほ市"},"geometry":{"type":"MultiPolygon","coordinates":[[[[139.996,39.296],[139.993,39.286],[140.038,39.26],[140.033,39.25],[140.058,39.227],[140.042,39.175],[140.063,39.162],[140.063,39.134],[140.009,39.123],[139.994,39.106],[139.87,39.118],[139.905,39.181],[139.893,39.212],[139.915,39.249],[139.916,39.275],[139.966,39.295],[139.98,39.312],[139.996,39.296]]]]}},{"type":"Feature","properties":{"code":"0521500","name":"秋田県仙北市"},"geometry":{"type":"MultiPolygon","coordinates":[[[[140.735,39.997],[140.76,39.963],[140.814,39.976],[140.855,39.956],[140.855,39.924],[140.88,39.884],[140.854,39.866],[140.826,39.886],[140.782,39.868],[140.787,39.824],[140.848,39.794],[140.805,39.746],[140.775,39.734],[140.823,39.688],[140.822,39.65],[140.804,39.612],[140.74,39.565],[140.696,39.589],[140.635,39.57],[140.602,39.586],[140.594,39.573],[140.554,39.585],[140.535,39.553],[140.508,39.559],[140.5,39.585],[140.464,39.615],[140.505,39.693],[140.495,39.718],[140.516,39.748],[140.48,39.797],[140.514,39.811],[140.51,39.841],[140.537,39.862],[140.54,39.883],[140.578,39.895],[140.618,39.885],[140.634,39.9],[140.635,39.933],[140.66,39.941],[140.714,39.997],[140.735,39.997]]]]}},{"type":"Feature","properties":{"code":"0530300","name":"秋田県小坂町"},"geometry":{"type":"MultiPolygon","coordinates":[[[[140.88,40.51],[140.862,40.442],[140.892,40.424],[140.926,40.422],[140.864,40.406],[140.834,40.425],[140.81,40.364],[140.783,40.355],[140.793,40.325],[140.774,40.321],[140.767,40.284],[140.726,40.289],[140.711,40.32],[140.722,40.331],[140.683,40.373],[140.677,40.414],[140.71,40.43],[140.734,40.416],[140.734,40.44],[140.768,40.453],[140.804,40.449],[140.82,40.495],[140.88,40.51]]]]}},{"type":"Feature","properties":{"code":"0532700","name":"秋田県上小阿仁村"},"geometry":{"type":"MultiPolygon","coordinates":[[[[140.349,40.091],[140.376,40.088],[140.379,40.049],[140.352,40.02],[140.376,39.989],[140.353,39.972],[140.355,39.945],[140.401,39.837],[140.372,39.836],[140.316,39.796],[140.296,39.833],[140.306,39.849],[140.293,39.927],[140.266,39.937],[140.248,39.959],[140.251,39.983],[140.234,39.992],[140.245,40.029],[140.237,40.047],[140.254,40.071],[140.349,40.091]]]]}},{"type":"Feature","properties":{"code":"0534600","name":"秋田県藤里町"},"geometry":{"type":"MultiPolygon","coordinates":[[[[140.292,40.446],[140.335,40.439],[140.334,40.386],[140.356,40.367],[140.308,40.253],[140.252,40.24],[140.212,40.27],[140.219,40.289],[140.201,40.303],[140.197,40.345],[140.156,40.374],[140.155,40.401],[140.114,40.402],[140.1,40.42],[140.107,40.436],[140.185,40.443],[140.219,40.431],[140.292,40.446]]]]}},{"type":"Feature","properties":{"code":"0534800","name":"秋田県三種町"},"geometry":{"type":"MultiPolygon","coordinates":[[[[140.069,40.157],[140.121,40.129],[140.188,40.128],[140.175,40.099],[140.193,40.08],[140.19,40.068],[140.215,40.069],[140.236,40.048],[140.243,40.016],[140.228,40.004],[140.159,40.011],[140.116,39.986],[140.123,39.978],[140.09,39.975],[140.069,39.989],[140.071,40.039],[140.059,40.062],[139.989,40.094],[139.98,40.067],[139.954,40.061],[139.946,40.074],[139.972,40.125],[140.026,40.125],[140.041,40.153],[140.069,40.157]]]]}},{"type":"Feature","properties":{"code":"0534900","name":"秋田県八峰町"},"geometry":{"type":"MultiPolygon","coordinates":[[[[140.07,40.468],[140.1,40.453],[140.112,40.404],[140.151,40.403],[140.164,40.385],[140.135,40.338],[140.133,40.263],[140.097,40.247],[140.067,40.27],[140.041,40.275],[140.018,40.263],[140.023,40.358],[139.938,40.427],[139.995,40.435],[140.018,40.42],[140.024,40.452],[140.07,40.468]]]]}},{"type":"Feature","properties":{"code":"0536100","name":"秋田県五城目町"},"geometry":{"type":"MultiPolygon","coordinates":[[[[140.203,40.013],[140.236,40.007],[140.235,39.991],[140.251,39.983],[140.248,39.959],[140.275,39.928],[140.293,39.927],[140.306,39.847],[140.293,39.831],[140.247,39.829],[140.216,39.863],[140.216,39.878],[140.176,39.894],[140.151,39.891],[140.118,39.925],[140.06,39.933],[140.108,39.943],[140.093,39.945],[140.093,39.964],[140.114,39.959],[140.117,39.987],[140.132,39.997],[140.203,40.013]]]]}},{"type":"Feature","properties":{"code":"0536300","name":"秋田県八郎潟町"},"geometry":{"type":"MultiPolygon","coordinates":[[[[140.069,39.987],[140.089,39.975],[140.12,39.979],[140.114,39.959],[140.095,39.968],[140.09,39.959],[140.093,39.946],[140.108,39.944],[140.045,39.94],[140.069,39.987]]]]}},{"type":"Feature","properties":{"code":"0536600","name":"秋田県井川町"},"geometry":{"type":"MultiPolygon","coordinates":[[[[140.063,39.932],[140.119,39.924],[140.151,39.891],[140.211,39.881],[140.217,39.865],[140.17,39.855],[140.116,39.876],[140.091,39.905],[140.033,39.906],[140.017,39.919],[140.063,39.932]]]]}},{"type":"Feature","properties":{"code":"0536800","name":"秋田県大潟村"},"geometry":{"type":"MultiPolygon","coordinates":[[[[139.998,40.093],[140.059,40.062],[140.071,40.04],[140.061,39.963],[140.016,39.92],[139.923,39.958],[139.944,40.004],[139.934,40.03],[139.98,40.068],[139.985,40.093],[139.998,40.093]]]]}},{"type":"Feature","properties":{"code":"0543400","name":"秋田県美郷町"},"geometry":{"type":"MultiPolygon","coordinates":[[[[140.645,39.498],[140.697,39.469],[140.677,39.447],[140.684,39.424],[140.659,39.415],[140.653,39.386],[140.621,39.37],[140.612,39.381],[140.555,39.376],[140.547,39.356],[140.53,39.363],[140.541,39.352],[140.49,39.38],[140.485,39.4],[140.51,39.397],[140.503,39.414],[140.52,39.421],[140.513,39.437],[140.559,39.45],[140.558,39.468],[140.545,39.471],[140.558,39.482],[140.645,39.498]]]]}},{"type":"Feature","properties":{"code":"0546300","name":"秋田県羽後町"},"geometry":{"type":"MultiPolygon","coordinates":[[[[140.402,39.26],[140.425,39.243],[140.423,39.23],[140.442,39.225],[140.46,39.176],[140.431,39.163],[140.393,39.106],[140.344,39.083],[140.221,39.222],[140.286,39.244],[140.341,39.244],[140.363,39.261],[140.402,39.26]]]]}},{"type":"Feature","properties":{"code":"0546400","name":"秋田県東成瀬村"},"geometry":{"type":"MultiPolygon","coordinates":[[[[140.669,39.206],[140.699,39.187],[140.766,39.208],[140.77,39.194],[140.808,39.181],[140.774,39.167],[140.749,39.139],[140.77,39.124],[140.756,39.118],[140.753,39.087],[140.801,39.078],[140.809,39.058],[140.764,39.0],[140.773,38.958],[140.755,38.959],[140.703,39.013],[140.706,39.05],[140.683,39.067],[140.687,39.142],[140.665,39.154],[140.647,39.145],[140.619,39.186],[140.64,39.205],[140.669,39.206]]]]}},{"type":"Feature","properties":{"code":"0620100","name":"山形県山形市"},"geometry":{"type":"MultiPolygon","coordinates":[[[[140.518,38.351],[140.53,38.321],[140.52,38.31],[140.506,38.314],[140.492,38.301],[140.496,38.282],[140.471,38.269],[140.48,38.182],[140.446,38.144],[140.323,38.17],[140.306,38.19],[140.288,38.179],[140.276,38.191],[140.257,38.173],[140.245,38.209],[140.18,38.224],[140.214,38.237],[140.207,38.273],[140.277,38.278],[140.284,38.312],[140.303,38.319],[140.314,38.342],[140.331,38.325],[140.408,38.31],[140.448,38.339],[140.518,38.351]]]]}},{"type":"Feature","properties":{"code":"0620200","name":"山形県米沢市"},"geometry":{"type":"MultiPolygon","coordinates":[[[[140.131,37.986],[140.122,37.966],[140.147,37.979],[140.165,37.938],[140.191,37.938],[140.193,37.9],[140.212,37.896],[140.231,37.917],[140.267,37.918],[140.263,37.833],[140.298,37.807],[140.236,37.746],[140.165,37.757],[140.115,37.734],[140.052,37.779],[139.986,37.761],[139.958,37.815],[139.938,37.827],[139.938,37.866],[139.98,37.896],[140.013,37.901],[140.034,37.92],[140.034,37.94],[140.051,37.939],[140.053,37.957],[140.075,37.975],[140.104,37.97],[140.131,37.986]]]]}},{"type":"Feature","properties":{"code":"0620500","name":"山形県新庄市"},"geometry":{"type":"MultiPolygon","coordinates":[[[[140.49,38.902],[140.485,38.863],[140.429,38.818],[140.42,38.782],[140.385,38.746],[140.363,38.745],[140.303,38.7],[140.263,38.697],[140.265,38.719],[140.195,38.717],[140.208,38.742],[140.199,38.757],[140.268,38.776],[140.267,38.79],[140.254,38.786],[140.314,38.825],[140.295,38.849],[140.378,38.843],[140.49,38.902]]]]}},{"type":"Feature","properties":{"code":"0620600","name":"山形県寒河江市"},"geometry":{"type":"MultiPolygon","coordinates":[[[[140.183,38.532],[140.237,38.517],[140.248,38.477],[140.263,38.465],[140.254,38.451],[140.268,38.411],[140.284,38.411],[140.291,38.394],[140.321,38.377],[140.308,38.346],[140.293,38.354],[140.291,38.344],[140.271,38.345],[140.264,38.359],[140.223,38.342],[140.21,38.376],[140.218,38.388],[140.182,38.396],[140.206,38.404],[140.193,38.411],[140.2,38.435],[140.185,38.441],[140.188,38.477],[140.15,38.516],[140.163,38.531],[140.183,38.532]]]]}},{"type":"Feature","properties":{"code":"0620700","name":"山形県上山市"},"geometry":{"type":"MultiPolygon","coordinates":[[[[140.196,38.224],[140.212,38.211],[140.245,38.209],[140.257,38.173],[140.277,38.192],[140.286,38.179],[140.308,38.188],[140.323,38.17],[140.432,38.152],[140.446,38.13],[140.424,38.121],[140.418,38.08],[140.381,38.07],[140.374,38.057],[140.276,38.057],[140.183,38.129],[140.21,38.142],[140.185,38.222],[140.196,38.224]]]]}},{"type":"Feature","properties":{"code":"0620800","name":"山形県村山市"},"geometry":{"type":"MultiPolygon","coordinates":[[[[140.305,38.579],[140.37,38.544],[140.389,38.57],[140.409,38.569],[140.418,38.552],[140.435,38.561],[140.43,38.525],[140.462,38.502],[140.461,38.487],[140.42,38.468],[140.349,38.474],[140.341,38.464],[140.359,38.464],[140.346,38.455],[140.251,38.474],[140.236,38.518],[140.209,38.533],[140.241,38.568],[140.305,38.579]]]]}},{"type":"Feature","properties":{"code":"0620900","name":"山形県長井市"},"geometry":{"type":"MultiPolygon","coordinates":[[[[139.915,38.246],[139.944,38.23],[139.941,38.209],[139.978,38.18],[140.016,38.174],[140.084,38.129],[140.097,38.138],[140.109,38.13],[140.102,38.1],[140.056,38.051],[140.029,38.043],[140.01,38.082],[139.948,38.087],[139.898,38.108],[139.878,38.199],[139.915,38.246]]]]}},{"type":"Feature","properties":{"code":"0621000","name":"山形県天童市"},"geometry":{"type":"MultiPolygon","coordinates":[[[[140.433,38.405],[140.471,38.369],[140.515,38.352],[140.448,38.339],[140.406,38.311],[140.331,38.325],[140.307,38.345],[140.333,38.4],[140.403,38.395],[140.433,38.405]]]]}},{"type":"Feature","properties":{"code":"0621100","name":"山形県東根市"},"geometry":{"type":"MultiPolygon","coordinates":[[[[140.463,38.487],[140.516,38.483],[140.529,38.458],[140.578,38.453],[140.586,38.442],[140.571,38.413],[140.578,38.393],[140.52,38.35],[140.47,38.37],[140.431,38.405],[140.402,38.395],[140.334,38.4],[140.338,38.424],[140.328,38.425],[140.344,38.427],[140.338,38.448],[140.359,38.463],[140.341,38.464],[140.347,38.473],[140.42,38.468],[140.463,38.487]]]]}},{"type":"Feature","properties":{"code":"0621200","name":"山形県尾花沢市"},"geometry":{"type":"MultiPolygon","coordinates":[[[[140.461,38.714],[140.474,38.695],[140.525,38.694],[140.546,38.675],[140.537,38.635],[140.578,38.57],[140.555,38.531],[140.572,38.526],[140.568,38.501],[140.603,38.483],[140.608,38.459],[140.62,38.456],[140.598,38.437],[140.575,38.454],[140.53,38.458],[140.515,38.483],[140.464,38.484],[140.462,38.502],[140.431,38.524],[140.435,38.561],[140.417,38.553],[140.402,38.589],[140.376,38.6],[140.381,38.627],[140.347,38.642],[140.354,38.65],[140.316,38.648],[140.318,38.682],[140.374,38.685],[140.397,38.702],[140.461,38.714]]]]}},{"type":"Feature","properties":{"code":"0621300","name":"山形県南陽市"},"geometry":{"type":"MultiPolygon","coordinates":[[[[140.182,38.223],[140.21,38.143],[140.183,38.129],[140.237,38.087],[140.199,38.055],[140.211,38.043],[140.181,38.041],[140.157,38.02],[140.122,38.021],[140.094,38.05],[140.078,38.047],[140.072,38.066],[140.102,38.1],[140.106,38.126],[140.129,38.137],[140.169,38.219],[140.182,38.223]]]]}},{"type":"Feature","properties":{"code":"0630100","name":"山形県山辺町"},"geometry":{"type":"MultiPolygon","coordinates":[[[[140.205,38.329],[140.228,38.306],[140.28,38.319],[140.287,38.302],[140.267,38.274],[140.206,38.273],[140.214,38.236],[140.173,38.223],[140.154,38.256],[140.181,38.293],[140.195,38.292],[140.189,38.316],[140.205,38.329]]]]}},{"type":"Feature","properties":{"code":"0630200","name":"山形県中山町"},"geometry":{"type":"MultiPolygon","coordinates":[[[[140.264,38.359],[140.283,38.342],[140.306,38.351],[140.3,38.315],[140.228,38.306],[140.204,38.33],[140.264,38.359]]]]}},{"type":"Feature","properties":{"code":"0632100","name":"山形県河北町"},"geometry":{"type":"MultiPolygon","coordinates":[[[[140.267,38.473],[140.345,38.458],[140.346,38.429],[140.327,38.423],[140.341,38.406],[140.323,38.376],[140.29,38.395],[140.283,38.412],[140.268,38.41],[140.255,38.452],[140.255,38.471],[140.267,38.473]]]]}},{"type":"Feature","properties":{"code":"0632200","name":"山形県西川町"},"geometry":{"type":"MultiPolygon","coordinates":[[[[140.032,38.54],[140.035,38.506],[140.05,38.496],[140.086,38.513],[140.118,38.493],[140.151,38.514],[140.17,38.5],[140.188,38.476],[140.18,38.461],[140.205,38.403],[140.09,38.406],[140.063,38.381],[140.019,38.404],[140.006,38.381],[140.01,38.336],[139.961,38.315],[139.945,38.274],[139.921,38.263],[139.875,38.317],[139.917,38.366],[139.916,38.417],[139.935,38.434],[139.926,38.479],[139.942,38.489],[139.932,38.502],[140.003,38.541],[140.032,38.54]]]]}},{"type":"Feature","properties":{"code":"0632300","name":"山形県朝日町"},"geometry":{"type":"MultiPolygon","coordinates":[[[[140.153,38.363],[140.199,38.35],[140.182,38.326],[140.198,38.327],[140.195,38.293],[140.168,38.281],[140.153,38.243],[140.129,38.257],[140.089,38.242],[140.063,38.266],[140.042,38.244],[140.013,38.243],[139.993,38.188],[139.978,38.18],[139.96,38.203],[139.941,38.209],[139.944,38.23],[139.917,38.247],[139.924,38.266],[139.971,38.272],[140.015,38.314],[140.029,38.299],[140.058,38.322],[140.086,38.317],[140.109,38.35],[140.153,38.363]]]]}},{"type":"Feature","properties":{"code":"0632400","name":"山形県大江町"},"geometry":{"type":"MultiPolygon","coordinates":[[[[140.144,38.404],[140.218,38.387],[140.21,38.376],[140.226,38.357],[140.219,38.33],[140.182,38.324],[140.198,38.354],[140.152,38.363],[140.109,38.35],[140.086,38.317],[140.057,38.322],[140.029,38.299],[140.014,38.314],[139.97,38.272],[139.945,38.273],[139.962,38.315],[140.01,38.335],[140.006,38.379],[140.02,38.404],[140.061,38.381],[140.089,38.406],[140.144,38.404]]]]}},{"type":"Feature","properties":{"code":"0634100","name":"山形県大石田町"},"geometry":{"type":"MultiPolygon","coordinates":[[[[140.326,38.649],[140.367,38.639],[140.381,38.626],[140.381,38.592],[140.402,38.589],[140.404,38.571],[140.39,38.57],[140.379,38.545],[140.314,38.579],[140.247,38.57],[140.303,38.615],[140.3,38.641],[140.326,38.649]]]]}},{"type":"Feature","properties":{"code":"0636100","name":"山形県金山町"},"geometry":{"type":"MultiPolygon","coordinates":[[[[140.364,38.964],[140.417,38.949],[140.428,38.933],[140.451,38.945],[140.464,38.918],[140.492,38.902],[140.378,38.843],[140.294,38.849],[140.298,38.863],[140.281,38.875],[140.296,38.907],[140.291,38.934],[140.32,38.956],[140.364,38.964]]]]}},{"type":"Feature","properties":{"code":"0636200","name":"山形県最上町"},"geometry":{"type":"MultiPolygon","coordinates":[[[[140.54,38.898],[140.54,38.863],[140.59,38.836],[140.604,38.784],[140.646,38.77],[140.607,38.722],[140.607,38.703],[140.622,38.7],[140.624,38.687],[140.59,38.634],[140.545,38.651],[140.546,38.675],[140.525,38.694],[140.474,38.695],[140.448,38.74],[140.389,38.752],[140.423,38.785],[140.429,38.82],[140.484,38.862],[140.494,38.899],[140.54,38.898]]]]}},{"type":"Feature","properties":{"code":"0636300","name":"山形県舟形町"},"geometry":{"type":"MultiPolygon","coordinates":[[[[140.395,38.746],[140.449,38.739],[140.459,38.722],[140.374,38.685],[140.313,38.679],[140.32,38.659],[140.3,38.641],[140.303,38.615],[140.241,38.568],[140.237,38.589],[140.255,38.607],[140.234,38.632],[140.257,38.652],[140.248,38.663],[140.263,38.686],[140.256,38.697],[140.303,38.7],[140.363,38.745],[140.395,38.746]]]]}},{"type":"Feature","properties":{"code":"0636400","name":"山形県真室川町"},"geometry":{"type":"MultiPolygon","coordinates":[[[[140.194,39.06],[140.204,39.054],[140.202,39.035],[140.226,39.027],[140.26,39.035],[140.31,39.014],[140.328,39.035],[140.361,39.026],[140.375,38.995],[140.432,38.992],[140.451,38.972],[140.453,38.951],[140.429,38.933],[140.417,38.948],[140.368,38.965],[140.309,38.949],[140.291,38.934],[140.296,38.909],[140.281,38.889],[140.298,38.864],[140.287,38.836],[140.236,38.837],[140.206,38.87],[140.122,38.873],[140.119,38.896],[140.14,38.916],[140.124,38.922],[140.121,38.94],[140.141,38.946],[140.147,38.97],[140.112,38.985],[140.114,39.024],[140.138,39.045],[140.194,39.06]]]]}},{"type":"Feature","properties":{"code":"0636500","name":"山形県大蔵村"},"geometry":{"type":"MultiPolygon","coordinates":[[[[140.232,38.723],[140.266,38.718],[140.257,38.717],[140.263,38.686],[140.25,38.676],[140.257,38.652],[140.234,38.632],[140.255,38.605],[140.237,38.59],[140.235,38.551],[140.207,38.533],[140.162,38.531],[140.123,38.494],[140.087,38.513],[140.039,38.501],[140.036,38.532],[140.054,38.528],[140.117,38.578],[140.105,38.601],[140.112,38.617],[140.178,38.631],[140.198,38.654],[140.198,38.715],[140.232,38.723]]]]}},{"type":"Feature","properties":{"code":"0636600","name":"山形県鮭川村"},"geometry":{"type":"MultiPolygon","coordinates":[[[[140.14,38.874],[140.206,38.869],[140.236,38.837],[140.302,38.839],[140.314,38.825],[140.256,38.787],[140.271,38.788],[140.268,38.776],[140.217,38.765],[140.199,38.795],[140.16,38.803],[140.164,38.812],[140.145,38.802],[140.114,38.835],[140.088,38.842],[140.091,38.862],[140.14,38.874]]]]}},{"type":"Feature","properties":{"code":"0636700","name":"山形県戸沢村"},"geometry":{"type":"MultiPolygon","coordinates":[[[[140.122,38.817],[140.145,38.802],[140.162,38.812],[140.161,38.802],[140.199,38.795],[140.215,38.766],[140.2,38.757],[140.208,38.743],[140.193,38.722],[140.199,38.655],[140.177,38.63],[140.153,38.631],[140.136,38.614],[140.072,38.634],[140.033,38.678],[140.056,38.726],[140.035,38.749],[140.03,38.775],[140.085,38.801],[140.083,38.817],[140.122,38.817]]]]}},{"type":"Feature","properties":{"code":"0638100","name":"山形県高畠町"},"geometry":{"type":"MultiPolygon","coordinates":[[[[140.238,38.081],[140.283,38.051],[140.276,38.03],[140.289,38.008],[140.272,37.968],[140.279,37.934],[140.271,37.919],[140.194,37.899],[140.192,37.937],[140.165,37.938],[140.148,37.979],[140.122,37.965],[140.131,37.986],[140.111,37.98],[140.136,38.006],[140.126,38.023],[140.157,38.019],[140.181,38.041],[140.212,38.043],[140.199,38.054],[140.238,38.081]]]]}},{"type":"Feature","properties":{"code":"0638200","name":"山形県川西町"},"geometry":{"type":"MultiPolygon","coordinates":[[[[140.067,38.066],[140.079,38.046],[140.104,38.043],[140.108,38.026],[140.135,38.019],[140.136,38.006],[140.104,37.97],[140.075,37.976],[140.052,37.94],[140.034,37.94],[140.034,37.92],[140.012,37.901],[139.949,37.876],[139.936,37.898],[139.946,37.906],[139.942,37.925],[139.926,37.928],[139.924,37.942],[139.952,37.947],[139.976,38.007],[140.023,38.014],[140.036,38.026],[140.029,38.042],[140.067,38.066]]]]}},{"type":"Feature","properties":{"code":"0640100","name":"山形県小国町"},"geometry":{"type":"MultiPolygon","coordinates":[[[[139.904,38.275],[139.922,38.26],[139.878,38.199],[139.879,38.172],[139.896,38.149],[139.887,38.136],[139.898,38.107],[139.887,38.087],[139.91,38.066],[139.923,38.012],[139.898,37.983],[139.856,37.979],[139.851,37.961],[139.861,37.955],[139.845,37.926],[139.826,37.925],[139.806,37.903],[139.811,37.889],[139.752,37.86],[139.732,37.831],[139.716,37.854],[139.681,37.847],[139.638,37.88],[139.625,37.917],[139.643,37.946],[139.639,37.985],[139.654,37.997],[139.655,38.034],[139.693,38.057],[139.691,38.074],[139.671,38.077],[139.694,38.116],[139.688,38.182],[139.712,38.206],[139.785,38.192],[139.86,38.231],[139.876,38.261],[139.904,38.275]]]]}},{"type":"Feature","properties":{"code":"0640200","name":"山形県白鷹町"},"geometry":{"type":"MultiPolygon","coordinates":[[[[140.072,38.266],[140.09,38.241],[140.128,38.257],[140.172,38.235],[140.159,38.192],[140.115,38.129],[140.098,38.138],[140.083,38.129],[140.021,38.172],[139.979,38.179],[139.994,38.191],[140.013,38.243],[140.043,38.245],[140.072,38.266]]]]}},{"type":"Feature","properties":{"code":"0640300","name":"山形県飯豊町"},"geometry":{"type":"MultiPolygon","coordinates":[[[[139.901,38.107],[139.948,38.087],[139.987,38.091],[140.015,38.079],[140.036,38.026],[140.013,38.009],[139.976,38.007],[139.952,37.948],[139.924,37.942],[139.946,37.906],[139.936,37.902],[139.949,37.875],[139.937,37.862],[139.937,37.828],[139.925,37.814],[139.887,37.81],[139.858,37.827],[139.81,37.803],[139.783,37.832],[139.741,37.82],[139.732,37.831],[139.752,37.86],[139.81,37.889],[139.812,37.912],[139.847,37.928],[139.857,37.979],[139.899,37.984],[139.923,38.013],[139.91,38.066],[139.887,38.087],[139.901,38.107]]]]}},{"type":"Feature","properties":{"code":"0642600","name":"山形県三川町"},"geometry":{"type":"MultiPolygon","coordinates":[[[[139.843,38.824],[139.869,38.827],[139.861,38.817],[139.889,38.791],[139.867,38.76],[139.87,38.747],[139.849,38.752],[139.843,38.783],[139.811,38.785],[139.825,38.81],[139.813,38.84],[139.843,38.824]]]]}},{"type":"Feature","properties":{"code":"0642800","name":"山形県庄内町"},"geometry":{"type":"MultiPolygon","coordinates":[[[[139.917,38.885],[139.945,38.865],[139.934,38.854],[139.948,38.833],[139.968,38.829],[139.967,38.817],[139.992,38.809],[139.998,38.792],[140.027,38.789],[140.034,38.749],[140.056,38.726],[140.034,38.674],[140.072,38.634],[140.111,38.616],[140.105,38.6],[140.117,38.578],[140.055,38.528],[140.035,38.534],[140.02,38.589],[139.991,38.608],[139.997,38.637],[139.984,38.662],[139.986,38.708],[140.0,38.725],[139.994,38.748],[139.946,38.753],[139.948,38.772],[139.854,38.841],[139.849,38.864],[139.883,38.849],[139.892,38.855],[139.884,38.867],[139.917,38.885]]]]}},{"type":"Feature","properties":{"code":"0646100","name":"山形県遊佐町"},"geometry":{"type":"MultiPolygon","coordinates":[[[[140.063,39.106],[140.014,39.009],[139.918,38.985],[139.901,38.999],[139.87,39.0],[139.866,38.979],[139.841,38.985],[139.879,39.096],[139.871,39.118],[139.994,39.106],[140.008,39.123],[140.062,39.133],[140.063,39.106]]]]}},{"type":"Feature","properties":{"code":"0720100","name":"福島県福島市"},"geometry":{"type":"MultiPolygon","coordinates":[[[[140.286,37.973],[140.35,37.95],[140.386,37.953],[140.388,37.968],[140.407,37.974],[140.427,37.956],[140.474,37.947],[140.468,37.924],[140.483,37.902],[140.466,37.892],[140.459,37.865],[140.484,37.847],[140.472,37.841],[140.49,37.827],[140.486,37.813],[140.52,37.807],[140.528,37.763],[140.568,37.765],[140.54,37.694],[140.566,37.655],[140.529,37.636],[140.527,37.647],[140.514,37.641],[140.503,37.624],[140.503,37.639],[140.485,37.634],[140.483,37.651],[140.286,37.64],[140.278,37.662],[140.231,37.679],[140.241,37.754],[140.299,37.808],[140.262,37.835],[140.265,37.912],[140.281,37.941],[140.271,37.966],[140.286,37.973]]]]}},{"type":"Feature","properties":{"code":"0720200","name":"福島県会津若松市"},"geometry":{"type":"MultiPolygon","coordinates":[[[[139.907,37.583],[140.016,37.543],[140.015,37.524],[140.031,37.503],[140.113,37.47],[140.051,37.415],[140.051,37.356],[140.013,37.323],[139.953,37.337],[139.919,37.325],[139.91,37.34],[139.918,37.355],[139.887,37.343],[139.875,37.361],[139.926,37.399],[139.912,37.414],[139.904,37.461],[139.865,37.458],[139.839,37.506],[139.846,37.529],[139.872,37.533],[139.873,37.547],[139.903,37.546],[139.895,37.574],[139.907,37.583]]]]}},{"type":"Feature","properties":{"code":"0720301","name":"気象庁予報警報規程別表第四の二に示す「郡山市」の区域"},"geometry":{"type":"MultiPolygon","coordinates":[[[[140.188,37.372],[140.198,37.379],[140.181,37.428],[140.216,37.45],[140.201,37.454],[140.19,37.51],[140.165,37.526],[140.204,37.56],[140.228,37.555],[140.238,37.589],[140.286,37.625],[140.278,37.582],[140.306,37.517],[140.319,37.518],[140.326,37.471],[140.342,37.48],[140.371,37.471],[140.406,37.49],[140.485,37.478],[140.471,37.467],[140.472,37.433],[140.427,37.43],[140.424,37.413],[140.437,37.421],[140.451,37.408],[140.443,37.398],[140.453,37.386],[140.478,37.39],[140.479,37.371],[140.494,37.388],[140.521,37.392],[140.559,37.366],[140.539,37.334],[140.564,37.314],[140.56,37.274],[140.525,37.268],[140.455,37.306],[140.378,37.326],[140.376,37.343],[140.239,37.335],[140.188,37.372]]]]}},{"type":"Feature","properties":{"code":"0720400","name":"福島県いわき市"},"geometry":{"type":"MultiPolygon","coordinates":[[[[140.724,37.319],[140.74,37.299],[140.793,37.285],[140.788,37.267],[140.804,37.252],[140.853,37.258],[140.859,37.275],[140.877,37.277],[140.868,37.26],[140.874,37.222],[140.899,37.222],[140.951,37.188],[141.001,37.182],[141.0,37.109],[140.978,37.071],[140.973,37.023],[140.983,36.996],[140.97,36.974],[140.924,36.935],[140.903,36.945],[140.864,36.917],[140.817,36.908],[140.794,36.884],[140.79,36.856],[140.616,36.903],[140.566,36.985],[140.599,37.005],[140.599,37.016],[140.619,37.017],[140.625,37.049],[140.664,37.09],[140.633,37.154],[140.625,37.143],[140.611,37.155],[140.607,37.204],[140.682,37.233],[140.691,37.305],[140.724,37.319]]]]}},{"type":"Feature","properties":{"code":"0720500","name":"福島県白河市"},"geometry":{"type":"MultiPolygon","coordinates":[[[[140.117,37.261],[140.225,37.224],[140.29,37.218],[140.301,37.199],[140.293,37.189],[140.235,37.181],[140.277,37.168],[140.267,37.147],[140.293,37.139],[140.293,37.126],[140.359,37.117],[140.386,37.126],[140.411,37.108],[140.354,37.074],[140.362,37.063],[140.351,37.062],[140.352,37.047],[140.316,37.043],[140.31,37.017],[140.276,37.014],[140.264,37.001],[140.249,37.026],[140.204,37.024],[140.195,37.063],[140.149,37.094],[140.182,37.108],[140.19,37.122],[140.178,37.129],[140.201,37.137],[140.209,37.168],[140.149,37.211],[140.14,37.199],[140.101,37.239],[140.099,37.251],[140.117,37.261]]]]}},{"type":"Feature","properties":{"code":"0720700","name":"福島県須賀川市"},"geometry":{"type":"MultiPolygon","coordinates":[[[[140.198,37.358],[140.216,37.358],[140.245,37.334],[140.375,37.343],[140.378,37.326],[140.456,37.306],[140.535,37.266],[140.51,37.249],[140.487,37.25],[140.486,37.225],[140.456,37.224],[140.425,37.229],[140.422,37.241],[140.364,37.248],[140.381,37.265],[140.358,37.279],[140.339,37.279],[140.323,37.248],[140.298,37.246],[140.193,37.271],[140.107,37.314],[140.116,37.329],[140.166,37.338],[140.188,37.372],[140.198,37.358]]]]}},{"type":"Feature","properties":{"code":"0720800","name":"福島県喜多方市"},"geometry":{"type":"MultiPolygon","coordinates":[[[[139.708,37.856],[139.741,37.821],[139.782,37.832],[139.81,37.803],[139.859,37.827],[139.887,37.809],[139.925,37.814],[139.931,37.829],[139.958,37.815],[139.968,37.783],[139.993,37.758],[139.998,37.724],[139.927,37.676],[139.91,37.647],[139.957,37.652],[140.0,37.63],[139.998,37.605],[139.973,37.607],[139.933,37.58],[139.881,37.594],[139.864,37.582],[139.831,37.605],[139.793,37.605],[139.8,37.623],[139.786,37.627],[139.81,37.624],[139.805,37.638],[139.782,37.629],[139.782,37.591],[139.755,37.599],[139.713,37.588],[139.701,37.614],[139.67,37.609],[139.674,37.629],[139.699,37.634],[139.712,37.655],[139.706,37.693],[139.737,37.757],[139.73,37.78],[139.746,37.791],[139.729,37.812],[139.74,37.821],[139.715,37.853],[139.682,37.847],[139.708,37.856]]]]}},{"type":"Feature","properties":{"code":"0720900","name":"福島県相馬市"},"geometry":{"type":"MultiPolygon","coordinates":[[[[140.967,37.844],[140.964,37.831],[140.981,37.826],[140.976,37.837],[140.987,37.823],[140.989,37.773],[141.008,37.749],[141.011,37.722],[140.962,37.743],[140.875,37.747],[140.842,37.734],[140.826,37.748],[140.768,37.762],[140.733,37.75],[140.735,37.768],[140.703,37.76],[140.678,37.78],[140.703,37.803],[140.727,37.781],[140.745,37.788],[140.796,37.774],[140.802,37.779],[140.765,37.798],[140.775,37.806],[140.852,37.795],[140.855,37.842],[140.959,37.841],[140.962,37.831],[140.967,37.844]]]]}},{"type":"Feature","properties":{"code":"0721000","name":"福島県二本松市"},"geometry":{"type":"MultiPolygon","coordinates":[[[[140.555,37.651],[140.586,37.615],[140.631,37.606],[140.634,37.573],[140.682,37.586],[140.681,37.537],[140.525,37.499],[140.504,37.512],[140.505,37.525],[140.468,37.529],[140.437,37.553],[140.419,37.539],[140.393,37.562],[140.357,37.557],[140.335,37.587],[140.347,37.591],[140.345,37.61],[140.291,37.62],[140.28,37.641],[140.483,37.651],[140.483,37.636],[140.503,37.639],[140.502,37.624],[140.513,37.641],[140.526,37.648],[140.53,37.636],[140.555,37.651]]]]}},{"type":"Feature","properties":{"code":"0721100","name":"福島県田村市"},"geometry":{"type":"MultiPolygon","coordinates":[[[[140.687,37.534],[140.705,37.524],[140.695,37.502],[140.772,37.472],[140.835,37.468],[140.862,37.41],[140.86,37.388],[140.85,37.372],[140.763,37.385],[140.735,37.403],[140.715,37.397],[140.699,37.369],[140.722,37.319],[140.695,37.314],[140.693,37.289],[140.65,37.275],[140.637,37.287],[140.649,37.323],[140.642,37.339],[140.585,37.352],[140.516,37.392],[140.506,37.417],[140.518,37.417],[140.527,37.446],[140.505,37.458],[140.512,37.47],[140.522,37.459],[140.542,37.462],[140.523,37.465],[140.523,37.478],[140.547,37.465],[140.56,37.475],[140.558,37.501],[140.574,37.51],[140.656,37.538],[140.687,37.534]]]]}},{"type":"Feature","properties":{"code":"0721200","name":"福島県南相馬市"},"geometry":{"type":"MultiPolygon","coordinates":[[[[140.876,37.746],[140.961,37.743],[141.011,37.722],[141.015,37.675],[141.041,37.665],[141.019,37.67],[141.032,37.667],[141.019,37.658],[141.034,37.514],[140.995,37.508],[140.932,37.531],[140.914,37.519],[140.881,37.524],[140.874,37.546],[140.845,37.558],[140.841,37.593],[140.816,37.614],[140.833,37.629],[140.824,37.671],[140.814,37.675],[140.825,37.699],[140.811,37.705],[140.843,37.722],[140.84,37.733],[140.876,37.746]]]]}},{"type":"Feature","properties":{"code":"0721300","name":"福島県伊達市"},"geometry":{"type":"MultiPolygon","coordinates":[[[[140.614,37.915],[140.627,37.899],[140.69,37.888],[140.682,37.876],[140.692,37.85],[140.68,37.837],[140.695,37.804],[140.678,37.78],[140.703,37.76],[140.737,37.761],[140.678,37.738],[140.662,37.703],[140.611,37.714],[140.586,37.69],[140.564,37.714],[140.543,37.711],[140.567,37.765],[140.528,37.763],[140.52,37.807],[140.484,37.816],[140.517,37.836],[140.535,37.829],[140.557,37.84],[140.581,37.872],[140.593,37.865],[140.594,37.902],[140.614,37.915]]]]}},{"type":"Feature","properties":{"code":"0721400","name":"福島県本宮市"},"geometry":{"type":"MultiPolygon","coordinates":[[[[140.444,37.54],[140.505,37.525],[140.518,37.504],[140.507,37.485],[140.418,37.481],[140.407,37.491],[140.37,37.471],[140.336,37.478],[140.334,37.468],[140.318,37.478],[140.316,37.506],[140.382,37.518],[140.385,37.535],[140.414,37.532],[140.436,37.554],[140.444,37.54]]]]}},{"type":"Feature","properties":{"code":"0730100","name":"福島県桑折町"},"geometry":{"type":"MultiPolygon","coordinates":[[[[140.488,37.899],[140.562,37.858],[140.564,37.845],[140.535,37.831],[140.482,37.827],[140.472,37.844],[140.484,37.847],[140.46,37.873],[140.468,37.894],[140.488,37.899]]]]}},{"type":"Feature","properties":{"code":"0730300","name":"福島県国見町"},"geometry":{"type":"MultiPolygon","coordinates":[[[[140.575,37.915],[140.597,37.907],[140.587,37.882],[140.594,37.866],[140.58,37.871],[140.573,37.856],[140.487,37.894],[140.559,37.91],[140.568,37.922],[140.575,37.915]]]]}},{"type":"Feature","properties":{"code":"0730800","name":"福島県川俣町"},"geometry":{"type":"MultiPolygon","coordinates":[[[[140.566,37.714],[140.587,37.689],[140.611,37.714],[140.662,37.702],[140.645,37.692],[140.667,37.676],[140.669,37.629],[140.726,37.593],[140.713,37.573],[140.698,37.574],[140.686,37.547],[140.675,37.56],[140.682,37.586],[140.634,37.573],[140.63,37.606],[140.586,37.615],[140.567,37.633],[140.556,37.652],[140.569,37.661],[140.54,37.696],[140.566,37.714]]]]}},{"type":"Feature","properties":{"code":"0732200","name":"福島県大玉村"},"geometry":{"type":"MultiPolygon","coordinates":[[[[140.295,37.618],[140.344,37.61],[140.347,37.591],[140.335,37.588],[140.354,37.56],[140.394,37.562],[140.415,37.533],[140.386,37.535],[140.382,37.518],[140.319,37.507],[140.278,37.582],[140.295,37.618]]]]}},{"type":"Feature","properties":{"code":"0734200","name":"福島県鏡石町"},"geometry":{"type":"MultiPolygon","coordinates":[[[[140.347,37.28],[140.376,37.272],[140.38,37.263],[140.362,37.251],[140.389,37.245],[140.397,37.224],[140.355,37.227],[140.326,37.214],[140.315,37.223],[140.315,37.244],[140.347,37.28]]]]}},{"type":"Feature","properties":{"code":"0736200","name":"福島県下郷町"},"geometry":{"type":"MultiPolygon","coordinates":[[[[139.874,37.361],[139.886,37.343],[139.918,37.354],[139.91,37.341],[139.918,37.325],[139.953,37.337],[140.012,37.324],[139.978,37.273],[139.962,37.273],[139.966,37.247],[139.948,37.228],[139.981,37.202],[139.96,37.18],[139.961,37.153],[139.867,37.147],[139.834,37.175],[139.853,37.2],[139.834,37.226],[139.8,37.241],[139.755,37.235],[139.753,37.249],[139.706,37.256],[139.744,37.292],[139.786,37.284],[139.792,37.304],[139.831,37.318],[139.833,37.344],[139.874,37.361]]]]}},{"type":"Feature","properties":{"code":"0736400","name":"福島県檜枝岐村"},"geometry":{"type":"MultiPolygon","coordinates":[[[[139.259,37.197],[139.28,37.164],[139.341,37.171],[139.333,37.154],[139.343,37.121],[139.375,37.118],[139.387,37.107],[139.382,37.083],[139.415,37.07],[139.418,37.037],[139.448,37.012],[139.443,36.981],[139.46,36.97],[139.43,36.926],[139.384,36.911],[139.265,36.941],[139.243,36.93],[139.231,36.937],[139.251,36.962],[139.244,37.016],[139.26,37.045],[139.236,37.102],[139.253,37.165],[139.239,37.19],[139.259,37.197]]]]}},{"type":"Feature","properties":{"code":"0736700","name":"福島県只見町"},"geometry":{"type":"MultiPolygon","coordinates":[[[[139.365,37.469],[139.397,37.46],[139.403,37.445],[139.365,37.382],[139.382,37.355],[139.396,37.364],[139.404,37.347],[139.448,37.334],[139.516,37.379],[139.523,37.366],[139.553,37.36],[139.545,37.336],[139.576,37.323],[139.56,37.299],[139.526,37.312],[139.501,37.286],[139.475,37.291],[139.492,37.258],[139.48,37.231],[139.491,37.216],[139.457,37.175],[139.456,37.157],[139.426,37.133],[139.36,37.115],[139.342,37.124],[139.341,37.171],[139.286,37.162],[139.261,37.181],[139.257,37.202],[139.236,37.188],[139.221,37.209],[139.198,37.194],[139.165,37.239],[139.212,37.286],[139.218,37.333],[139.234,37.344],[139.231,37.388],[139.197,37.411],[139.216,37.443],[139.365,37.469]]]]}},{"type":"Feature","properties":{"code":"0736800","name":"福島県南会津町"},"geometry":{"type":"MultiPolygon","coordinates":[[[[139.527,37.311],[139.559,37.299],[139.574,37.307],[139.597,37.275],[139.587,37.253],[139.6,37.209],[139.621,37.215],[139.623,37.228],[139.654,37.229],[139.709,37.255],[139.754,37.249],[139.753,37.236],[139.773,37.232],[139.8,37.241],[139.835,37.225],[139.852,37.201],[139.833,37.176],[139.866,37.146],[139.816,37.117],[139.821,37.086],[139.774,37.091],[139.752,37.07],[139.674,37.058],[139.664,37.04],[139.625,37.033],[139.617,37.015],[139.582,37.015],[139.535,36.981],[139.455,36.971],[139.443,36.982],[139.449,37.011],[139.417,37.038],[139.414,37.07],[139.382,37.082],[139.387,37.107],[139.375,37.118],[139.426,37.133],[139.456,37.157],[139.457,37.175],[139.491,37.215],[139.48,37.23],[139.492,37.258],[139.474,37.291],[139.502,37.287],[139.527,37.311]]]]}},{"type":"Feature","properties":{"code":"0740200","name":"福島県北塩原村"},"geometry":{"type":"MultiPolygon","coordinates":[[[[140.052,37.779],[140.115,37.734],[140.17,37.756],[140.146,37.67],[140.097,37.646],[140.07,37.607],[140.046,37.615],[140.004,37.602],[140.0,37.63],[139.958,37.651],[139.91,37.646],[139.928,37.676],[139.999,37.725],[139.993,37.759],[140.052,37.779]]]]}},{"type":"Feature","properties":{"code":"0740500","name":"福島県西会津町"},"geometry":{"type":"MultiPolygon","coordinates":[[[[139.737,37.757],[139.706,37.694],[139.712,37.655],[139.699,37.635],[139.669,37.623],[139.68,37.621],[139.67,37.609],[139.701,37.614],[139.725,37.574],[139.7,37.575],[139.686,37.52],[139.674,37.522],[139.666,37.507],[139.585,37.514],[139.591,37.527],[139.566,37.546],[139.565,37.597],[139.549,37.609],[139.55,37.65],[139.628,37.689],[139.624,37.71],[139.65,37.73],[139.658,37.755],[139.726,37.812],[139.746,37.791],[139.73,37.78],[139.737,37.757]]]]}},{"type":"Feature","properties":{"code":"0740700","name":"福島県磐梯町"},"geometry":{"type":"MultiPolygon","coordinates":[[[[140.052,37.615],[140.072,37.604],[140.042,37.581],[140.048,37.564],[140.036,37.555],[140.051,37.54],[140.014,37.534],[140.016,37.543],[139.96,37.557],[139.928,37.579],[139.973,37.607],[140.052,37.615]]]]}},{"type":"Feature","properties":{"code":"0740800","name":"福島県猪苗代町"},"geometry":{"type":"MultiPolygon","coordinates":[[[[140.187,37.754],[140.241,37.743],[140.231,37.68],[140.278,37.662],[140.285,37.627],[140.239,37.59],[140.227,37.555],[140.203,37.56],[140.166,37.527],[140.19,37.51],[140.198,37.485],[140.2,37.45],[140.183,37.449],[140.032,37.503],[140.014,37.53],[140.051,37.54],[140.036,37.554],[140.048,37.564],[140.049,37.592],[140.072,37.601],[140.096,37.645],[140.146,37.67],[140.172,37.756],[140.187,37.754]]]]}},{"type":"Feature","properties":{"code":"0742100","name":"福島県会津坂下町"},"geometry":{"type":"MultiPolygon","coordinates":[[[[139.805,37.638],[139.809,37.623],[139.786,37.626],[139.8,37.622],[139.794,37.605],[139.81,37.612],[139.859,37.592],[139.872,37.533],[139.8,37.531],[139.771,37.514],[139.746,37.545],[139.753,37.563],[139.724,37.571],[139.718,37.593],[139.788,37.593],[139.783,37.63],[139.805,37.638]]]]}},{"type":"Feature","properties":{"code":"0742200","name":"福島県湯川村"},"geometry":{"type":"MultiPolygon","coordinates":[[[[139.882,37.594],[139.905,37.59],[139.895,37.572],[139.903,37.546],[139.872,37.543],[139.86,37.554],[139.861,37.582],[139.882,37.594]]]]}},{"type":"Feature","properties":{"code":"0742300","name":"福島県柳津町"},"geometry":{"type":"MultiPolygon","coordinates":[[[[139.704,37.575],[139.753,37.563],[139.746,37.544],[139.767,37.531],[139.764,37.475],[139.739,37.466],[139.761,37.405],[139.734,37.362],[139.668,37.348],[139.642,37.369],[139.666,37.39],[139.655,37.404],[139.66,37.435],[139.686,37.46],[139.681,37.475],[139.715,37.477],[139.682,37.498],[139.602,37.494],[139.595,37.51],[139.664,37.506],[139.674,37.522],[139.682,37.516],[139.704,37.575]]]]}},{"type":"Feature","properties":{"code":"0744400","name":"福島県三島町"},"geometry":{"type":"MultiPolygon","coordinates":[[[[139.649,37.502],[139.694,37.495],[139.715,37.477],[139.68,37.474],[139.686,37.46],[139.658,37.43],[139.655,37.404],[139.667,37.39],[139.65,37.372],[139.617,37.368],[139.603,37.375],[139.61,37.383],[139.587,37.422],[139.612,37.439],[139.616,37.457],[139.591,37.473],[139.604,37.496],[139.649,37.502]]]]}},{"type":"Feature","properties":{"code":"0744500","name":"福島県金山町"},"geometry":{"type":"MultiPolygon","coordinates":[[[[139.457,37.518],[139.476,37.503],[139.523,37.515],[139.564,37.502],[139.595,37.51],[139.604,37.488],[139.59,37.465],[139.616,37.457],[139.612,37.439],[139.586,37.422],[139.599,37.388],[139.528,37.39],[139.508,37.367],[139.444,37.334],[139.406,37.347],[139.399,37.363],[139.382,37.355],[139.364,37.382],[139.402,37.444],[139.411,37.504],[139.457,37.518]]]]}},{"type":"Feature","properties":{"code":"0744600","name":"福島県昭和村"},"geometry":{"type":"MultiPolygon","coordinates":[[[[139.55,37.393],[139.605,37.386],[139.604,37.374],[139.642,37.369],[139.668,37.348],[139.716,37.362],[139.744,37.292],[139.697,37.247],[139.623,37.228],[139.62,37.215],[139.602,37.208],[139.587,37.252],[139.597,37.273],[139.579,37.287],[139.574,37.324],[139.546,37.334],[139.554,37.359],[139.523,37.366],[139.517,37.379],[139.55,37.393]]]]}},{"type":"Feature","properties":{"code":"0744700","name":"福島県会津美里町"},"geometry":{"type":"MultiPolygon","coordinates":[[[[139.834,37.532],[139.85,37.525],[139.839,37.499],[139.864,37.458],[139.904,37.461],[139.925,37.395],[139.832,37.343],[139.832,37.318],[139.792,37.303],[139.792,37.288],[139.762,37.284],[139.744,37.292],[139.736,37.328],[139.714,37.352],[139.716,37.364],[139.747,37.37],[139.762,37.405],[139.738,37.465],[139.764,37.477],[139.766,37.516],[139.834,37.532]]]]}},{"type":"Feature","properties":{"code":"0746100","name":"福島県西郷村"},"geometry":{"type":"MultiPolygon","coordinates":[[[[140.093,37.242],[140.141,37.199],[140.148,37.212],[140.209,37.168],[140.204,37.143],[140.179,37.13],[140.19,37.123],[140.163,37.102],[140.166,37.093],[140.1,37.124],[139.962,37.15],[139.96,37.18],[139.983,37.202],[140.018,37.197],[140.071,37.21],[140.086,37.247],[140.093,37.242]]]]}},{"type":"Feature","properties":{"code":"0746400","name":"福島県泉崎村"},"geometry":{"type":"MultiPolygon","coordinates":[[[[140.28,37.192],[140.321,37.174],[140.318,37.152],[140.337,37.144],[140.34,37.124],[140.295,37.126],[140.293,37.139],[140.266,37.147],[140.277,37.168],[140.236,37.18],[140.28,37.192]]]]}},{"type":"Feature","properties":{"code":"0746500","name":"福島県中島村"},"geometry":{"type":"MultiPolygon","coordinates":[[[[140.39,37.177],[140.404,37.161],[140.37,37.139],[140.37,37.122],[140.337,37.124],[140.345,37.158],[140.39,37.177]]]]}},{"type":"Feature","properties":{"code":"0746600","name":"福島県矢吹町"},"geometry":{"type":"MultiPolygon","coordinates":[[[[140.31,37.233],[140.325,37.214],[140.354,37.226],[140.396,37.222],[140.41,37.172],[140.378,37.177],[140.339,37.145],[140.327,37.147],[140.322,37.173],[140.294,37.188],[140.297,37.211],[140.28,37.22],[140.31,37.233]]]]}},{"type":"Feature","properties":{"code":"0748100","name":"福島県棚倉町"},"geometry":{"type":"MultiPolygon","coordinates":[[[[140.404,37.086],[140.404,37.056],[140.432,37.042],[140.424,37.023],[140.448,37.036],[140.461,37.018],[140.429,37.001],[140.415,37.016],[140.405,36.964],[140.375,36.978],[140.354,36.954],[140.326,36.944],[140.292,36.95],[140.273,36.93],[140.241,36.946],[140.253,36.963],[140.245,37.009],[140.267,37.0],[140.276,37.014],[140.311,37.017],[140.321,37.047],[140.354,37.049],[140.356,37.075],[140.374,37.081],[140.385,37.068],[140.404,37.086]]]]}},{"type":"Feature","properties":{"code":"0748200","name":"福島県矢祭町"},"geometry":{"type":"MultiPolygon","coordinates":[[[[140.293,36.939],[140.332,36.922],[140.345,36.901],[140.395,36.884],[140.415,36.895],[140.412,36.931],[140.43,36.928],[140.455,36.89],[140.529,36.842],[140.464,36.791],[140.439,36.821],[140.377,36.838],[140.366,36.883],[140.327,36.891],[140.317,36.913],[140.284,36.935],[140.293,36.939]]]]}},{"type":"Feature","properties":{"code":"0748300","name":"福島県塙町"},"geometry":{"type":"MultiPolygon","coordinates":[[[[140.465,37.014],[140.475,36.998],[140.451,36.975],[140.561,36.944],[140.565,36.914],[140.592,36.873],[140.538,36.859],[140.524,36.842],[140.5,36.869],[140.454,36.889],[140.428,36.929],[140.412,36.931],[140.415,36.895],[140.396,36.884],[140.345,36.901],[140.332,36.922],[140.29,36.94],[140.311,36.953],[140.341,36.947],[140.376,36.979],[140.404,36.964],[140.415,37.016],[140.43,37.001],[140.465,37.014]]]]}},{"type":"Feature","properties":{"code":"0748400","name":"福島県鮫川村"},"geometry":{"type":"MultiPolygon","coordinates":[[[[140.498,37.085],[140.557,37.054],[140.582,36.943],[140.523,36.948],[140.451,36.976],[140.476,37.003],[140.435,37.068],[140.498,37.085]]]]}},{"type":"Feature","properties":{"code":"0750100","name":"福島県石川町"},"geometry":{"type":"MultiPolygon","coordinates":[[[[140.476,37.203],[140.539,37.158],[140.524,37.121],[140.494,37.111],[140.508,37.096],[140.49,37.078],[140.468,37.079],[140.46,37.112],[140.369,37.123],[140.369,37.139],[140.404,37.161],[140.408,37.182],[140.476,37.203]]]]}},{"type":"Feature","properties":{"code":"0750200","name":"福島県玉川村"},"geometry":{"type":"MultiPolygon","coordinates":[[[[140.517,37.249],[140.497,37.194],[140.472,37.203],[140.416,37.18],[140.399,37.192],[140.39,37.247],[140.458,37.224],[140.486,37.226],[140.486,37.25],[140.519,37.256],[140.517,37.249]]]]}},{"type":"Feature","properties":{"code":"0750300","name":"福島県平田村"},"geometry":{"type":"MultiPolygon","coordinates":[[[[140.556,37.274],[140.579,37.252],[140.602,37.251],[140.597,37.229],[140.613,37.207],[140.601,37.179],[140.613,37.158],[140.566,37.168],[140.543,37.158],[140.497,37.191],[140.519,37.261],[140.556,37.274]]]]}},{"type":"Feature","properties":{"code":"0750400","name":"福島県浅川町"},"geometry":{"type":"MultiPolygon","coordinates":[[[[140.418,37.121],[140.461,37.111],[140.467,37.079],[140.437,37.073],[140.45,37.036],[140.426,37.023],[140.432,37.043],[140.401,37.06],[140.406,37.085],[140.386,37.069],[140.373,37.081],[140.418,37.121]]]]}},{"type":"Feature","properties":{"code":"0750500","name":"福島県古殿町"},"geometry":{"type":"MultiPolygon","coordinates":[[[[140.567,37.168],[140.612,37.158],[140.624,37.143],[140.632,37.155],[140.664,37.093],[140.625,37.048],[140.619,37.017],[140.599,37.016],[140.578,36.993],[140.561,37.002],[140.557,37.054],[140.498,37.083],[140.507,37.095],[140.494,37.11],[140.524,37.121],[140.539,37.158],[140.567,37.168]]]]}},{"type":"Feature","properties":{"code":"0752100","name":"福島県三春町"},"geometry":{"type":"MultiPolygon","coordinates":[[[[140.546,37.511],[140.565,37.492],[140.561,37.476],[140.545,37.465],[140.521,37.477],[140.522,37.466],[140.541,37.461],[140.523,37.459],[140.512,37.47],[140.505,37.459],[140.527,37.446],[140.519,37.417],[140.506,37.417],[140.518,37.389],[140.493,37.388],[140.484,37.37],[140.473,37.393],[140.444,37.391],[140.452,37.408],[140.438,37.421],[140.424,37.413],[140.426,37.428],[140.472,37.433],[140.479,37.483],[140.506,37.484],[140.518,37.504],[140.546,37.511]]]]}},{"type":"Feature","properties":{"code":"0752200","name":"福島県小野町"},"geometry":{"type":"MultiPolygon","coordinates":[[[[140.569,37.366],[140.597,37.347],[140.642,37.34],[140.648,37.323],[140.637,37.287],[140.647,37.276],[140.692,37.285],[140.682,37.233],[140.616,37.204],[140.597,37.23],[140.603,37.251],[140.558,37.268],[140.563,37.315],[140.538,37.333],[140.569,37.366]]]]}},{"type":"Feature","properties":{"code":"0754100","name":"福島県広野町"},"geometry":{"type":"MultiPolygon","coordinates":[[[[140.908,37.247],[141.021,37.241],[141.022,37.229],[141.028,37.238],[141.012,37.229],[141.0,37.184],[140.989,37.184],[140.951,37.188],[140.9,37.221],[140.868,37.228],[140.908,37.247]]]]}},{"type":"Feature","properties":{"code":"0754200","name":"福島県楢葉町"},"geometry":{"type":"MultiPolygon","coordinates":[[[[140.918,37.337],[141.006,37.304],[141.004,37.315],[141.038,37.319],[141.025,37.314],[141.012,37.241],[140.876,37.242],[140.872,37.272],[140.905,37.3],[140.901,37.323],[140.918,37.337]]]]}},{"type":"Feature","properties":{"code":"0754300","name":"福島県富岡町"},"geometry":{"type":"MultiPolygon","coordinates":[[[[140.949,37.384],[141.036,37.373],[141.026,37.325],[141.035,37.32],[141.004,37.314],[141.006,37.304],[140.908,37.345],[140.909,37.373],[140.949,37.384]]]]}},{"type":"Feature","properties":{"code":"0754400","name":"福島県川内村"},"geometry":{"type":"MultiPolygon","coordinates":[[[[140.732,37.403],[140.79,37.378],[140.85,37.371],[140.859,37.387],[140.909,37.374],[140.901,37.361],[140.916,37.339],[140.901,37.323],[140.906,37.301],[140.883,37.277],[140.859,37.274],[140.854,37.258],[140.804,37.252],[140.788,37.267],[140.793,37.285],[140.738,37.3],[140.702,37.354],[140.7,37.374],[140.732,37.403]]]]}},{"type":"Feature","properties":{"code":"0754500","name":"福島県大熊町"},"geometry":{"type":"MultiPolygon","coordinates":[[[[141.011,37.43],[141.042,37.423],[141.035,37.373],[140.861,37.384],[140.854,37.421],[140.895,37.433],[140.961,37.416],[141.011,37.43]]]]}},{"type":"Feature","properties":{"code":"0754600","name":"福島県双葉町"},"geometry":{"type":"MultiPolygon","coordinates":[[[[141.003,37.477],[141.037,37.465],[141.041,37.424],[141.005,37.434],[140.993,37.419],[140.961,37.416],[140.895,37.429],[140.898,37.447],[140.95,37.447],[140.967,37.468],[141.003,37.477]]]]}},{"type":"Feature","properties":{"code":"0754700","name":"福島県浪江町"},"geometry":{"type":"MultiPolygon","coordinates":[[[[140.822,37.611],[140.842,37.594],[140.844,37.559],[140.874,37.546],[140.879,37.525],[140.913,37.519],[140.931,37.531],[140.995,37.508],[141.035,37.514],[141.046,37.48],[141.032,37.461],[140.993,37.477],[140.949,37.447],[140.903,37.449],[140.894,37.433],[140.858,37.42],[140.836,37.461],[140.834,37.498],[140.852,37.502],[140.845,37.541],[140.79,37.531],[140.757,37.544],[140.75,37.533],[140.685,37.543],[140.699,37.574],[140.724,37.587],[140.719,37.602],[140.794,37.594],[140.822,37.611]]]]}},{"type":"Feature","properties":{"code":"0754800","name":"福島県葛尾村"},"geometry":{"type":"MultiPolygon","coordinates":[[[[140.757,37.543],[140.79,37.531],[140.846,37.541],[140.852,37.508],[140.835,37.5],[140.837,37.464],[140.772,37.472],[140.693,37.503],[140.705,37.523],[140.683,37.543],[140.749,37.533],[140.757,37.543]]]]}},{"type":"Feature","properties":{"code":"0756100","name":"福島県新地町"},"geometry":{"type":"MultiPolygon","coordinates":[[[[140.901,37.903],[140.93,37.896],[140.946,37.854],[140.967,37.86],[140.95,37.854],[140.962,37.842],[140.854,37.842],[140.858,37.892],[140.901,37.903]]]]}},{"type":"Feature","properties":{"code":"0756400","name":"福島県飯舘村"},"geometry":{"type":"MultiPolygon","coordinates":[[[[140.772,37.759],[140.828,37.747],[140.841,37.731],[140.842,37.722],[140.81,37.705],[140.824,37.7],[140.814,37.675],[140.825,37.67],[140.828,37.619],[140.793,37.594],[140.699,37.605],[140.669,37.629],[140.667,37.675],[140.645,37.691],[140.662,37.7],[140.683,37.742],[140.772,37.759]]]]}},{"type":"Feature","properties":{"code":"0820100","name":"茨城県水戸市"},"geometry":{"type":"MultiPolygon","coordinates":[[[[140.389,36.464],[140.41,36.448],[140.414,36.461],[140.426,36.446],[140.449,36.451],[140.456,36.418],[140.475,36.399],[140.483,36.408],[140.492,36.375],[140.504,36.382],[140.587,36.337],[140.559,36.314],[140.544,36.319],[140.511,36.301],[140.486,36.322],[140.425,36.315],[140.41,36.345],[140.387,36.328],[140.393,36.313],[140.345,36.324],[140.333,36.336],[140.342,36.363],[140.322,36.393],[140.355,36.4],[140.338,36.43],[140.369,36.435],[140.374,36.427],[140.398,36.441],[140.389,36.464]]]]}},{"type":"Feature","properties":{"code":"0820200","name":"茨城県日立市"},"geometry":{"type":"MultiPolygon","coordinates":[[[[140.557,36.715],[140.717,36.692],[140.716,36.663],[140.653,36.573],[140.628,36.496],[140.612,36.487],[140.627,36.483],[140.619,36.48],[140.56,36.495],[140.602,36.525],[140.579,36.573],[140.586,36.622],[140.544,36.614],[140.517,36.643],[140.549,36.667],[140.538,36.696],[140.557,36.715]]]]}},{"type":"Feature","properties":{"code":"0820300","name":"茨城県土浦市"},"geometry":{"type":"MultiPolygon","coordinates":[[[[140.158,36.175],[140.201,36.158],[140.207,36.143],[140.194,36.129],[140.283,36.11],[140.277,36.095],[140.26,36.094],[140.262,36.052],[140.212,36.055],[140.189,36.032],[140.172,36.039],[140.159,36.015],[140.144,36.028],[140.138,36.045],[140.173,36.066],[140.156,36.075],[140.151,36.097],[140.161,36.107],[140.125,36.133],[140.144,36.133],[140.135,36.174],[140.158,36.175]]]]}},{"type":"Feature","properties":{"code":"0820400","name":"茨城県古河市"},"geometry":{"type":"MultiPolygon","coordinates":[[[[139.819,36.227],[139.822,36.205],[139.831,36.201],[139.829,36.217],[139.845,36.223],[139.864,36.197],[139.862,36.178],[139.851,36.183],[139.856,36.147],[139.828,36.155],[139.829,36.141],[139.814,36.137],[139.803,36.155],[139.776,36.153],[139.781,36.135],[139.762,36.138],[139.759,36.126],[139.715,36.134],[139.701,36.148],[139.691,36.206],[139.72,36.211],[139.729,36.202],[139.821,36.239],[139.819,36.227]]]]}},{"type":"Feature","properties":{"code":"0820500","name":"茨城県石岡市"},"geometry":{"type":"MultiPolygon","coordinates":[[[[140.206,36.318],[140.258,36.272],[140.315,36.265],[140.281,36.255],[140.272,36.228],[140.344,36.189],[140.309,36.185],[140.307,36.166],[140.346,36.131],[140.246,36.133],[140.279,36.164],[140.235,36.206],[140.21,36.21],[140.224,36.193],[140.178,36.172],[140.137,36.176],[140.11,36.23],[140.133,36.243],[140.152,36.288],[140.144,36.305],[140.171,36.321],[140.206,36.318]]]]}},{"type":"Feature","properties":{"code":"0820700","name":"茨城県結城市"},"geometry":{"type":"MultiPolygon","coordinates":[[[[139.878,36.323],[139.903,36.298],[139.908,36.279],[139.888,36.254],[139.906,36.235],[139.885,36.212],[139.843,36.223],[139.823,36.205],[139.816,36.22],[139.842,36.277],[139.836,36.294],[139.878,36.323]]]]}},{"type":"Feature","properties":{"code":"0820800","name":"茨城県龍ケ崎市"},"geometry":{"type":"MultiPolygon","coordinates":[[[[140.098,36.008],[140.118,35.962],[140.149,35.943],[140.159,35.954],[140.176,35.933],[140.197,35.964],[140.255,35.941],[140.261,35.931],[140.248,35.907],[140.196,35.872],[140.185,35.888],[140.129,35.881],[140.154,35.896],[140.128,35.921],[140.132,35.936],[140.092,35.964],[140.089,35.982],[140.103,35.955],[140.123,35.948],[140.098,36.008]]]]}},{"type":"Feature","properties":{"code":"0821000","name":"茨城県下妻市"},"geometry":{"type":"MultiPolygon","coordinates":[[[[139.939,36.244],[139.967,36.223],[139.998,36.239],[140.001,36.207],[140.038,36.197],[140.02,36.192],[140.023,36.177],[140.007,36.171],[139.998,36.136],[139.959,36.147],[139.922,36.133],[139.915,36.162],[139.931,36.167],[139.925,36.154],[139.935,36.152],[139.944,36.168],[139.905,36.23],[139.939,36.244]]]]}},{"type":"Feature","properties":{"code":"0821100","name":"茨城県常総市"},"geometry":{"type":"MultiPolygon","coordinates":[[[[139.96,36.146],[140.0,36.133],[140.009,36.099],[140.001,36.075],[140.029,36.034],[139.991,36.012],[140.002,36.001],[139.972,36.003],[139.971,35.978],[139.941,35.978],[139.934,35.968],[139.924,35.971],[139.917,36.015],[139.949,36.027],[139.957,36.042],[139.947,36.051],[139.958,36.05],[139.936,36.068],[139.938,36.089],[139.896,36.118],[139.894,36.137],[139.915,36.133],[139.918,36.144],[139.927,36.132],[139.96,36.146]]]]}},{"type":"Feature","properties":{"code":"0821200","name":"茨城県常陸太田市"},"geometry":{"type":"MultiPolygon","coordinates":[[[[140.569,36.862],[140.536,36.775],[140.558,36.761],[140.562,36.734],[140.538,36.698],[140.55,36.668],[140.517,36.649],[140.543,36.613],[140.587,36.622],[140.579,36.574],[140.601,36.526],[140.56,36.495],[140.521,36.504],[140.502,36.49],[140.458,36.512],[140.444,36.536],[140.453,36.545],[140.431,36.567],[140.44,36.571],[140.426,36.595],[140.435,36.613],[140.416,36.636],[140.452,36.661],[140.443,36.675],[140.454,36.687],[140.415,36.732],[140.445,36.73],[140.458,36.754],[140.468,36.746],[140.463,36.791],[140.489,36.819],[140.514,36.824],[140.538,36.859],[140.569,36.862]]]]}},{"type":"Feature","properties":{"code":"0821400","name":"茨城県高萩市"},"geometry":{"type":"MultiPolygon","coordinates":[[[[140.591,36.873],[140.68,36.802],[140.644,36.772],[140.688,36.751],[140.733,36.749],[140.717,36.693],[140.555,36.714],[140.558,36.76],[140.536,36.772],[140.54,36.804],[140.569,36.864],[140.591,36.873]]]]}},{"type":"Feature","properties":{"code":"0821500","name":"茨城県北茨城市"},"geometry":{"type":"MultiPolygon","coordinates":[[[[140.587,36.944],[140.616,36.903],[140.681,36.893],[140.721,36.871],[140.779,36.867],[140.798,36.859],[140.805,36.83],[140.768,36.818],[140.733,36.75],[140.688,36.75],[140.644,36.772],[140.68,36.801],[140.604,36.854],[140.565,36.913],[140.567,36.937],[140.587,36.944]]]]}},{"type":"Feature","properties":{"code":"0821600","name":"茨城県笠間市"},"geometry":{"type":"MultiPolygon","coordinates":[[[[140.299,36.444],[140.325,36.439],[140.355,36.404],[140.322,36.393],[140.342,36.363],[140.333,36.336],[140.37,36.313],[140.357,36.307],[140.343,36.266],[140.312,36.281],[140.268,36.268],[140.234,36.287],[140.212,36.317],[140.182,36.321],[140.162,36.342],[140.191,36.385],[140.186,36.4],[140.202,36.433],[140.299,36.444]]]]}},{"type":"Feature","properties":{"code":"0821700","name":"茨城県取手市"},"geometry":{"type":"MultiPolygon","coordinates":[[[[140.026,35.949],[140.044,35.932],[140.116,35.947],[140.153,35.893],[140.13,35.891],[140.127,35.872],[140.093,35.884],[140.075,35.877],[140.021,35.909],[139.997,35.909],[140.026,35.949]]]]}},{"type":"Feature","properties":{"code":"0821900","name":"茨城県牛久市"},"geometry":{"type":"MultiPolygon","coordinates":[[[[140.156,36.015],[140.205,35.968],[140.219,35.984],[140.228,35.976],[140.254,35.985],[140.272,35.943],[140.256,35.938],[140.196,35.965],[140.175,35.932],[140.157,35.956],[140.151,35.943],[140.129,35.953],[140.115,35.979],[140.141,35.988],[140.133,36.001],[140.144,36.006],[140.144,36.027],[140.156,36.015]]]]}},{"type":"Feature","properties":{"code":"0822000","name":"茨城県つくば市"},"geometry":{"type":"MultiPolygon","coordinates":[[[[140.06,36.236],[140.061,36.226],[140.118,36.227],[140.144,36.134],[140.127,36.137],[140.125,36.127],[140.161,36.107],[140.156,36.076],[140.173,36.066],[140.138,36.044],[140.139,35.986],[140.115,35.98],[140.094,36.005],[140.121,35.947],[140.091,35.968],[140.065,36.013],[140.045,36.012],[140.049,36.032],[140.006,36.063],[139.998,36.088],[140.009,36.097],[139.996,36.128],[140.008,36.172],[140.024,36.178],[140.02,36.192],[140.05,36.205],[140.047,36.215],[140.06,36.213],[140.05,36.23],[140.06,36.236]]]]}},{"type":"Feature","properties":{"code":"0822100","name":"茨城県ひたちなか市"},"geometry":{"type":"MultiPolygon","coordinates":[[[[140.537,36.456],[140.56,36.437],[140.624,36.426],[140.609,36.415],[140.627,36.378],[140.604,36.338],[140.485,36.383],[140.485,36.41],[140.519,36.429],[140.515,36.447],[140.529,36.462],[140.537,36.456]]]]}},{"type":"Feature","properties":{"code":"0822200","name":"茨城県鹿嶋市"},"geometry":{"type":"MultiPolygon","coordinates":[[[[140.609,36.082],[140.671,35.973],[140.701,35.963],[140.685,35.965],[140.703,35.939],[140.629,35.93],[140.59,35.968],[140.596,35.983],[140.567,36.012],[140.554,36.061],[140.609,36.082]]]]}},{"type":"Feature","properties":{"code":"0822300","name":"茨城県潮来市"},"geometry":{"type":"MultiPolygon","coordinates":[[[[140.57,36.008],[140.596,35.983],[140.592,35.965],[140.624,35.94],[140.599,35.903],[140.485,35.97],[140.513,35.979],[140.511,36.003],[140.529,36.003],[140.537,35.99],[140.547,36.008],[140.57,36.008]]]]}},{"type":"Feature","properties":{"code":"0822400","name":"茨城県守谷市"},"geometry":{"type":"MultiPolygon","coordinates":[[[[139.946,35.978],[140.019,35.955],[139.996,35.91],[139.935,35.945],[139.933,35.971],[139.946,35.978]]]]}},{"type":"Feature","properties":{"code":"0822500","name":"茨城県常陸大宮市"},"geometry":{"type":"MultiPolygon","coordinates":[[[[140.328,36.724],[140.333,36.708],[140.386,36.683],[140.428,36.686],[140.441,36.704],[140.452,36.693],[140.444,36.676],[140.452,36.661],[140.415,36.632],[140.436,36.613],[140.432,36.565],[140.452,36.545],[140.444,36.535],[140.459,36.511],[140.419,36.515],[140.395,36.491],[140.367,36.529],[140.326,36.549],[140.297,36.526],[140.253,36.524],[140.248,36.611],[140.234,36.634],[140.241,36.651],[140.221,36.687],[140.233,36.7],[140.303,36.71],[140.328,36.724]]]]}},{"type":"Feature","properties":{"code":"0822600","name":"茨城県那珂市"},"geometry":{"type":"MultiPolygon","coordinates":[[[[140.437,36.516],[140.501,36.491],[140.521,36.504],[140.566,36.494],[140.542,36.475],[140.543,36.457],[140.531,36.463],[140.516,36.448],[140.511,36.42],[140.475,36.399],[140.452,36.425],[140.461,36.426],[140.448,36.452],[140.427,36.446],[140.408,36.483],[140.387,36.485],[140.413,36.5],[140.412,36.513],[140.437,36.516]]]]}},{"type":"Feature","properties":{"code":"0822700","name":"茨城県筑西市"},"geometry":{"type":"MultiPolygon","coordinates":[[[[139.979,36.37],[140.035,36.378],[140.05,36.36],[140.036,36.359],[140.053,36.33],[140.051,36.276],[140.068,36.274],[140.051,36.231],[140.059,36.213],[140.045,36.214],[140.045,36.201],[140.002,36.207],[139.998,36.239],[139.966,36.223],[139.936,36.245],[139.906,36.231],[139.889,36.252],[139.908,36.279],[139.898,36.292],[139.915,36.308],[139.913,36.335],[139.965,36.351],[139.973,36.378],[139.979,36.37]]]]}},{"type":"Feature","properties":{"code":"0822800","name":"茨城県坂東市"},"geometry":{"type":"MultiPolygon","coordinates":[[[[139.83,36.155],[139.88,36.139],[139.898,36.112],[139.938,36.09],[139.944,36.054],[139.959,36.051],[139.947,36.051],[139.957,36.043],[139.949,36.027],[139.92,36.022],[139.924,35.971],[139.887,35.987],[139.876,36.011],[139.82,36.057],[139.855,36.069],[139.84,36.079],[139.849,36.128],[139.829,36.141],[139.83,36.155]]]]}},{"type":"Feature","properties":{"code":"0822900","name":"茨城県稲敷市"},"geometry":{"type":"MultiPolygon","coordinates":[[[[140.454,35.992],[140.466,35.975],[140.511,35.959],[140.487,35.929],[140.503,35.906],[140.458,35.927],[140.422,35.907],[140.379,35.903],[140.37,35.916],[140.332,35.897],[140.326,35.905],[140.313,35.881],[140.248,35.907],[140.256,35.938],[140.273,35.943],[140.261,35.982],[140.298,35.986],[140.305,35.973],[140.33,36.005],[140.38,35.993],[140.41,36.023],[140.454,35.992]]]]}},{"type":"Feature","properties":{"code":"0823000","name":"茨城県かすみがうら市"},"geometry":{"type":"MultiPolygon","coordinates":[[[[140.212,36.209],[140.237,36.205],[140.254,36.179],[140.276,36.171],[140.246,36.134],[140.367,36.131],[140.386,36.114],[140.404,36.083],[140.396,36.037],[140.262,36.052],[140.26,36.093],[140.277,36.095],[140.283,36.109],[140.194,36.129],[140.203,36.153],[140.177,36.167],[140.223,36.192],[140.212,36.209]]]]}},{"type":"Feature","properties":{"code":"0823100","name":"茨城県桜川市"},"geometry":{"type":"MultiPolygon","coordinates":[[[[140.134,36.414],[140.186,36.397],[140.19,36.384],[140.163,36.343],[140.183,36.325],[140.143,36.306],[140.152,36.288],[140.133,36.244],[140.096,36.227],[140.06,36.226],[140.067,36.276],[140.051,36.275],[140.052,36.333],[140.035,36.359],[140.05,36.357],[140.042,36.374],[140.064,36.382],[140.066,36.403],[140.108,36.398],[140.134,36.414]]]]}},{"type":"Feature","properties":{"code":"0823200","name":"茨城県神栖市"},"geometry":{"type":"MultiPolygon","coordinates":[[[[140.711,35.929],[140.751,35.854],[140.85,35.742],[140.818,35.74],[140.745,35.783],[140.707,35.836],[140.631,35.859],[140.599,35.903],[140.62,35.936],[140.653,35.929],[140.688,35.882],[140.678,35.912],[140.705,35.922],[140.711,35.941],[140.711,35.929]]]]}},{"type":"Feature","properties":{"code":"0823300","name":"茨城県行方市"},"geometry":{"type":"MultiPolygon","coordinates":[[[[140.439,36.166],[140.455,36.158],[140.448,36.137],[140.461,36.124],[140.507,36.132],[140.531,36.116],[140.529,36.096],[140.562,36.05],[140.568,36.02],[140.539,35.991],[140.51,36.003],[140.514,35.98],[140.476,35.972],[140.396,36.037],[140.405,36.083],[140.362,36.154],[140.395,36.156],[140.407,36.138],[140.439,36.166]]]]}},{"type":"Feature","properties":{"code":"0823400","name":"茨城県鉾田市"},"geometry":{"type":"MultiPolygon","coordinates":[[[[140.526,36.266],[140.561,36.254],[140.573,36.18],[140.61,36.083],[140.562,36.062],[140.544,36.069],[140.524,36.124],[140.45,36.131],[140.456,36.157],[140.437,36.166],[140.448,36.194],[140.415,36.219],[140.44,36.239],[140.447,36.229],[140.496,36.246],[140.496,36.275],[140.521,36.278],[140.526,36.266]]]]}},{"type":"Feature","properties":{"code":"0823500","name":"茨城県つくばみらい市"},"geometry":{"type":"MultiPolygon","coordinates":[[[[140.029,36.045],[140.049,36.033],[140.048,36.01],[140.065,36.012],[140.082,35.998],[140.111,35.943],[140.045,35.932],[139.974,35.974],[139.972,36.003],[140.002,36.001],[139.992,36.012],[140.025,36.03],[140.029,36.045]]]]}},{"type":"Feature","properties":{"code":"0823600","name":"茨城県小美玉市"},"geometry":{"type":"MultiPolygon","coordinates":[[[[140.314,36.279],[140.384,36.256],[140.384,36.24],[140.442,36.203],[140.45,36.187],[140.433,36.153],[140.407,36.137],[140.394,36.156],[140.363,36.157],[140.367,36.131],[140.358,36.13],[140.31,36.156],[140.309,36.184],[140.344,36.189],[140.272,36.231],[140.281,36.255],[140.314,36.265],[140.304,36.273],[140.314,36.279]]]]}},{"type":"Feature","properties":{"code":"0830200","name":"茨城県茨城町"},"geometry":{"type":"MultiPolygon","coordinates":[[[[140.408,36.345],[140.425,36.316],[140.487,36.322],[140.5,36.303],[140.53,36.305],[140.531,36.295],[140.522,36.278],[140.497,36.276],[140.496,36.246],[140.448,36.229],[140.439,36.238],[140.416,36.22],[140.385,36.24],[140.384,36.256],[140.342,36.27],[140.358,36.308],[140.393,36.313],[140.386,36.326],[140.408,36.345]]]]}},{"type":"Feature","properties":{"code":"0830900","name":"茨城県大洗町"},"geometry":{"type":"MultiPolygon","coordinates":[[[[140.588,36.336],[140.597,36.335],[140.593,36.319],[140.56,36.292],[140.56,36.256],[140.528,36.266],[140.532,36.307],[140.588,36.336]]]]}},{"type":"Feature","properties":{"code":"0831000","name":"茨城県城里町"},"geometry":{"type":"MultiPolygon","coordinates":[[[[140.327,36.549],[140.368,36.528],[140.395,36.491],[140.387,36.485],[140.408,36.483],[140.41,36.448],[140.383,36.464],[140.399,36.442],[140.374,36.427],[140.37,36.436],[140.336,36.429],[140.296,36.449],[140.254,36.431],[140.202,36.433],[140.229,36.502],[140.266,36.529],[140.28,36.52],[140.327,36.549]]]]}},{"type":"Feature","properties":{"code":"0834100","name":"茨城県東海村"},"geometry":{"type":"MultiPolygon","coordinates":[[[[140.582,36.494],[140.616,36.481],[140.61,36.441],[140.633,36.442],[140.627,36.431],[140.592,36.427],[140.544,36.448],[140.55,36.485],[140.582,36.494]]]]}},{"type":"Feature","properties":{"code":"0836400","name":"茨城県大子町"},"geometry":{"type":"MultiPolygon","coordinates":[[[[140.29,36.933],[140.326,36.892],[140.366,36.883],[140.377,36.838],[140.438,36.822],[140.462,36.797],[140.468,36.746],[140.459,36.754],[140.447,36.731],[140.415,36.731],[140.442,36.704],[140.427,36.685],[140.384,36.683],[140.333,36.708],[140.328,36.725],[140.293,36.713],[140.256,36.758],[140.267,36.824],[140.252,36.852],[140.248,36.921],[140.26,36.933],[140.29,36.933]]]]}},{"type":"Feature","properties":{"code":"0844200","name":"茨城県美浦村"},"geometry":{"type":"MultiPolygon","coordinates":[[[[140.292,36.046],[140.367,36.043],[140.41,36.023],[140.381,35.993],[140.33,36.005],[140.305,35.974],[140.281,35.988],[140.269,36.03],[140.27,36.05],[140.292,36.046]]]]}},{"type":"Feature","properties":{"code":"0844300","name":"茨城県阿見町"},"geometry":{"type":"MultiPolygon","coordinates":[[[[140.221,36.055],[140.27,36.051],[140.287,35.983],[140.219,35.984],[140.207,35.968],[140.181,35.985],[140.159,36.014],[140.171,36.038],[140.188,36.031],[140.221,36.055]]]]}},{"type":"Feature","properties":{"code":"0844700","name":"茨城県河内町"},"geometry":{"type":"MultiPolygon","coordinates":[[[[140.37,35.916],[140.379,35.903],[140.319,35.865],[140.28,35.874],[140.231,35.854],[140.214,35.862],[140.216,35.875],[140.199,35.878],[140.25,35.907],[140.313,35.881],[140.326,35.904],[140.332,35.897],[140.37,35.916]]]]}},{"type":"Feature","properties":{"code":"0852100","name":"茨城県八千代町"},"geometry":{"type":"MultiPolygon","coordinates":[[[[139.913,36.224],[139.944,36.161],[139.927,36.151],[139.933,36.167],[139.919,36.168],[139.916,36.134],[139.894,36.137],[139.896,36.121],[139.853,36.154],[139.851,36.183],[139.863,36.178],[139.865,36.191],[139.854,36.215],[139.887,36.213],[139.902,36.234],[139.913,36.224]]]]}},{"type":"Feature","properties":{"code":"0854200","name":"茨城県五霞町"},"geometry":{"type":"MultiPolygon","coordinates":[[[[139.721,36.132],[139.753,36.13],[139.787,36.104],[139.769,36.081],[139.732,36.087],[139.71,36.135],[139.721,36.132]]]]}},{"type":"Feature","properties":{"code":"0854600","name":"茨城県境町"},"geometry":{"type":"MultiPolygon","coordinates":[[[[139.803,36.155],[139.806,36.139],[139.833,36.142],[139.849,36.129],[139.839,36.09],[139.853,36.067],[139.82,36.057],[139.799,36.095],[139.76,36.126],[139.762,36.138],[139.78,36.134],[139.777,36.154],[139.803,36.155]]]]}},{"type":"Feature","properties":{"code":"0856400","name":"茨城県利根町"},"geometry":{"type":"MultiPolygon","coordinates":[[[[140.127,35.882],[140.185,35.888],[140.196,35.873],[140.217,35.871],[140.154,35.843],[140.127,35.882]]]]}},{"type":"Feature","properties":{"code":"0920100","name":"栃木県宇都宮市"},"geometry":{"type":"MultiPolygon","coordinates":[[[[139.869,36.727],[139.925,36.708],[139.954,36.67],[139.971,36.608],[139.991,36.609],[140.008,36.503],[139.963,36.499],[139.962,36.472],[139.912,36.491],[139.885,36.465],[139.852,36.479],[139.817,36.516],[139.832,36.531],[139.818,36.546],[139.826,36.559],[139.811,36.557],[139.795,36.573],[139.806,36.587],[139.761,36.596],[139.743,36.615],[139.792,36.641],[139.788,36.707],[139.817,36.716],[139.837,36.704],[139.842,36.719],[139.869,36.727]]]]}},{"type":"Feature","properties":{"code":"0920200","name":"栃木県足利市"},"geometry":{"type":"MultiPolygon","coordinates":[[[[139.408,36.445],[139.431,36.437],[139.452,36.445],[139.503,36.39],[139.512,36.365],[139.506,36.342],[139.548,36.336],[139.544,36.307],[139.517,36.295],[139.535,36.279],[139.463,36.272],[139.46,36.288],[139.431,36.295],[139.418,36.313],[139.422,36.333],[139.367,36.369],[139.362,36.385],[139.408,36.445]]]]}},{"type":"Feature","properties":{"code":"0920300","name":"栃木県栃木市"},"geometry":{"type":"MultiPolygon","coordinates":[[[[139.568,36.497],[139.593,36.488],[139.608,36.457],[139.624,36.465],[139.631,36.489],[139.67,36.496],[139.746,36.481],[139.797,36.401],[139.812,36.404],[139.796,36.377],[139.744,36.348],[139.747,36.327],[139.733,36.329],[139.724,36.308],[139.733,36.293],[139.724,36.264],[139.7,36.258],[139.688,36.232],[139.698,36.22],[139.685,36.216],[139.688,36.201],[139.664,36.208],[139.663,36.23],[139.631,36.255],[139.643,36.266],[139.611,36.286],[139.635,36.326],[139.617,36.329],[139.608,36.367],[139.631,36.382],[139.646,36.416],[139.632,36.443],[139.579,36.474],[139.568,36.497]]]]}},{"type":"Feature","properties":{"code":"0920400","name":"栃木県佐野市"},"geometry":{"type":"MultiPolygon","coordinates":[[[[139.484,36.577],[139.513,36.565],[139.536,36.517],[139.631,36.444],[139.646,36.415],[139.631,36.382],[139.608,36.367],[139.617,36.329],[139.635,36.326],[139.611,36.269],[139.562,36.267],[139.517,36.294],[139.543,36.306],[139.548,36.338],[139.506,36.342],[139.503,36.39],[139.452,36.445],[139.43,36.436],[139.408,36.445],[139.408,36.458],[139.437,36.467],[139.418,36.497],[139.442,36.529],[139.439,36.55],[139.46,36.553],[139.484,36.577]]]]}},{"type":"Feature","properties":{"code":"0920500","name":"栃木県鹿沼市"},"geometry":{"type":"MultiPolygon","coordinates":[[[[139.552,36.713],[139.575,36.705],[139.579,36.668],[139.637,36.636],[139.656,36.649],[139.642,36.656],[139.649,36.667],[139.708,36.662],[139.721,36.641],[139.718,36.618],[139.737,36.62],[139.762,36.595],[139.807,36.587],[139.796,36.572],[139.812,36.556],[139.826,36.559],[139.828,36.518],[139.809,36.504],[139.792,36.508],[139.794,36.492],[139.775,36.492],[139.762,36.466],[139.729,36.487],[139.668,36.495],[139.631,36.489],[139.619,36.461],[139.587,36.492],[139.55,36.503],[139.513,36.565],[139.482,36.579],[139.464,36.613],[139.508,36.631],[139.498,36.662],[139.525,36.684],[139.523,36.708],[139.552,36.713]]]]}},{"type":"Feature","properties":{"code":"0920800","name":"栃木県小山市"},"geometry":{"type":"MultiPolygon","coordinates":[[[[139.802,36.387],[139.81,36.371],[139.84,36.368],[139.844,36.351],[139.912,36.362],[139.911,36.301],[139.879,36.31],[139.875,36.323],[139.84,36.3],[139.842,36.276],[139.821,36.239],[139.786,36.228],[139.786,36.255],[139.765,36.241],[139.739,36.248],[139.745,36.257],[139.733,36.263],[139.724,36.242],[139.694,36.225],[139.7,36.258],[139.726,36.267],[139.725,36.309],[139.733,36.33],[139.747,36.326],[139.745,36.347],[139.802,36.387]]]]}},{"type":"Feature","properties":{"code":"0920900","name":"栃木県真岡市"},"geometry":{"type":"MultiPolygon","coordinates":[[[[140.049,36.509],[140.046,36.49],[140.063,36.498],[140.073,36.489],[140.063,36.382],[139.99,36.367],[139.973,36.378],[139.965,36.352],[139.913,36.335],[139.908,36.357],[139.936,36.431],[139.961,36.461],[139.963,36.498],[139.988,36.504],[140.005,36.49],[140.035,36.49],[140.049,36.509]]]]}},{"type":"Feature","properties":{"code":"0921000","name":"栃木県大田原市"},"geometry":{"type":"MultiPolygon","coordinates":[[[[140.185,36.947],[140.264,36.934],[140.248,36.921],[140.264,36.786],[140.234,36.801],[140.231,36.837],[140.217,36.843],[140.191,36.815],[140.174,36.828],[140.137,36.785],[140.086,36.797],[140.081,36.785],[140.047,36.787],[140.039,36.769],[140.003,36.788],[139.987,36.817],[139.941,36.84],[139.922,36.871],[139.942,36.878],[139.965,36.84],[139.983,36.837],[140.006,36.878],[140.02,36.882],[140.006,36.898],[140.038,36.912],[140.041,36.933],[140.08,36.922],[140.103,36.938],[140.123,36.915],[140.136,36.936],[140.185,36.947]]]]}},{"type":"Feature","properties":{"code":"0921100","name":"栃木県矢板市"},"geometry":{"type":"MultiPolygon","coordinates":[[[[139.846,36.921],[139.85,36.909],[139.91,36.883],[139.94,36.841],[139.987,36.817],[139.994,36.804],[139.975,36.782],[139.984,36.77],[139.962,36.749],[139.964,36.729],[139.917,36.734],[139.903,36.766],[139.869,36.787],[139.877,36.804],[139.851,36.842],[139.831,36.847],[139.787,36.902],[139.826,36.925],[139.846,36.921]]]]}},{"type":"Feature","properties":{"code":"0921300","name":"栃木県那須塩原市"},"geometry":{"type":"MultiPolygon","coordinates":[[[[139.958,37.154],[139.965,37.147],[139.939,37.139],[139.931,37.124],[139.933,37.106],[139.953,37.098],[139.948,37.051],[139.995,37.039],[140.032,36.992],[140.084,36.966],[140.086,36.991],[140.101,36.976],[140.141,36.983],[140.135,36.965],[140.115,36.958],[140.119,36.938],[140.097,36.925],[140.042,36.933],[140.038,36.912],[140.006,36.898],[140.02,36.882],[139.983,36.838],[139.964,36.84],[139.943,36.877],[139.922,36.871],[139.851,36.908],[139.836,36.927],[139.769,36.903],[139.771,36.921],[139.733,36.953],[139.746,36.962],[139.741,36.989],[139.755,37.002],[139.758,37.038],[139.803,37.049],[139.823,37.081],[139.816,37.118],[139.832,37.134],[139.896,37.153],[139.958,37.154]]]]}},{"type":"Feature","properties":{"code":"0921400","name":"栃木県さくら市"},"geometry":{"type":"MultiPolygon","coordinates":[[[[139.993,36.801],[140.037,36.769],[140.081,36.767],[140.084,36.746],[140.067,36.742],[140.068,36.72],[140.017,36.663],[139.984,36.672],[139.955,36.64],[139.948,36.682],[139.907,36.721],[139.964,36.729],[139.963,36.749],[139.984,36.77],[139.975,36.782],[139.993,36.801]]]]}},{"type":"Feature","properties":{"code":"0921500","name":"栃木県那須烏山市"},"geometry":{"type":"MultiPolygon","coordinates":[[[[140.083,36.745],[140.126,36.714],[140.149,36.724],[140.168,36.683],[140.231,36.67],[140.243,36.637],[140.228,36.613],[140.202,36.607],[140.201,36.587],[140.175,36.596],[140.169,36.611],[140.141,36.609],[140.129,36.626],[140.104,36.623],[140.086,36.602],[140.078,36.621],[140.063,36.619],[140.059,36.663],[140.049,36.658],[140.029,36.679],[140.067,36.719],[140.067,36.742],[140.083,36.745]]]]}},{"type":"Feature","properties":{"code":"0921600","name":"栃木県下野市"},"geometry":{"type":"MultiPolygon","coordinates":[[[[139.844,36.486],[139.873,36.469],[139.866,36.413],[139.89,36.419],[139.897,36.403],[139.923,36.404],[139.906,36.356],[139.893,36.365],[139.887,36.35],[139.869,36.36],[139.846,36.351],[139.84,36.368],[139.81,36.37],[139.798,36.389],[139.83,36.406],[139.825,36.442],[139.848,36.461],[139.844,36.486]]]]}},{"type":"Feature","properties":{"code":"0930100","name":"栃木県上三川町"},"geometry":{"type":"MultiPolygon","coordinates":[[[[139.913,36.49],[139.963,36.471],[139.923,36.395],[139.923,36.404],[139.897,36.403],[139.89,36.419],[139.864,36.417],[139.867,36.461],[139.913,36.49]]]]}},{"type":"Feature","properties":{"code":"0934200","name":"栃木県益子町"},"geometry":{"type":"MultiPolygon","coordinates":[[[[140.138,36.526],[140.151,36.523],[140.139,36.505],[140.151,36.503],[140.16,36.463],[140.143,36.414],[140.115,36.411],[140.106,36.397],[140.067,36.404],[140.078,36.512],[140.138,36.526]]]]}},{"type":"Feature","properties":{"code":"0934300","name":"栃木県茂木町"},"geometry":{"type":"MultiPolygon","coordinates":[[[[140.241,36.623],[140.247,36.538],[140.26,36.518],[140.23,36.502],[140.192,36.404],[140.157,36.398],[140.143,36.418],[140.16,36.462],[140.144,36.494],[140.152,36.502],[140.139,36.51],[140.151,36.516],[140.139,36.522],[140.145,36.532],[140.156,36.533],[140.129,36.548],[140.128,36.581],[140.149,36.591],[140.131,36.606],[140.17,36.611],[140.176,36.595],[140.201,36.587],[140.203,36.608],[140.241,36.623]]]]}},{"type":"Feature","properties":{"code":"0934400","name":"栃木県市貝町"},"geometry":{"type":"MultiPolygon","coordinates":[[[[140.135,36.622],[140.131,36.605],[140.149,36.592],[140.128,36.581],[140.129,36.549],[140.155,36.53],[140.079,36.513],[140.076,36.494],[140.046,36.489],[140.063,36.543],[140.079,36.523],[140.085,36.601],[140.104,36.623],[140.135,36.622]]]]}},{"type":"Feature","properties":{"code":"0934500","name":"栃木県芳賀町"},"geometry":{"type":"MultiPolygon","coordinates":[[[[140.067,36.615],[140.088,36.599],[140.079,36.522],[140.063,36.543],[140.036,36.489],[140.005,36.49],[139.999,36.506],[140.007,36.502],[140.011,36.52],[139.995,36.602],[140.013,36.58],[140.046,36.576],[140.036,36.603],[140.064,36.605],[140.067,36.615]]]]}},{"type":"Feature","properties":{"code":"0936100","name":"栃木県壬生町"},"geometry":{"type":"MultiPolygon","coordinates":[[[[139.824,36.505],[139.83,36.511],[139.841,36.494],[139.848,36.46],[139.825,36.441],[139.833,36.424],[139.819,36.397],[139.796,36.401],[139.757,36.467],[139.775,36.493],[139.793,36.491],[139.791,36.508],[139.824,36.505]]]]}},{"type":"Feature","properties":{"code":"0936400","name":"栃木県野木町"},"geometry":{"type":"MultiPolygon","coordinates":[[[[139.732,36.263],[139.744,36.261],[139.74,36.247],[139.769,36.241],[139.787,36.254],[139.785,36.227],[139.727,36.202],[139.72,36.211],[139.688,36.204],[139.685,36.217],[139.698,36.214],[139.697,36.23],[139.726,36.244],[139.717,36.242],[139.732,36.263]]]]}},{"type":"Feature","properties":{"code":"0938400","name":"栃木県塩谷町"},"geometry":{"type":"MultiPolygon","coordinates":[[[[139.787,36.902],[139.83,36.847],[139.851,36.841],[139.877,36.803],[139.869,36.787],[139.902,36.767],[139.937,36.72],[139.853,36.726],[139.735,36.769],[139.729,36.833],[139.771,36.855],[139.771,36.893],[139.787,36.902]]]]}},{"type":"Feature","properties":{"code":"0938600","name":"栃木県高根沢町"},"geometry":{"type":"MultiPolygon","coordinates":[[[[140.03,36.677],[140.06,36.662],[140.063,36.618],[140.079,36.621],[140.085,36.6],[140.067,36.615],[140.065,36.605],[140.037,36.605],[140.044,36.576],[140.013,36.58],[139.998,36.606],[139.971,36.607],[139.956,36.64],[139.971,36.646],[139.976,36.668],[140.017,36.663],[140.03,36.677]]]]}},{"type":"Feature","properties":{"code":"0940700","name":"栃木県那須町"},"geometry":{"type":"MultiPolygon","coordinates":[[[[139.974,37.147],[140.1,37.123],[140.193,37.066],[140.203,37.024],[140.25,37.025],[140.241,36.999],[140.253,36.964],[140.243,36.945],[140.163,36.946],[140.157,36.933],[140.136,36.936],[140.122,36.915],[140.109,36.936],[140.141,36.983],[140.101,36.975],[140.087,36.991],[140.084,36.967],[140.073,36.97],[140.032,36.992],[139.995,37.039],[139.949,37.051],[139.953,37.098],[139.933,37.106],[139.931,37.125],[139.94,37.14],[139.974,37.147]]]]}},{"type":"Feature","properties":{"code":"0941100","name":"栃木県那珂川町"},"geometry":{"type":"MultiPolygon","coordinates":[[[[140.218,36.843],[140.231,36.837],[140.228,36.816],[140.257,36.777],[140.257,36.757],[140.292,36.713],[140.231,36.7],[140.22,36.673],[140.169,36.682],[140.149,36.724],[140.125,36.714],[140.087,36.737],[140.081,36.767],[140.046,36.776],[140.047,36.787],[140.078,36.784],[140.087,36.798],[140.137,36.785],[140.175,36.828],[140.191,36.815],[140.218,36.843]]]]}},{"type":"Feature","properties":{"code":"1020100","name":"群馬県前橋市"},"geometry":{"type":"MultiPolygon","coordinates":[[[[139.173,36.562],[139.193,36.559],[139.189,36.526],[139.23,36.415],[139.166,36.337],[139.12,36.334],[139.126,36.328],[139.105,36.317],[139.079,36.331],[139.07,36.352],[139.045,36.351],[139.036,36.379],[139.023,36.376],[139.031,36.398],[139.021,36.412],[139.007,36.407],[139.004,36.434],[139.028,36.418],[139.076,36.494],[139.173,36.562]]]]}},{"type":"Feature","properties":{"code":"1020200","name":"群馬県高崎市"},"geometry":{"type":"MultiPolygon","coordinates":[[[[138.877,36.483],[138.907,36.475],[138.902,36.459],[138.958,36.427],[138.962,36.413],[138.981,36.414],[138.986,36.426],[139.01,36.405],[139.028,36.407],[139.023,36.378],[139.035,36.379],[139.045,36.352],[139.07,36.352],[139.093,36.325],[139.096,36.289],[139.056,36.285],[139.056,36.272],[139.02,36.257],[139.018,36.222],[138.998,36.224],[138.976,36.202],[138.944,36.199],[138.963,36.223],[138.957,36.258],[138.938,36.27],[138.954,36.306],[138.937,36.333],[138.95,36.335],[138.933,36.349],[138.862,36.374],[138.824,36.374],[138.718,36.415],[138.644,36.413],[138.646,36.443],[138.688,36.474],[138.775,36.478],[138.774,36.466],[138.877,36.483]]]]}},{"type":"Feature","properties":{"code":"1020300","name":"群馬県桐生市"},"geometry":{"type":"MultiPolygon","coordinates":[[[[139.443,36.556],[139.451,36.551],[139.439,36.551],[139.442,36.529],[139.418,36.497],[139.437,36.466],[139.408,36.458],[139.379,36.415],[139.361,36.384],[139.369,36.364],[139.343,36.361],[139.315,36.377],[139.315,36.397],[139.284,36.413],[139.295,36.417],[139.284,36.428],[139.294,36.446],[139.362,36.514],[139.408,36.527],[139.443,36.556]]],[[[139.298,36.595],[139.319,36.56],[139.28,36.513],[139.304,36.502],[139.264,36.479],[139.232,36.487],[139.239,36.467],[139.264,36.452],[139.274,36.413],[139.237,36.393],[139.189,36.525],[139.189,36.566],[139.298,36.595]]]]}},{"type":"Feature","properties":{"code":"1020400","name":"群馬県伊勢崎市"},"geometry":{"type":"MultiPolygon","coordinates":[[[[139.254,36.408],[139.25,36.396],[139.267,36.393],[139.273,36.367],[139.262,36.33],[139.268,36.303],[139.256,36.295],[139.274,36.283],[139.27,36.258],[139.283,36.253],[139.266,36.242],[139.172,36.273],[139.142,36.307],[139.136,36.333],[139.166,36.337],[139.217,36.401],[139.233,36.405],[139.236,36.393],[139.254,36.408]]]]}},{"type":"Feature","properties":{"code":"1020500","name":"群馬県太田市"},"geometry":{"type":"MultiPolygon","coordinates":[[[[139.317,36.377],[139.35,36.359],[139.37,36.366],[139.419,36.335],[139.427,36.325],[139.415,36.325],[139.417,36.313],[139.444,36.293],[139.43,36.283],[139.435,36.268],[139.406,36.276],[139.403,36.265],[139.388,36.266],[139.383,36.238],[139.359,36.253],[139.322,36.237],[139.273,36.249],[139.282,36.253],[139.27,36.258],[139.276,36.28],[139.256,36.295],[139.267,36.303],[139.267,36.361],[139.317,36.377]]]]}},{"type":"Feature","properties":{"code":"1020600","name":"群馬県沼田市"},"geometry":{"type":"MultiPolygon","coordinates":[[[[139.114,36.797],[139.116,36.778],[139.085,36.74],[139.088,36.69],[139.076,36.663],[139.106,36.673],[139.11,36.687],[139.145,36.685],[139.198,36.718],[139.208,36.71],[139.232,36.742],[139.272,36.741],[139.302,36.762],[139.353,36.774],[139.356,36.751],[139.371,36.747],[139.367,36.725],[139.337,36.692],[139.329,36.634],[139.297,36.595],[139.242,36.588],[139.188,36.558],[139.169,36.562],[139.118,36.659],[139.073,36.648],[139.047,36.622],[139.058,36.585],[139.008,36.582],[138.991,36.594],[138.986,36.647],[139.015,36.659],[139.03,36.683],[139.018,36.721],[139.033,36.742],[139.025,36.77],[139.052,36.791],[139.114,36.797]]]]}},{"type":"Feature","properties":{"code":"1020700","name":"群馬県館林市"},"geometry":{"type":"MultiPolygon","coordinates":[[[[139.528,36.284],[139.626,36.253],[139.6,36.256],[139.575,36.241],[139.581,36.218],[139.46,36.215],[139.503,36.237],[139.479,36.241],[139.503,36.281],[139.528,36.284]]]]}},{"type":"Feature","properties":{"code":"1020800","name":"群馬県渋川市"},"geometry":{"type":"MultiPolygon","coordinates":[[[[138.999,36.589],[139.155,36.577],[139.169,36.562],[139.101,36.517],[139.041,36.452],[138.961,36.474],[138.917,36.466],[138.877,36.483],[138.951,36.546],[138.9,36.556],[138.897,36.584],[138.999,36.589]]]]}},{"type":"Feature","properties":{"code":"1020900","name":"群馬県藤岡市"},"geometry":{"type":"MultiPolygon","coordinates":[[[[139.082,36.291],[139.11,36.282],[139.097,36.277],[139.111,36.258],[139.063,36.196],[139.062,36.153],[139.043,36.148],[139.041,36.127],[139.005,36.133],[138.979,36.116],[138.96,36.124],[138.959,36.145],[138.923,36.152],[138.811,36.141],[138.826,36.158],[138.885,36.169],[138.913,36.193],[138.976,36.202],[138.997,36.223],[139.018,36.222],[139.02,36.257],[139.082,36.291]]]]}},{"type":"Feature","properties":{"code":"1021000","name":"群馬県富岡市"},"geometry":{"type":"MultiPolygon","coordinates":[[[[138.924,36.308],[138.95,36.301],[138.944,36.268],[138.906,36.247],[138.9,36.226],[138.881,36.224],[138.878,36.204],[138.858,36.203],[138.832,36.179],[138.84,36.239],[138.783,36.227],[138.74,36.291],[138.777,36.304],[138.857,36.277],[138.924,36.308]]]]}},{"type":"Feature","properties":{"code":"1021100","name":"群馬県安中市"},"geometry":{"type":"MultiPolygon","coordinates":[[[[138.685,36.414],[138.717,36.415],[138.825,36.374],[138.926,36.353],[138.951,36.335],[138.937,36.332],[138.954,36.306],[138.922,36.308],[138.858,36.277],[138.772,36.304],[138.705,36.28],[138.66,36.285],[138.648,36.315],[138.657,36.368],[138.648,36.407],[138.685,36.414]]]]}},{"type":"Feature","properties":{"code":"1021200","name":"群馬県みどり市"},"geometry":{"type":"MultiPolygon","coordinates":[[[[139.327,36.633],[139.398,36.602],[139.465,36.606],[139.483,36.583],[139.461,36.554],[139.435,36.556],[139.407,36.526],[139.363,36.514],[139.359,36.5],[139.334,36.491],[139.284,36.429],[139.295,36.418],[139.285,36.411],[139.315,36.397],[139.314,36.378],[139.273,36.369],[139.268,36.392],[139.25,36.396],[139.273,36.413],[139.264,36.452],[139.236,36.469],[139.232,36.486],[139.264,36.479],[139.298,36.491],[139.304,36.502],[139.28,36.514],[139.315,36.544],[139.319,36.564],[139.298,36.598],[139.327,36.633]]]]}},{"type":"Feature","properties":{"code":"1034400","name":"群馬県榛東村"},"geometry":{"type":"MultiPolygon","coordinates":[[[[138.92,36.466],[138.986,36.455],[139.002,36.42],[138.985,36.426],[138.987,36.418],[138.963,36.412],[138.958,36.427],[138.9,36.462],[138.92,36.466]]]]}},{"type":"Feature","properties":{"code":"1034500","name":"群馬県吉岡町"},"geometry":{"type":"MultiPolygon","coordinates":[[[[138.958,36.474],[139.025,36.448],[139.028,36.46],[139.041,36.455],[139.035,36.425],[139.024,36.417],[139.012,36.433],[138.991,36.434],[138.985,36.455],[138.93,36.47],[138.958,36.474]]]]}},{"type":"Feature","properties":{"code":"1036600","name":"群馬県上野村"},"geometry":{"type":"MultiPolygon","coordinates":[[[[138.772,36.129],[138.783,36.101],[138.818,36.079],[138.812,36.065],[138.829,36.038],[138.754,36.034],[138.713,35.985],[138.689,35.992],[138.68,36.012],[138.632,36.028],[138.644,36.049],[138.63,36.086],[138.645,36.099],[138.642,36.118],[138.772,36.129]]]]}},{"type":"Feature","properties":{"code":"1036700","name":"群馬県神流町"},"geometry":{"type":"MultiPolygon","coordinates":[[[[138.775,36.139],[138.923,36.152],[138.958,36.145],[138.963,36.132],[138.945,36.094],[138.864,36.077],[138.828,36.042],[138.812,36.064],[138.818,36.079],[138.781,36.103],[138.765,36.16],[138.775,36.139]]]]}},{"type":"Feature","properties":{"code":"1038200","name":"群馬県下仁田町"},"geometry":{"type":"MultiPolygon","coordinates":[[[[138.654,36.303],[138.666,36.283],[138.753,36.284],[138.783,36.227],[138.84,36.239],[138.823,36.152],[138.802,36.138],[138.775,36.139],[138.761,36.19],[138.737,36.192],[138.709,36.214],[138.682,36.197],[138.642,36.199],[138.622,36.215],[138.6,36.278],[138.654,36.303]]]]}},{"type":"Feature","properties":{"code":"1038300","name":"群馬県南牧村"},"geometry":{"type":"MultiPolygon","coordinates":[[[[138.709,36.213],[138.762,36.189],[138.771,36.132],[138.742,36.119],[138.688,36.128],[138.649,36.118],[138.635,36.133],[138.601,36.136],[138.577,36.168],[138.589,36.179],[138.608,36.162],[138.635,36.171],[138.623,36.196],[138.634,36.205],[138.681,36.197],[138.709,36.213]]]]}},{"type":"Feature","properties":{"code":"1038400","name":"群馬県甘楽町"},"geometry":{"type":"MultiPolygon","coordinates":[[[[138.951,36.26],[138.963,36.222],[138.942,36.198],[138.912,36.193],[138.884,36.168],[138.826,36.159],[138.831,36.178],[138.859,36.203],[138.877,36.203],[138.879,36.222],[138.9,36.226],[138.923,36.26],[138.951,36.26]]]]}},{"type":"Feature","properties":{"code":"1042100","name":"群馬県中之条町"},"geometry":{"type":"MultiPolygon","coordinates":[[[[138.729,36.762],[138.789,36.745],[138.824,36.704],[138.821,36.665],[138.892,36.658],[138.893,36.612],[138.92,36.587],[138.896,36.583],[138.903,36.563],[138.821,36.587],[138.779,36.576],[138.737,36.599],[138.675,36.596],[138.679,36.571],[138.632,36.559],[138.594,36.588],[138.593,36.598],[138.63,36.614],[138.613,36.639],[138.525,36.651],[138.535,36.665],[138.518,36.677],[138.521,36.694],[138.557,36.706],[138.584,36.701],[138.596,36.715],[138.611,36.706],[138.622,36.72],[138.708,36.738],[138.729,36.762]]]]}},{"type":"Feature","properties":{"code":"1042400","name":"群馬県長野原町"},"geometry":{"type":"MultiPolygon","coordinates":[[[[138.608,36.575],[138.633,36.559],[138.681,36.575],[138.707,36.569],[138.722,36.548],[138.681,36.52],[138.645,36.516],[138.64,36.471],[138.655,36.452],[138.643,36.438],[138.644,36.412],[138.571,36.421],[138.581,36.456],[138.569,36.456],[138.574,36.49],[138.563,36.529],[138.572,36.538],[138.586,36.521],[138.596,36.529],[138.583,36.576],[138.608,36.575]]]]}},{"type":"Feature","properties":{"code":"1042500","name":"群馬県嬬恋村"},"geometry":{"type":"MultiPolygon","coordinates":[[[[138.526,36.65],[138.542,36.599],[138.596,36.55],[138.586,36.521],[138.572,36.538],[138.563,36.53],[138.575,36.489],[138.569,36.456],[138.58,36.45],[138.57,36.42],[138.541,36.403],[138.505,36.415],[138.49,36.401],[138.46,36.405],[138.456,36.42],[138.401,36.434],[138.404,36.522],[138.429,36.556],[138.427,36.595],[138.455,36.615],[138.459,36.635],[138.526,36.65]]]]}},{"type":"Feature","properties":{"code":"1042600","name":"群馬県草津町"},"geometry":{"type":"MultiPolygon","coordinates":[[[[138.538,36.656],[138.613,36.639],[138.63,36.614],[138.594,36.599],[138.596,36.583],[138.58,36.568],[138.528,36.618],[138.539,36.631],[138.526,36.65],[138.538,36.656]]]]}},{"type":"Feature","properties":{"code":"1042800","name":"群馬県高山村"},"geometry":{"type":"MultiPolygon","coordinates":[[[[138.932,36.662],[138.987,36.644],[138.993,36.589],[138.938,36.581],[138.893,36.612],[138.893,36.656],[138.932,36.662]]]]}},{"type":"Feature","properties":{"code":"1042900","name":"群馬県東吾妻町"},"geometry":{"type":"MultiPolygon","coordinates":[[[[138.738,36.599],[138.78,36.576],[138.82,36.587],[138.862,36.581],[138.913,36.55],[138.953,36.547],[138.861,36.474],[138.792,36.477],[138.774,36.466],[138.774,36.478],[138.723,36.482],[138.655,36.452],[138.64,36.471],[138.645,36.516],[138.682,36.52],[138.721,36.543],[138.714,36.567],[138.682,36.575],[138.675,36.595],[138.738,36.599]]]]}},{"type":"Feature","properties":{"code":"1044300","name":"群馬県片品村"},"geometry":{"type":"MultiPolygon","coordinates":[[[[139.186,36.96],[139.229,36.961],[139.24,36.93],[139.267,36.941],[139.393,36.911],[139.357,36.878],[139.349,36.853],[139.406,36.829],[139.378,36.805],[139.376,36.786],[139.273,36.741],[139.233,36.743],[139.209,36.71],[139.195,36.733],[139.155,36.743],[139.162,36.775],[139.14,36.802],[139.198,36.841],[139.195,36.856],[139.153,36.872],[139.172,36.888],[139.167,36.952],[139.186,36.96]]]]}},{"type":"Feature","properties":{"code":"1044400","name":"群馬県川場村"},"geometry":{"type":"MultiPolygon","coordinates":[[[[139.138,36.804],[139.161,36.776],[139.153,36.744],[139.195,36.733],[139.196,36.716],[139.146,36.685],[139.11,36.688],[139.107,36.673],[139.073,36.663],[139.087,36.689],[139.088,36.75],[139.138,36.804]]]]}},{"type":"Feature","properties":{"code":"1044800","name":"群馬県昭和村"},"geometry":{"type":"MultiPolygon","coordinates":[[[[139.118,36.658],[139.162,36.57],[139.071,36.58],[139.05,36.593],[139.043,36.615],[139.066,36.642],[139.118,36.658]]]]}},{"type":"Feature","properties":{"code":"1044900","name":"群馬県みなかみ町"},"geometry":{"type":"MultiPolygon","coordinates":[[[[139.108,37.055],[139.179,36.991],[139.166,36.936],[139.173,36.891],[139.153,36.873],[139.157,36.863],[139.195,36.856],[139.197,36.84],[139.121,36.795],[139.06,36.793],[139.025,36.77],[139.033,36.741],[139.018,36.72],[139.03,36.684],[138.997,36.651],[138.821,36.665],[138.824,36.703],[138.79,36.744],[138.827,36.772],[138.822,36.817],[138.857,36.812],[138.929,36.833],[138.916,36.852],[138.924,36.884],[138.94,36.895],[138.98,36.892],[138.968,36.98],[139.047,36.987],[139.088,37.016],[139.095,37.057],[139.108,37.055]]]]}},{"type":"Feature","properties":{"code":"1046400","name":"群馬県玉村町"},"geometry":{"type":"MultiPolygon","coordinates":[[[[139.136,36.334],[139.141,36.308],[139.172,36.275],[139.096,36.289],[139.091,36.323],[139.112,36.317],[139.109,36.326],[139.136,36.334]]]]}},{"type":"Feature","properties":{"code":"1052100","name":"群馬県板倉町"},"geometry":{"type":"MultiPolygon","coordinates":[[[[139.626,36.271],[139.643,36.266],[139.631,36.255],[139.67,36.213],[139.651,36.212],[139.651,36.197],[139.624,36.187],[139.588,36.21],[139.575,36.24],[139.599,36.256],[139.623,36.25],[139.59,36.268],[139.626,36.271]]]]}},{"type":"Feature","properties":{"code":"1052200","name":"群馬県明和町"},"geometry":{"type":"MultiPolygon","coordinates":[[[[139.58,36.218],[139.591,36.217],[139.527,36.191],[139.493,36.192],[139.479,36.211],[139.58,36.218]]]]}},{"type":"Feature","properties":{"code":"1052300","name":"群馬県千代田町"},"geometry":{"type":"MultiPolygon","coordinates":[[[[139.432,36.242],[139.463,36.228],[139.46,36.215],[139.484,36.21],[139.492,36.192],[139.457,36.191],[139.419,36.211],[139.41,36.234],[139.432,36.242]]]]}},{"type":"Feature","properties":{"code":"1052400","name":"群馬県大泉町"},"geometry":{"type":"MultiPolygon","coordinates":[[[[139.414,36.271],[139.436,36.264],[139.41,36.234],[139.417,36.218],[139.391,36.229],[139.383,36.248],[139.389,36.267],[139.414,36.271]]]]}},{"type":"Feature","properties":{"code":"1052500","name":"群馬県邑楽町"},"geometry":{"type":"MultiPolygon","coordinates":[[[[139.457,36.289],[139.464,36.271],[139.5,36.275],[139.479,36.242],[139.503,36.238],[139.476,36.219],[139.427,36.247],[139.432,36.286],[139.457,36.289]]]]}},{"type":"Feature","properties":{"code":"1110000","name":"埼玉県さいたま市"},"geometry":{"type":"MultiPolygon","coordinates":[[[[139.548,35.934],[139.562,35.926],[139.566,35.939],[139.587,35.946],[139.597,35.937],[139.589,35.962],[139.615,35.965],[139.645,35.951],[139.661,35.973],[139.694,35.974],[139.695,36.002],[139.725,35.985],[139.722,35.969],[139.712,35.971],[139.72,35.952],[139.734,35.958],[139.757,35.938],[139.745,35.926],[139.751,35.881],[139.741,35.887],[139.737,35.87],[139.714,35.877],[139.718,35.862],[139.676,35.851],[139.677,35.833],[139.618,35.83],[139.551,35.885],[139.548,35.934]]]]}},{"type":"Feature","properties":{"code":"1120100","name":"埼玉県川越市"},"geometry":{"type":"MultiPolygon","coordinates":[[[[139.439,35.962],[139.436,35.945],[139.474,35.96],[139.534,35.951],[139.552,35.929],[139.558,35.889],[139.541,35.878],[139.515,35.889],[139.501,35.866],[139.47,35.855],[139.492,35.853],[139.478,35.838],[139.459,35.859],[139.46,35.888],[139.447,35.879],[139.411,35.901],[139.399,35.894],[139.378,35.916],[139.42,35.925],[139.421,35.956],[139.439,35.962]]]]}},{"type":"Feature","properties":{"code":"1120200","name":"埼玉県熊谷市"},"geometry":{"type":"MultiPolygon","coordinates":[[[[139.354,36.252],[139.444,36.197],[139.417,36.189],[139.437,36.162],[139.422,36.146],[139.438,36.105],[139.433,36.086],[139.446,36.084],[139.422,36.07],[139.406,36.075],[139.413,36.09],[139.392,36.105],[139.38,36.096],[139.345,36.104],[139.336,36.089],[139.301,36.111],[139.314,36.146],[139.291,36.162],[139.333,36.18],[139.328,36.24],[139.354,36.252]]]]}},{"type":"Feature","properties":{"code":"1120300","name":"埼玉県川口市"},"geometry":{"type":"MultiPolygon","coordinates":[[[[139.748,35.882],[139.77,35.866],[139.788,35.825],[139.751,35.81],[139.76,35.794],[139.738,35.78],[139.698,35.798],[139.709,35.825],[139.678,35.833],[139.675,35.851],[139.695,35.849],[139.719,35.863],[139.714,35.877],[139.739,35.87],[139.748,35.882]]]]}},{"type":"Feature","properties":{"code":"1120600","name":"埼玉県行田市"},"geometry":{"type":"MultiPolygon","coordinates":[[[[139.43,36.196],[139.495,36.193],[139.501,36.183],[139.489,36.173],[139.534,36.129],[139.531,36.118],[139.509,36.125],[139.494,36.091],[139.461,36.116],[139.43,36.112],[139.422,36.148],[139.438,36.161],[139.417,36.188],[139.43,36.196]]]]}},{"type":"Feature","properties":{"code":"1120700","name":"埼玉県秩父市"},"geometry":{"type":"MultiPolygon","coordinates":[[[[138.967,36.124],[138.991,36.096],[139.007,36.098],[139.005,36.085],[139.055,36.073],[139.055,36.061],[139.086,36.067],[139.112,36.058],[139.124,36.035],[139.153,36.027],[139.175,36.001],[139.173,35.99],[139.109,36.008],[139.093,35.995],[139.096,35.936],[139.121,35.896],[139.108,35.872],[139.062,35.874],[139.014,35.898],[138.954,35.875],[138.942,35.853],[138.893,35.84],[138.856,35.865],[138.814,35.862],[138.78,35.9],[138.73,35.908],[138.739,35.939],[138.714,35.966],[138.713,35.986],[138.768,36.038],[138.839,36.033],[138.84,36.001],[138.883,35.974],[138.943,35.967],[138.981,35.983],[139.007,35.98],[139.013,35.967],[139.041,35.976],[139.048,36.021],[139.025,36.016],[138.984,36.035],[138.932,36.081],[138.967,36.124]]]]}},{"type":"Feature","properties":{"code":"1120800","name":"埼玉県所沢市"},"geometry":{"type":"MultiPolygon","coordinates":[[[[139.466,35.837],[139.482,35.839],[139.503,35.815],[139.532,35.825],[139.546,35.812],[139.497,35.779],[139.38,35.767],[139.395,35.778],[139.386,35.808],[139.466,35.837]]]]}},{"type":"Feature","properties":{"code":"1120900","name":"埼玉県飯能市"},"geometry":{"type":"MultiPolygon","coordinates":[[[[139.181,35.968],[139.267,35.922],[139.278,35.873],[139.365,35.884],[139.373,35.865],[139.35,35.859],[139.345,35.827],[139.317,35.819],[139.28,35.841],[139.193,35.84],[139.148,35.863],[139.1,35.867],[139.121,35.896],[139.103,35.927],[139.163,35.946],[139.181,35.968]]]]}},{"type":"Feature","properties":{"code":"1121000","name":"埼玉県加須市"},"geometry":{"type":"MultiPolygon","coordinates":[[[[139.662,36.213],[139.694,36.191],[139.703,36.145],[139.684,36.136],[139.685,36.124],[139.646,36.104],[139.633,36.079],[139.605,36.088],[139.594,36.073],[139.563,36.071],[139.54,36.082],[139.553,36.1],[139.531,36.112],[139.525,36.146],[139.574,36.138],[139.589,36.165],[139.608,36.16],[139.605,36.194],[139.624,36.187],[139.662,36.213]]]]}},{"type":"Feature","properties":{"code":"1121100","name":"埼玉県本庄市"},"geometry":{"type":"MultiPolygon","coordinates":[[[[139.189,36.266],[139.244,36.245],[139.243,36.226],[139.224,36.232],[139.192,36.207],[139.167,36.208],[139.146,36.153],[139.107,36.144],[139.082,36.122],[139.059,36.123],[139.084,36.19],[139.107,36.196],[139.108,36.207],[139.129,36.201],[139.129,36.217],[139.171,36.239],[139.156,36.249],[139.169,36.274],[139.189,36.266]]]]}},{"type":"Feature","properties":{"code":"1121200","name":"埼玉県東松山市"},"geometry":{"type":"MultiPolygon","coordinates":[[[[139.391,36.105],[139.413,36.09],[139.405,36.075],[139.423,36.071],[139.419,36.035],[139.456,36.012],[139.377,35.982],[139.337,36.015],[139.331,36.039],[139.385,36.041],[139.377,36.085],[139.391,36.105]]]]}},{"type":"Feature","properties":{"code":"1121400","name":"埼玉県春日部市"},"geometry":{"type":"MultiPolygon","coordinates":[[[[139.816,36.035],[139.814,35.997],[139.833,35.97],[139.803,35.942],[139.778,35.959],[139.782,35.94],[139.765,35.936],[139.734,35.957],[139.72,35.952],[139.725,35.96],[139.711,35.97],[139.727,35.982],[139.709,35.994],[139.713,36.004],[139.781,36.005],[139.778,36.026],[139.807,36.043],[139.816,36.035]]]]}},{"type":"Feature","properties":{"code":"1121500","name":"埼玉県狭山市"},"geometry":{"type":"MultiPolygon","coordinates":[[[[139.413,35.898],[139.447,35.88],[139.461,35.887],[139.459,35.859],[139.478,35.835],[139.464,35.843],[139.441,35.82],[139.42,35.818],[139.39,35.853],[139.364,35.842],[139.361,35.859],[139.413,35.898]]]]}},{"type":"Feature","properties":{"code":"1121600","name":"埼玉県羽生市"},"geometry":{"type":"MultiPolygon","coordinates":[[[[139.607,36.194],[139.608,36.16],[139.59,36.165],[139.574,36.137],[139.516,36.138],[139.488,36.173],[139.501,36.182],[139.496,36.193],[139.586,36.21],[139.607,36.194]]]]}},{"type":"Feature","properties":{"code":"1121700","name":"埼玉県鴻巣市"},"geometry":{"type":"MultiPolygon","coordinates":[[[[139.516,36.122],[139.554,36.101],[139.54,36.082],[139.561,36.07],[139.566,36.037],[139.526,36.057],[139.53,36.034],[139.493,36.036],[139.483,36.058],[139.433,36.086],[139.438,36.117],[139.484,36.105],[139.494,36.09],[139.496,36.111],[139.516,36.122]]]]}},{"type":"Feature","properties":{"code":"1121800","name":"埼玉県深谷市"},"geometry":{"type":"MultiPolygon","coordinates":[[[[139.299,36.243],[139.336,36.232],[139.333,36.18],[139.29,36.161],[139.314,36.148],[139.311,36.116],[139.263,36.106],[139.273,36.119],[139.224,36.117],[139.214,36.133],[139.181,36.134],[139.233,36.157],[139.191,36.176],[139.209,36.195],[139.197,36.197],[139.197,36.217],[139.224,36.232],[139.241,36.224],[139.244,36.245],[139.299,36.243]]]]}},{"type":"Feature","properties":{"code":"1121900","name":"埼玉県上尾市"},"geometry":{"type":"MultiPolygon","coordinates":[[[[139.577,36.009],[139.605,36.003],[139.62,35.978],[139.65,35.962],[139.645,35.951],[139.614,35.966],[139.588,35.96],[139.597,35.938],[139.573,35.944],[139.561,35.927],[139.545,35.937],[139.539,35.991],[139.576,35.987],[139.577,36.009]]]]}},{"type":"Feature","properties":{"code":"1122100","name":"埼玉県草加市"},"geometry":{"type":"MultiPolygon","coordinates":[[[[139.833,35.871],[139.841,35.856],[139.829,35.857],[139.831,35.836],[139.812,35.835],[139.821,35.811],[139.793,35.805],[139.768,35.818],[139.788,35.828],[139.764,35.863],[139.804,35.856],[139.833,35.871]]]]}},{"type":"Feature","properties":{"code":"1122200","name":"埼玉県越谷市"},"geometry":{"type":"MultiPolygon","coordinates":[[[[139.808,35.94],[139.818,35.931],[139.806,35.918],[139.837,35.906],[139.828,35.9],[139.84,35.893],[139.84,35.87],[139.778,35.859],[139.747,35.887],[139.755,35.908],[139.745,35.926],[139.759,35.944],[139.781,35.94],[139.777,35.958],[139.808,35.94]]]]}},{"type":"Feature","properties":{"code":"1122300","name":"埼玉県蕨市"},"geometry":{"type":"MultiPolygon","coordinates":[[[[139.689,35.829],[139.71,35.826],[139.69,35.814],[139.663,35.829],[139.689,35.829]]]]}},{"type":"Feature","properties":{"code":"1122400","name":"埼玉県戸田市"},"geometry":{"type":"MultiPolygon","coordinates":[[[[139.658,35.83],[139.699,35.815],[139.698,35.799],[139.647,35.798],[139.636,35.813],[139.623,35.811],[139.624,35.834],[139.658,35.83]]]]}},{"type":"Feature","properties":{"code":"1122500","name":"埼玉県入間市"},"geometry":{"type":"MultiPolygon","coordinates":[[[[139.358,35.861],[139.366,35.842],[139.388,35.852],[139.419,35.818],[139.385,35.806],[139.394,35.775],[139.372,35.779],[139.369,35.792],[139.325,35.795],[139.315,35.814],[139.345,35.828],[139.345,35.849],[139.358,35.861]]]]}},{"type":"Feature","properties":{"code":"1122700","name":"埼玉県朝霞市"},"geometry":{"type":"MultiPolygon","coordinates":[[[[139.617,35.832],[139.622,35.809],[139.597,35.779],[139.583,35.781],[139.573,35.8],[139.581,35.829],[139.617,35.832]]]]}},{"type":"Feature","properties":{"code":"1122800","name":"埼玉県志木市"},"geometry":{"type":"MultiPolygon","coordinates":[[[[139.593,35.852],[139.604,35.832],[139.555,35.826],[139.58,35.836],[139.572,35.842],[139.584,35.86],[139.593,35.852]]]]}},{"type":"Feature","properties":{"code":"1122900","name":"埼玉県和光市"},"geometry":{"type":"MultiPolygon","coordinates":[[[[139.64,35.806],[139.646,35.799],[139.623,35.767],[139.598,35.77],[139.615,35.806],[139.64,35.806]]]]}},{"type":"Feature","properties":{"code":"1123000","name":"埼玉県新座市"},"geometry":{"type":"MultiPolygon","coordinates":[[[[139.573,35.8],[139.594,35.777],[139.547,35.754],[139.548,35.774],[139.517,35.766],[139.543,35.781],[139.546,35.813],[139.535,35.819],[139.576,35.823],[139.573,35.8]]]]}},{"type":"Feature","properties":{"code":"1123100","name":"埼玉県桶川市"},"geometry":{"type":"MultiPolygon","coordinates":[[[[139.571,36.039],[139.595,36.027],[139.592,36.01],[139.573,36.01],[139.576,35.987],[139.54,35.992],[139.529,35.963],[139.506,36.001],[139.526,36.012],[139.553,36.007],[139.571,36.039]]]]}},{"type":"Feature","properties":{"code":"1123200","name":"埼玉県久喜市"},"geometry":{"type":"MultiPolygon","coordinates":[[[[139.709,36.138],[139.727,36.108],[139.693,36.091],[139.709,36.07],[139.699,36.056],[139.685,36.058],[139.688,36.044],[139.66,36.049],[139.649,36.035],[139.615,36.049],[139.588,36.029],[139.57,36.036],[139.56,36.072],[139.593,36.073],[139.605,36.088],[139.632,36.079],[139.646,36.104],[139.685,36.124],[139.685,36.137],[139.709,36.138]]]]}},{"type":"Feature","properties":{"code":"1123300","name":"埼玉県北本市"},"geometry":{"type":"MultiPolygon","coordinates":[[[[139.529,36.055],[139.565,36.035],[139.556,36.01],[139.523,36.012],[139.501,35.996],[139.505,36.027],[139.494,36.035],[139.531,36.035],[139.521,36.047],[139.529,36.055]]]]}},{"type":"Feature","properties":{"code":"1123400","name":"埼玉県八潮市"},"geometry":{"type":"MultiPolygon","coordinates":[[[[139.839,35.857],[139.847,35.829],[139.869,35.819],[139.857,35.791],[139.825,35.794],[139.824,35.813],[139.812,35.816],[139.821,35.822],[139.812,35.835],[139.826,35.829],[139.829,35.857],[139.839,35.857]]]]}},{"type":"Feature","properties":{"code":"1123500","name":"埼玉県富士見市"},"geometry":{"type":"MultiPolygon","coordinates":[[[[139.548,35.887],[139.587,35.853],[139.572,35.842],[139.58,35.837],[139.553,35.828],[139.529,35.842],[139.534,35.864],[139.512,35.855],[139.55,35.87],[139.548,35.887]]]]}},{"type":"Feature","properties":{"code":"1123700","name":"埼玉県三郷市"},"geometry":{"type":"MultiPolygon","coordinates":[[[[139.874,35.868],[139.9,35.864],[139.889,35.832],[139.894,35.783],[139.858,35.796],[139.869,35.82],[139.847,35.828],[139.841,35.849],[139.84,35.859],[139.874,35.868]]]]}},{"type":"Feature","properties":{"code":"1123800","name":"埼玉県蓮田市"},"geometry":{"type":"MultiPolygon","coordinates":[[[[139.605,36.037],[139.65,36.031],[139.65,36.01],[139.693,35.998],[139.694,35.975],[139.647,35.963],[139.635,36.007],[139.59,36.028],[139.605,36.037]]]]}},{"type":"Feature","properties":{"code":"1123900","name":"埼玉県坂戸市"},"geometry":{"type":"MultiPolygon","coordinates":[[[[139.434,35.994],[139.468,35.961],[139.455,35.951],[139.435,35.945],[139.441,35.961],[139.417,35.959],[139.38,35.951],[139.342,35.921],[139.325,35.928],[139.348,35.93],[139.36,35.947],[139.35,35.971],[139.434,35.994]]]]}},{"type":"Feature","properties":{"code":"1124000","name":"埼玉県幸手市"},"geometry":{"type":"MultiPolygon","coordinates":[[[[139.726,36.108],[139.732,36.087],[139.767,36.08],[139.777,36.089],[139.789,36.062],[139.776,36.038],[139.753,36.055],[139.738,36.041],[139.703,36.062],[139.71,36.071],[139.693,36.09],[139.726,36.108]]]]}},{"type":"Feature","properties":{"code":"1124100","name":"埼玉県鶴ヶ島市"},"geometry":{"type":"MultiPolygon","coordinates":[[[[139.419,35.958],[139.428,35.941],[139.417,35.923],[139.389,35.914],[139.353,35.925],[139.381,35.951],[139.419,35.958]]]]}},{"type":"Feature","properties":{"code":"1124200","name":"埼玉県日高市"},"geometry":{"type":"MultiPolygon","coordinates":[[[[139.354,35.924],[139.382,35.919],[139.402,35.896],[139.388,35.875],[139.368,35.871],[139.367,35.884],[139.276,35.874],[139.277,35.9],[139.354,35.924]]]]}},{"type":"Feature","properties":{"code":"1124300","name":"埼玉県吉川市"},"geometry":{"type":"MultiPolygon","coordinates":[[[[139.836,35.939],[139.866,35.928],[139.899,35.868],[139.84,35.859],[139.84,35.893],[139.828,35.899],[139.849,35.912],[139.837,35.916],[139.836,35.939]]]]}},{"type":"Feature","properties":{"code":"1124500","name":"埼玉県ふじみ野市"},"geometry":{"type":"MultiPolygon","coordinates":[[[[139.526,35.891],[139.551,35.873],[139.518,35.863],[139.513,35.855],[139.535,35.863],[139.524,35.844],[139.488,35.843],[139.49,35.855],[139.47,35.854],[139.502,35.865],[139.526,35.891]]]]}},{"type":"Feature","properties":{"code":"1124600","name":"埼玉県白岡市"},"geometry":{"type":"MultiPolygon","coordinates":[[[[139.618,36.047],[139.65,36.035],[139.658,36.048],[139.684,36.043],[139.713,36.003],[139.676,35.999],[139.65,36.01],[139.65,36.031],[139.605,36.037],[139.618,36.047]]]]}},{"type":"Feature","properties":{"code":"1130100","name":"埼玉県伊奈町"},"geometry":{"type":"MultiPolygon","coordinates":[[[[139.627,36.009],[139.646,35.992],[139.642,35.97],[139.592,36.008],[139.595,36.026],[139.627,36.009]]]]}},{"type":"Feature","properties":{"code":"1132400","name":"埼玉県三芳町"},"geometry":{"type":"MultiPolygon","coordinates":[[[[139.51,35.849],[139.531,35.849],[139.553,35.821],[139.505,35.815],[139.478,35.838],[139.51,35.849]]]]}},{"type":"Feature","properties":{"code":"1132600","name":"埼玉県毛呂山町"},"geometry":{"type":"MultiPolygon","coordinates":[[[[139.35,35.967],[139.36,35.956],[139.349,35.931],[139.328,35.935],[139.309,35.909],[139.27,35.902],[139.261,35.933],[139.276,35.951],[139.299,35.945],[139.316,35.964],[139.35,35.967]]]]}},{"type":"Feature","properties":{"code":"1132700","name":"埼玉県越生町"},"geometry":{"type":"MultiPolygon","coordinates":[[[[139.283,35.992],[139.321,35.966],[139.3,35.945],[139.276,35.951],[139.262,35.923],[139.213,35.955],[139.252,35.986],[139.283,35.992]]]]}},{"type":"Feature","properties":{"code":"1134100","name":"埼玉県滑川町"},"geometry":{"type":"MultiPolygon","coordinates":[[[[139.347,36.104],[139.387,36.1],[139.377,36.084],[139.386,36.041],[139.33,36.043],[139.345,36.053],[139.335,36.053],[139.321,36.091],[139.326,36.099],[139.341,36.09],[139.347,36.104]]]]}},{"type":"Feature","properties":{"code":"1134200","name":"埼玉県嵐山町"},"geometry":{"type":"MultiPolygon","coordinates":[[[[139.302,36.11],[139.331,36.082],[139.324,36.069],[139.335,36.052],[139.345,36.054],[139.33,36.043],[139.337,36.007],[139.317,36.009],[139.303,36.038],[139.29,36.034],[139.308,36.062],[139.291,36.081],[139.302,36.094],[139.289,36.107],[139.302,36.11]]]]}},{"type":"Feature","properties":{"code":"1134300","name":"埼玉県小川町"},"geometry":{"type":"MultiPolygon","coordinates":[[[[139.294,36.098],[139.291,36.081],[139.308,36.063],[139.295,36.032],[139.249,36.032],[139.211,36.005],[139.19,36.006],[139.188,36.028],[139.239,36.051],[139.198,36.069],[139.208,36.089],[139.248,36.083],[139.294,36.098]]]]}},{"type":"Feature","properties":{"code":"1134600","name":"埼玉県川島町"},"geometry":{"type":"MultiPolygon","coordinates":[[[[139.481,36.02],[139.504,36.012],[139.501,35.996],[139.544,35.951],[139.463,35.961],[139.424,35.999],[139.422,36.007],[139.454,36.005],[139.481,36.02]]]]}},{"type":"Feature","properties":{"code":"1134700","name":"埼玉県吉見町"},"geometry":{"type":"MultiPolygon","coordinates":[[[[139.458,36.077],[139.505,36.028],[139.5,36.014],[139.441,36.012],[139.418,36.035],[139.421,36.069],[139.447,36.084],[139.458,36.077]]]]}},{"type":"Feature","properties":{"code":"1134800","name":"埼玉県鳩山町"},"geometry":{"type":"MultiPolygon","coordinates":[[[[139.32,36.01],[139.368,35.997],[139.378,35.98],[139.322,35.965],[139.288,35.993],[139.32,36.01]]]]}},{"type":"Feature","properties":{"code":"1134900","name":"埼玉県ときがわ町"},"geometry":{"type":"MultiPolygon","coordinates":[[[[139.301,36.031],[139.317,36.009],[139.302,35.995],[139.253,35.986],[139.213,35.957],[139.18,35.969],[139.169,35.986],[139.249,36.033],[139.301,36.031]]]]}},{"type":"Feature","properties":{"code":"1136100","name":"埼玉県横瀬町"},"geometry":{"type":"MultiPolygon","coordinates":[[[[139.108,36.007],[139.174,35.989],[139.168,35.95],[139.1,35.929],[139.087,35.976],[139.108,36.007]]]]}},{"type":"Feature","properties":{"code":"1136200","name":"埼玉県皆野町"},"geometry":{"type":"MultiPolygon","coordinates":[[[[139.058,36.125],[139.083,36.121],[139.097,36.089],[139.154,36.087],[139.153,36.027],[139.124,36.035],[139.108,36.06],[139.087,36.068],[139.058,36.059],[139.054,36.072],[139.004,36.087],[139.058,36.125]]]]}},{"type":"Feature","properties":{"code":"1136300","name":"埼玉県長瀞町"},"geometry":{"type":"MultiPolygon","coordinates":[[[[139.129,36.147],[139.16,36.136],[139.138,36.118],[139.139,36.091],[139.114,36.084],[139.085,36.097],[139.088,36.132],[139.129,36.147]]]]}},{"type":"Feature","properties":{"code":"1136500","name":"埼玉県小鹿野町"},"geometry":{"type":"MultiPolygon","coordinates":[[[[138.923,36.091],[138.984,36.034],[139.025,36.016],[139.052,36.019],[139.041,35.977],[139.014,35.967],[139.008,35.98],[138.982,35.983],[138.923,35.967],[138.88,35.975],[138.84,36.001],[138.842,36.03],[138.829,36.041],[138.846,36.067],[138.923,36.091]]]]}},{"type":"Feature","properties":{"code":"1136900","name":"埼玉県東秩父村"},"geometry":{"type":"MultiPolygon","coordinates":[[[[139.162,36.091],[139.239,36.052],[139.187,36.026],[139.184,35.999],[139.153,36.024],[139.152,36.088],[139.162,36.091]]]]}},{"type":"Feature","properties":{"code":"1138100","name":"埼玉県美里町"},"geometry":{"type":"MultiPolygon","coordinates":[[[[139.181,36.211],[139.197,36.209],[139.207,36.188],[139.19,36.177],[139.193,36.145],[139.166,36.132],[139.137,36.147],[139.155,36.199],[139.181,36.211]]]]}},{"type":"Feature","properties":{"code":"1138300","name":"埼玉県神川町"},"geometry":{"type":"MultiPolygon","coordinates":[[[[139.099,36.233],[139.136,36.221],[139.129,36.201],[139.108,36.208],[139.108,36.197],[139.084,36.19],[139.068,36.162],[139.075,36.147],[139.041,36.104],[138.99,36.097],[138.977,36.116],[139.005,36.133],[139.042,36.128],[139.043,36.148],[139.062,36.153],[139.063,36.196],[139.099,36.233]]]]}},{"type":"Feature","properties":{"code":"1138500","name":"埼玉県上里町"},"geometry":{"type":"MultiPolygon","coordinates":[[[[139.136,36.278],[139.169,36.275],[139.156,36.25],[139.172,36.239],[139.12,36.218],[139.097,36.238],[139.108,36.262],[139.136,36.278]]]]}},{"type":"Feature","properties":{"code":"1140800","name":"埼玉県寄居町"},"geometry":{"type":"MultiPolygon","coordinates":[[[[139.217,36.16],[139.232,36.158],[139.181,36.135],[139.214,36.133],[139.224,36.117],[139.273,36.119],[139.262,36.107],[139.284,36.11],[139.286,36.093],[139.209,36.089],[139.194,36.068],[139.174,36.09],[139.14,36.09],[139.148,36.133],[139.194,36.147],[139.19,36.177],[139.217,36.16]]]]}},{"type":"Feature","properties":{"code":"1144200","name":"埼玉県宮代町"},"geometry":{"type":"MultiPolygon","coordinates":[[[[139.7,36.052],[139.753,36.013],[139.745,35.998],[139.72,36.0],[139.689,36.029],[139.685,36.057],[139.7,36.052]]]]}},{"type":"Feature","properties":{"code":"1146400","name":"埼玉県杉戸町"},"geometry":{"type":"MultiPolygon","coordinates":[[[[139.706,36.06],[139.739,36.041],[139.747,36.055],[139.759,36.053],[139.775,36.038],[139.789,36.062],[139.806,36.036],[139.779,36.026],[139.779,36.004],[139.744,36.001],[139.752,36.013],[139.696,36.05],[139.706,36.06]]]]}},{"type":"Feature","properties":{"code":"1146500","name":"埼玉県松伏町"},"geometry":{"type":"MultiPolygon","coordinates":[[[[139.835,35.965],[139.849,35.938],[139.83,35.94],[139.848,35.912],[139.838,35.907],[139.805,35.918],[139.818,35.932],[139.803,35.941],[139.821,35.966],[139.835,35.965]]]]}},{"type":"Feature","properties":{"code":"1210000","name":"千葉県千葉市"},"geometry":{"type":"MultiPolygon","coordinates":[[[[140.092,35.588],[140.112,35.57],[140.086,35.569],[140.082,35.588],[140.092,35.588]]],[[[140.117,35.71],[140.152,35.689],[140.14,35.689],[140.137,35.671],[140.15,35.668],[140.153,35.679],[140.157,35.647],[140.174,35.654],[140.196,35.641],[140.19,35.625],[140.212,35.655],[140.229,35.633],[140.266,35.626],[140.262,35.599],[140.293,35.563],[140.281,35.544],[140.301,35.52],[140.277,35.511],[140.272,35.494],[140.232,35.505],[140.221,35.524],[140.231,35.536],[140.217,35.546],[140.178,35.533],[140.092,35.561],[140.126,35.568],[140.112,35.57],[140.117,35.597],[140.089,35.595],[140.099,35.606],[140.08,35.612],[140.082,35.598],[140.018,35.651],[140.042,35.678],[140.067,35.677],[140.117,35.71]]]]}},{"type":"Feature","properties":{"code":"1220200","name":"千葉県銚子市"},"geometry":{"type":"MultiPolygon","coordinates":[[[[140.722,35.81],[140.742,35.785],[140.815,35.742],[140.871,35.742],[140.882,35.731],[140.868,35.738],[140.866,35.693],[140.84,35.697],[140.83,35.714],[140.763,35.698],[140.735,35.705],[140.749,35.724],[140.746,35.744],[140.725,35.733],[140.728,35.755],[140.708,35.761],[140.69,35.795],[140.722,35.81]]]]}},{"type":"Feature","properties":{"code":"1220300","name":"千葉県市川市"},"geometry":{"type":"MultiPolygon","coordinates":[[[[139.971,35.776],[139.975,35.736],[139.962,35.734],[139.939,35.703],[139.959,35.704],[139.963,35.681],[139.954,35.689],[139.953,35.672],[139.947,35.681],[139.932,35.675],[139.948,35.67],[139.919,35.657],[139.887,35.671],[139.919,35.698],[139.89,35.75],[139.907,35.767],[139.941,35.747],[139.95,35.77],[139.971,35.776]]]]}},{"type":"Feature","properties":{"code":"1220400","name":"千葉県船橋市"},"geometry":{"type":"MultiPolygon","coordinates":[[[[140.071,35.8],[140.09,35.784],[140.089,35.762],[140.065,35.747],[140.064,35.691],[140.01,35.695],[139.998,35.68],[140.005,35.669],[139.986,35.664],[139.988,35.69],[139.964,35.682],[139.96,35.703],[139.939,35.703],[139.962,35.735],[139.976,35.735],[139.973,35.749],[140.013,35.74],[140.014,35.761],[140.062,35.777],[140.071,35.8]]]]}},{"type":"Feature","properties":{"code":"1220500","name":"千葉県館山市"},"geometry":{"type":"MultiPolygon","coordinates":[[[[139.882,35.056],[139.881,35.023],[139.893,35.02],[139.883,35.005],[139.937,35.023],[139.941,35.001],[139.903,34.962],[139.906,34.948],[139.927,34.941],[139.919,34.927],[139.894,34.925],[139.895,34.935],[139.825,34.911],[139.817,34.94],[139.755,34.964],[139.755,34.978],[139.789,34.973],[139.82,34.978],[139.824,34.991],[139.853,34.988],[139.855,35.018],[139.834,35.032],[139.862,35.035],[139.882,35.056]]]]}},{"type":"Feature","properties":{"code":"1220600","name":"千葉県木更津市"},"geometry":{"type":"MultiPolygon","coordinates":[[[[139.94,35.444],[139.95,35.44],[139.944,35.417],[140.012,35.404],[139.992,35.394],[140.004,35.386],[139.995,35.35],[140.003,35.344],[140.047,35.38],[140.093,35.388],[140.129,35.343],[140.108,35.32],[140.084,35.347],[140.053,35.356],[140.015,35.313],[140.001,35.332],[139.997,35.316],[139.981,35.316],[139.964,35.332],[139.9,35.337],[139.888,35.371],[139.907,35.37],[139.898,35.375],[139.918,35.388],[139.905,35.39],[139.897,35.423],[139.94,35.444]]]]}},{"type":"Feature","properties":{"code":"1220700","name":"千葉県松戸市"},"geometry":{"type":"MultiPolygon","coordinates":[[[[139.936,35.837],[139.968,35.803],[139.998,35.804],[140.001,35.792],[139.968,35.786],[139.984,35.773],[139.957,35.775],[139.94,35.747],[139.906,35.767],[139.891,35.751],[139.879,35.768],[139.894,35.78],[139.889,35.83],[139.925,35.849],[139.936,35.837]]]]}},{"type":"Feature","properties":{"code":"1220800","name":"千葉県野田市"},"geometry":{"type":"MultiPolygon","coordinates":[[[[139.924,35.97],[139.937,35.965],[139.932,35.951],[139.949,35.931],[139.924,35.917],[139.874,35.914],[139.825,35.974],[139.817,36.032],[139.783,36.07],[139.778,36.099],[139.799,36.095],[139.813,36.063],[139.876,36.011],[139.884,35.989],[139.924,35.97]]]]}},{"type":"Feature","properties":{"code":"1221000","name":"千葉県茂原市"},"geometry":{"type":"MultiPolygon","coordinates":[[[[140.316,35.502],[140.346,35.485],[140.352,35.497],[140.374,35.494],[140.381,35.474],[140.36,35.474],[140.343,35.453],[140.347,35.43],[140.313,35.405],[140.319,35.39],[140.279,35.381],[140.278,35.403],[140.248,35.404],[140.264,35.422],[140.249,35.439],[140.248,35.485],[140.26,35.502],[140.272,35.494],[140.316,35.502]]]]}},{"type":"Feature","properties":{"code":"1221100","name":"千葉県成田市"},"geometry":{"type":"MultiPolygon","coordinates":[[[[140.385,35.885],[140.4,35.876],[140.395,35.853],[140.452,35.87],[140.472,35.848],[140.455,35.818],[140.468,35.821],[140.443,35.788],[140.419,35.775],[140.406,35.786],[140.389,35.767],[140.403,35.743],[140.382,35.741],[140.393,35.729],[140.364,35.732],[140.367,35.748],[140.323,35.778],[140.304,35.748],[140.263,35.756],[140.25,35.79],[140.258,35.815],[140.285,35.828],[140.273,35.85],[140.289,35.871],[140.32,35.865],[140.376,35.902],[140.385,35.885]]]]}},{"type":"Feature","properties":{"code":"1221200","name":"千葉県佐倉市"},"geometry":{"type":"MultiPolygon","coordinates":[[[[140.244,35.746],[140.259,35.74],[140.257,35.723],[140.246,35.724],[140.264,35.701],[140.301,35.7],[140.28,35.689],[140.285,35.669],[140.273,35.682],[140.257,35.665],[140.281,35.65],[140.26,35.661],[140.249,35.65],[140.255,35.625],[140.222,35.638],[140.202,35.685],[140.205,35.707],[140.161,35.692],[140.149,35.701],[140.152,35.69],[140.126,35.717],[140.141,35.724],[140.148,35.75],[140.136,35.752],[140.151,35.759],[140.189,35.746],[140.21,35.766],[140.244,35.746]]]]}},{"type":"Feature","properties":{"code":"1221300","name":"千葉県東金市"},"geometry":{"type":"MultiPolygon","coordinates":[[[[140.331,35.63],[140.341,35.617],[140.33,35.607],[140.381,35.604],[140.394,35.585],[140.426,35.594],[140.434,35.557],[140.419,35.551],[140.415,35.528],[140.389,35.529],[140.41,35.519],[140.401,35.506],[140.38,35.501],[140.382,35.512],[140.361,35.515],[140.347,35.54],[140.335,35.535],[140.326,35.557],[140.304,35.554],[140.289,35.566],[140.338,35.586],[140.321,35.601],[140.306,35.594],[140.33,35.606],[140.313,35.606],[140.308,35.625],[140.331,35.63]]]]}},{"type":"Feature","properties":{"code":"1221500","name":"千葉県旭市"},"geometry":{"type":"MultiPolygon","coordinates":[[[[140.63,35.795],[140.654,35.791],[140.671,35.765],[140.692,35.781],[140.728,35.756],[140.728,35.732],[140.746,35.744],[140.749,35.725],[140.734,35.707],[140.76,35.697],[140.729,35.684],[140.735,35.695],[140.693,35.7],[140.612,35.675],[140.605,35.707],[140.579,35.713],[140.599,35.718],[140.604,35.737],[140.567,35.737],[140.566,35.755],[140.63,35.795]]]]}},{"type":"Feature","properties":{"code":"1221600","name":"千葉県習志野市"},"geometry":{"type":"MultiPolygon","coordinates":[[[[140.082,35.705],[140.066,35.677],[140.042,35.678],[140.021,35.654],[139.988,35.655],[140.003,35.66],[139.998,35.678],[140.009,35.695],[140.063,35.691],[140.063,35.705],[140.082,35.705]]]]}},{"type":"Feature","properties":{"code":"1221700","name":"千葉県柏市"},"geometry":{"type":"MultiPolygon","coordinates":[[[[139.958,35.932],[140.031,35.901],[139.99,35.881],[139.994,35.868],[140.101,35.851],[140.109,35.835],[140.094,35.825],[140.05,35.832],[140.017,35.781],[140.028,35.798],[139.968,35.802],[139.941,35.833],[139.957,35.835],[139.952,35.852],[139.935,35.851],[139.947,35.86],[139.927,35.862],[139.95,35.873],[139.93,35.9],[139.92,35.9],[139.928,35.883],[139.914,35.898],[139.92,35.917],[139.958,35.932]]]]}},{"type":"Feature","properties":{"code":"1221800","name":"千葉県勝浦市"},"geometry":{"type":"MultiPolygon","coordinates":[[[[140.287,35.244],[140.318,35.215],[140.304,35.197],[140.318,35.174],[140.347,35.176],[140.326,35.14],[140.312,35.135],[140.312,35.147],[140.298,35.151],[140.285,35.134],[140.257,35.138],[140.237,35.117],[140.212,35.115],[140.212,35.151],[140.188,35.175],[140.224,35.187],[140.239,35.181],[140.246,35.215],[140.26,35.224],[140.252,35.233],[140.287,35.244]]]]}},{"type":"Feature","properties":{"code":"1221900","name":"千葉県市原市"},"geometry":{"type":"MultiPolygon","coordinates":[[[[140.098,35.555],[140.179,35.533],[140.218,35.545],[140.232,35.535],[140.221,35.523],[140.232,35.505],[140.255,35.503],[140.248,35.482],[140.212,35.487],[140.174,35.468],[140.187,35.443],[140.173,35.432],[140.207,35.38],[140.198,35.37],[140.209,35.366],[140.231,35.307],[140.199,35.308],[140.203,35.288],[140.178,35.274],[140.175,35.252],[140.155,35.252],[140.14,35.231],[140.119,35.262],[140.122,35.314],[140.102,35.317],[140.129,35.347],[140.106,35.384],[140.09,35.381],[140.088,35.428],[140.033,35.424],[140.043,35.437],[140.01,35.486],[140.034,35.493],[140.025,35.502],[140.046,35.511],[140.038,35.517],[140.061,35.53],[140.067,35.553],[140.097,35.536],[140.086,35.549],[140.098,35.555]]]]}},{"type":"Feature","properties":{"code":"1222000","name":"千葉県流山市"},"geometry":{"type":"MultiPolygon","coordinates":[[[[139.915,35.919],[139.915,35.895],[139.928,35.884],[139.919,35.899],[139.93,35.901],[139.95,35.873],[139.925,35.864],[139.946,35.862],[139.935,35.851],[139.948,35.855],[139.956,35.834],[139.938,35.835],[139.929,35.85],[139.889,35.83],[139.9,35.864],[139.875,35.912],[139.915,35.919]]]]}},{"type":"Feature","properties":{"code":"1222100","name":"千葉県八千代市"},"geometry":{"type":"MultiPolygon","coordinates":[[[[140.104,35.78],[140.151,35.761],[140.136,35.752],[140.148,35.75],[140.142,35.725],[140.126,35.717],[140.137,35.698],[140.113,35.714],[140.092,35.693],[140.065,35.709],[140.066,35.748],[140.089,35.762],[140.088,35.783],[140.104,35.78]]]]}},{"type":"Feature","properties":{"code":"1222200","name":"千葉県我孫子市"},"geometry":{"type":"MultiPolygon","coordinates":[[[[140.056,35.891],[140.074,35.877],[140.092,35.884],[140.125,35.873],[140.145,35.845],[140.008,35.862],[139.989,35.88],[140.031,35.9],[140.056,35.891]]]]}},{"type":"Feature","properties":{"code":"1222300","name":"千葉県鴨川市"},"geometry":{"type":"MultiPolygon","coordinates":[[[[140.139,35.191],[140.175,35.166],[140.203,35.17],[140.216,35.142],[140.211,35.114],[140.2,35.111],[140.192,35.127],[140.183,35.118],[140.131,35.12],[140.073,35.056],[140.038,35.052],[140.02,35.088],[139.996,35.093],[139.997,35.115],[139.984,35.116],[139.983,35.105],[139.931,35.13],[139.932,35.148],[139.946,35.153],[140.09,35.169],[140.139,35.191]]]]}},{"type":"Feature","properties":{"code":"1222400","name":"千葉県鎌ケ谷市"},"geometry":{"type":"MultiPolygon","coordinates":[[[[140.018,35.798],[140.028,35.799],[140.017,35.782],[140.028,35.78],[140.015,35.769],[140.029,35.765],[140.014,35.76],[140.013,35.74],[139.973,35.749],[139.984,35.775],[139.968,35.786],[139.996,35.787],[140.001,35.804],[140.018,35.798]]]]}},{"type":"Feature","properties":{"code":"1222500","name":"千葉県君津市"},"geometry":{"type":"MultiPolygon","coordinates":[[[[139.854,35.372],[139.888,35.361],[139.899,35.337],[139.964,35.332],[139.981,35.315],[139.996,35.316],[140.001,35.331],[140.016,35.313],[140.053,35.356],[140.083,35.347],[140.106,35.314],[140.122,35.314],[140.122,35.248],[140.161,35.181],[140.12,35.191],[140.092,35.169],[140.076,35.175],[140.049,35.16],[139.994,35.156],[139.997,35.193],[139.979,35.218],[139.978,35.244],[139.952,35.241],[139.954,35.258],[139.916,35.272],[139.84,35.367],[139.854,35.372]]]]}},{"type":"Feature","properties":{"code":"1222600","name":"千葉県富津市"},"geometry":{"type":"MultiPolygon","coordinates":[[[[139.843,35.352],[139.917,35.272],[139.954,35.259],[139.953,35.24],[139.977,35.244],[139.997,35.193],[139.993,35.156],[139.945,35.152],[139.931,35.139],[139.855,35.164],[139.819,35.155],[139.819,35.189],[139.868,35.22],[139.869,35.24],[139.848,35.29],[139.784,35.313],[139.82,35.316],[139.82,35.333],[139.821,35.323],[139.84,35.334],[139.822,35.346],[139.837,35.358],[139.843,35.352]]]]}},{"type":"Feature","properties":{"code":"1222700","name":"千葉県浦安市"},"geometry":{"type":"MultiPolygon","coordinates":[[[[139.893,35.673],[139.939,35.642],[139.91,35.624],[139.899,35.63],[139.907,35.623],[139.899,35.617],[139.873,35.626],[139.893,35.673]]]]}},{"type":"Feature","properties":{"code":"1222800","name":"千葉県四街道市"},"geometry":{"type":"MultiPolygon","coordinates":[[[[140.206,35.707],[140.215,35.663],[140.19,35.625],[140.196,35.641],[140.174,35.654],[140.159,35.646],[140.153,35.678],[140.142,35.668],[140.137,35.68],[140.144,35.691],[140.154,35.683],[140.149,35.7],[140.161,35.691],[140.206,35.707]]]]}},{"type":"Feature","properties":{"code":"1222900","name":"千葉県袖ケ浦市"},"geometry":{"type":"MultiPolygon","coordinates":[[[[140.004,35.481],[140.04,35.446],[140.033,35.425],[140.082,35.432],[140.093,35.407],[140.091,35.385],[140.048,35.38],[140.013,35.344],[139.995,35.35],[140.004,35.386],[139.992,35.393],[140.011,35.405],[139.939,35.421],[139.951,35.456],[139.963,35.458],[139.956,35.444],[139.974,35.448],[139.966,35.468],[139.982,35.475],[139.992,35.453],[139.989,35.47],[140.003,35.468],[140.004,35.481]]]]}},{"type":"Feature","properties":{"code":"1223000","name":"千葉県八街市"},"geometry":{"type":"MultiPolygon","coordinates":[[[[140.302,35.71],[140.321,35.708],[140.32,35.691],[140.347,35.677],[140.339,35.665],[140.354,35.657],[140.327,35.657],[140.328,35.63],[140.308,35.623],[140.315,35.605],[140.33,35.607],[140.306,35.594],[140.323,35.601],[140.337,35.585],[140.29,35.573],[140.262,35.599],[140.266,35.626],[140.249,35.646],[140.259,35.661],[140.28,35.65],[140.257,35.665],[140.272,35.682],[140.285,35.669],[140.28,35.688],[140.302,35.71]]]]}},{"type":"Feature","properties":{"code":"1223100","name":"千葉県印西市"},"geometry":{"type":"MultiPolygon","coordinates":[[[[140.117,35.848],[140.203,35.835],[140.232,35.841],[140.245,35.828],[140.237,35.821],[140.25,35.821],[140.265,35.743],[140.209,35.766],[140.19,35.746],[140.171,35.749],[140.097,35.783],[140.111,35.799],[140.087,35.816],[140.117,35.848]]]]}},{"type":"Feature","properties":{"code":"1223200","name":"千葉県白井市"},"geometry":{"type":"MultiPolygon","coordinates":[[[[140.06,35.835],[140.086,35.832],[140.089,35.813],[140.11,35.801],[140.097,35.783],[140.07,35.799],[140.061,35.776],[140.017,35.766],[140.034,35.816],[140.06,35.835]]]]}},{"type":"Feature","properties":{"code":"1223300","name":"千葉県富里市"},"geometry":{"type":"MultiPolygon","coordinates":[[[[140.324,35.778],[140.358,35.745],[140.367,35.749],[140.363,35.732],[140.386,35.713],[140.371,35.698],[140.405,35.69],[140.398,35.679],[140.367,35.688],[140.347,35.677],[140.322,35.688],[140.32,35.708],[140.302,35.71],[140.289,35.732],[140.309,35.74],[140.302,35.746],[140.324,35.778]]]]}},{"type":"Feature","properties":{"code":"1223400","name":"千葉県南房総市"},"geometry":{"type":"MultiPolygon","coordinates":[[[[139.933,35.128],[139.982,35.106],[139.998,35.115],[139.996,35.094],[140.02,35.089],[140.038,35.052],[139.98,35.009],[139.961,34.967],[139.965,34.943],[139.942,34.917],[139.887,34.9],[139.837,34.903],[139.824,34.911],[139.893,34.935],[139.896,34.924],[139.918,34.927],[139.926,34.94],[139.906,34.949],[139.904,34.966],[139.942,35.003],[139.932,35.026],[139.884,35.006],[139.893,35.02],[139.882,35.022],[139.884,35.056],[139.854,35.032],[139.811,35.037],[139.833,35.045],[139.822,35.073],[139.841,35.083],[139.838,35.102],[139.918,35.113],[139.933,35.128]]]]}},{"type":"Feature","properties":{"code":"1223500","name":"千葉県匝瑳市"},"geometry":{"type":"MultiPolygon","coordinates":[[[[140.537,35.757],[140.567,35.755],[140.566,35.737],[140.604,35.737],[140.599,35.717],[140.579,35.712],[140.605,35.707],[140.612,35.675],[140.625,35.673],[140.56,35.629],[140.53,35.657],[140.541,35.667],[140.513,35.677],[140.486,35.721],[140.507,35.76],[140.537,35.757]]]]}},{"type":"Feature","properties":{"code":"1223600","name":"千葉県香取市"},"geometry":{"type":"MultiPolygon","coordinates":[[[[140.558,35.93],[140.648,35.855],[140.651,35.834],[140.627,35.788],[140.558,35.754],[140.543,35.775],[140.505,35.784],[140.496,35.802],[140.466,35.792],[140.451,35.81],[140.467,35.82],[140.456,35.826],[140.472,35.85],[140.453,35.869],[140.425,35.873],[140.435,35.911],[140.458,35.926],[140.503,35.905],[140.487,35.928],[140.511,35.958],[140.558,35.93]]]]}},{"type":"Feature","properties":{"code":"1223700","name":"千葉県山武市"},"geometry":{"type":"MultiPolygon","coordinates":[[[[140.368,35.686],[140.427,35.679],[140.441,35.659],[140.477,35.657],[140.466,35.644],[140.499,35.634],[140.493,35.613],[140.509,35.617],[140.526,35.602],[140.47,35.548],[140.434,35.57],[140.424,35.596],[140.394,35.585],[140.382,35.604],[140.331,35.606],[140.341,35.617],[140.32,35.65],[140.353,35.656],[140.34,35.668],[140.368,35.686]]]]}},{"type":"Feature","properties":{"code":"1223800","name":"千葉県いすみ市"},"geometry":{"type":"MultiPolygon","coordinates":[[[[140.346,35.345],[140.374,35.343],[140.373,35.329],[140.403,35.33],[140.414,35.313],[140.4,35.27],[140.405,35.237],[140.384,35.192],[140.36,35.203],[140.363,35.218],[140.331,35.224],[140.319,35.214],[140.294,35.23],[140.279,35.265],[140.254,35.279],[140.295,35.335],[140.346,35.345]]]]}},{"type":"Feature","properties":{"code":"1223900","name":"千葉県大網白里市"},"geometry":{"type":"MultiPolygon","coordinates":[[[[140.297,35.558],[140.327,35.556],[140.336,35.534],[140.347,35.54],[140.359,35.518],[140.382,35.512],[140.379,35.501],[140.422,35.505],[140.43,35.498],[140.416,35.472],[140.381,35.476],[140.373,35.494],[140.352,35.497],[140.347,35.485],[140.316,35.503],[140.273,35.494],[140.276,35.511],[140.3,35.52],[140.281,35.542],[140.297,35.558]]]]}},{"type":"Feature","properties":{"code":"1232200","name":"千葉県酒々井町"},"geometry":{"type":"MultiPolygon","coordinates":[[[[140.291,35.757],[140.308,35.74],[140.288,35.73],[140.303,35.715],[140.265,35.7],[140.246,35.724],[140.258,35.723],[140.263,35.755],[140.291,35.757]]]]}},{"type":"Feature","properties":{"code":"1232900","name":"千葉県栄町"},"geometry":{"type":"MultiPolygon","coordinates":[[[[140.281,35.856],[140.273,35.85],[140.286,35.829],[140.252,35.8],[140.232,35.841],[140.204,35.835],[140.169,35.845],[140.205,35.861],[140.241,35.855],[140.278,35.874],[140.289,35.872],[140.281,35.856]]]]}},{"type":"Feature","properties":{"code":"1234200","name":"千葉県神崎町"},"geometry":{"type":"MultiPolygon","coordinates":[[[[140.383,35.89],[140.376,35.902],[140.435,35.912],[140.425,35.874],[140.44,35.865],[140.395,35.853],[140.4,35.875],[140.383,35.89]]]]}},{"type":"Feature","properties":{"code":"1234700","name":"千葉県多古町"},"geometry":{"type":"MultiPolygon","coordinates":[[[[140.459,35.802],[140.48,35.79],[140.497,35.801],[140.505,35.784],[140.549,35.762],[140.505,35.76],[140.503,35.736],[140.46,35.691],[140.43,35.721],[140.424,35.77],[140.402,35.779],[140.409,35.786],[140.425,35.776],[140.445,35.804],[140.459,35.802]]]]}},{"type":"Feature","properties":{"code":"1234900","name":"千葉県東庄町"},"geometry":{"type":"MultiPolygon","coordinates":[[[[140.704,35.838],[140.72,35.815],[140.693,35.804],[140.7,35.774],[140.687,35.783],[140.671,35.765],[140.654,35.791],[140.624,35.795],[140.65,35.827],[140.648,35.855],[140.704,35.838]]]]}},{"type":"Feature","properties":{"code":"1240300","name":"千葉県九十九里町"},"geometry":{"type":"MultiPolygon","coordinates":[[[[140.437,35.569],[140.47,35.547],[140.429,35.499],[140.388,35.529],[140.415,35.527],[140.437,35.569]]]]}},{"type":"Feature","properties":{"code":"1240900","name":"千葉県芝山町"},"geometry":{"type":"MultiPolygon","coordinates":[[[[140.408,35.77],[140.425,35.769],[140.43,35.722],[140.455,35.699],[140.411,35.675],[140.405,35.691],[140.37,35.697],[140.385,35.712],[140.366,35.727],[140.369,35.739],[140.393,35.728],[140.382,35.741],[140.403,35.743],[140.39,35.768],[140.408,35.77]]]]}},{"type":"Feature","properties":{"code":"1241000","name":"千葉県横芝光町"},"geometry":{"type":"MultiPolygon","coordinates":[[[[140.483,35.722],[140.514,35.675],[140.539,35.669],[140.53,35.657],[140.559,35.628],[140.526,35.603],[140.508,35.617],[140.494,35.613],[140.498,35.635],[140.467,35.643],[140.476,35.658],[140.442,35.659],[140.417,35.68],[140.446,35.698],[140.467,35.692],[140.483,35.722]]]]}},{"type":"Feature","properties":{"code":"1242100","name":"千葉県一宮町"},"geometry":{"type":"MultiPolygon","coordinates":[[[[140.387,35.391],[140.397,35.331],[140.372,35.329],[140.374,35.343],[140.343,35.346],[140.341,35.375],[140.387,35.391]]]]}},{"type":"Feature","properties":{"code":"1242200","name":"千葉県睦沢町"},"geometry":{"type":"MultiPolygon","coordinates":[[[[140.343,35.39],[140.342,35.345],[140.318,35.346],[140.271,35.314],[140.253,35.317],[140.252,35.336],[140.273,35.36],[140.307,35.363],[140.312,35.391],[140.343,35.39]]]]}},{"type":"Feature","properties":{"code":"1242300","name":"千葉県長生村"},"geometry":{"type":"MultiPolygon","coordinates":[[[[140.358,35.435],[140.397,35.419],[140.392,35.383],[140.385,35.391],[140.352,35.381],[140.313,35.402],[140.358,35.435]]]]}},{"type":"Feature","properties":{"code":"1242400","name":"千葉県白子町"},"geometry":{"type":"MultiPolygon","coordinates":[[[[140.383,35.477],[140.415,35.471],[140.396,35.419],[140.339,35.442],[140.36,35.474],[140.383,35.477]]]]}},{"type":"Feature","properties":{"code":"1242600","name":"千葉県長柄町"},"geometry":{"type":"MultiPolygon","coordinates":[[[[140.219,35.485],[140.25,35.48],[140.245,35.46],[140.261,35.426],[140.218,35.42],[140.196,35.391],[140.173,35.431],[140.186,35.448],[140.171,35.457],[140.174,35.469],[140.219,35.485]]]]}},{"type":"Feature","properties":{"code":"1242700","name":"千葉県長南町"},"geometry":{"type":"MultiPolygon","coordinates":[[[[140.258,35.427],[140.261,35.412],[140.247,35.404],[140.276,35.403],[140.278,35.382],[140.308,35.382],[140.31,35.368],[140.273,35.359],[140.252,35.326],[140.225,35.318],[140.198,35.369],[140.207,35.379],[140.197,35.398],[140.216,35.419],[140.258,35.427]]]]}},{"type":"Feature","properties":{"code":"1244100","name":"千葉県大多喜町"},"geometry":{"type":"MultiPolygon","coordinates":[[[[140.247,35.326],[140.276,35.306],[140.255,35.28],[140.277,35.267],[140.283,35.244],[140.253,35.234],[140.26,35.224],[140.246,35.214],[140.238,35.18],[140.201,35.183],[140.174,35.166],[140.143,35.236],[140.154,35.253],[140.176,35.253],[140.178,35.275],[140.203,35.288],[140.199,35.308],[140.231,35.304],[140.226,35.316],[140.247,35.326]]]]}},{"type":"Feature","properties":{"code":"1244300","name":"千葉県御宿町"},"geometry":{"type":"MultiPolygon","coordinates":[[[[140.334,35.221],[140.363,35.218],[140.36,35.203],[140.384,35.189],[140.317,35.174],[140.304,35.2],[140.334,35.221]]]]}},{"type":"Feature","properties":{"code":"1246300","name":"千葉県鋸南町"},"geometry":{"type":"MultiPolygon","coordinates":[[[[139.855,35.164],[139.901,35.156],[139.931,35.129],[139.919,35.114],[139.825,35.101],[139.839,35.131],[139.818,35.154],[139.855,35.164]]]]}},{"type":"Feature","properties":{"code":"1310400","name":"東京都新宿区"},"geometry":{"type":"MultiPolygon","coordinates":[[[[139.736,35.709],[139.744,35.701],[139.715,35.674],[139.702,35.689],[139.687,35.683],[139.694,35.711],[139.674,35.719],[139.678,35.729],[139.736,35.709]]]]}},{"type":"Feature","properties":{"code":"1310500","name":"東京都文京区"},"geometry":{"type":"MultiPolygon","coordinates":[[[[139.745,35.736],[139.764,35.729],[139.768,35.7],[139.718,35.714],[139.745,35.736]]]]}},{"type":"Feature","properties":{"code":"1310600","name":"東京都台東区"},"geometry":{"type":"MultiPolygon","coordinates":[[[[139.767,35.713],[139.763,35.73],[139.81,35.727],[139.789,35.695],[139.767,35.713]]]]}},{"type":"Feature","properties":{"code":"1310700","name":"東京都墨田区"},"geometry":{"type":"MultiPolygon","coordinates":[[[[139.795,35.705],[139.82,35.743],[139.842,35.72],[139.833,35.703],[139.819,35.708],[139.809,35.687],[139.79,35.69],[139.795,35.705]]]]}},{"type":"Feature","properties":{"code":"1310900","name":"東京都品川区"},"geometry":{"type":"MultiPolygon","coordinates":[[[[139.755,35.618],[139.773,35.596],[139.763,35.585],[139.749,35.593],[139.755,35.618]]],[[[139.719,35.642],[139.735,35.623],[139.752,35.625],[139.745,35.59],[139.696,35.607],[139.698,35.624],[139.719,35.642]]]]}},{"type":"Feature","properties":{"code":"1311000","name":"東京都目黒区"},"geometry":{"type":"MultiPolygon","coordinates":[[[[139.681,35.604],[139.663,35.612],[139.662,35.631],[139.68,35.625],[139.686,35.639],[139.677,35.664],[139.718,35.641],[139.681,35.604]]]]}},{"type":"Feature","properties":{"code":"1311200","name":"東京都世田谷区"},"geometry":{"type":"MultiPolygon","coordinates":[[[[139.589,35.683],[139.637,35.666],[139.673,35.672],[139.686,35.64],[139.68,35.625],[139.662,35.632],[139.663,35.614],[139.68,35.594],[139.66,35.6],[139.654,35.591],[139.59,35.618],[139.589,35.683]]]]}},{"type":"Feature","properties":{"code":"1311300","name":"東京都渋谷区"},"geometry":{"type":"MultiPolygon","coordinates":[[[[139.684,35.69],[139.714,35.682],[139.719,35.642],[139.662,35.672],[139.684,35.69]]]]}},{"type":"Feature","properties":{"code":"1311400","name":"東京都中野区"},"geometry":{"type":"MultiPolygon","coordinates":[[[[139.632,35.735],[139.642,35.726],[139.677,35.731],[139.674,35.72],[139.694,35.71],[139.684,35.692],[139.66,35.68],[139.667,35.694],[139.629,35.721],[139.632,35.735]]]]}},{"type":"Feature","properties":{"code":"1311500","name":"東京都杉並区"},"geometry":{"type":"MultiPolygon","coordinates":[[[[139.624,35.73],[139.658,35.709],[139.662,35.673],[139.609,35.67],[139.591,35.687],[139.585,35.719],[139.624,35.73]]]]}},{"type":"Feature","properties":{"code":"1311600","name":"東京都豊島区"},"geometry":{"type":"MultiPolygon","coordinates":[[[[139.714,35.745],[139.752,35.736],[139.725,35.727],[139.72,35.712],[139.678,35.729],[139.714,35.745]]]]}},{"type":"Feature","properties":{"code":"1311700","name":"東京都北区"},"geometry":{"type":"MultiPolygon","coordinates":[[[[139.711,35.792],[139.738,35.788],[139.738,35.77],[139.759,35.769],[139.75,35.75],[139.771,35.738],[139.72,35.742],[139.702,35.784],[139.689,35.787],[139.697,35.799],[139.711,35.792]]]]}},{"type":"Feature","properties":{"code":"1311800","name":"東京都荒川区"},"geometry":{"type":"MultiPolygon","coordinates":[[[[139.77,35.754],[139.814,35.737],[139.767,35.727],[139.771,35.738],[139.75,35.752],[139.77,35.754]]]]}},{"type":"Feature","properties":{"code":"1311900","name":"東京都板橋区"},"geometry":{"type":"MultiPolygon","coordinates":[[[[139.697,35.799],[139.69,35.786],[139.722,35.754],[139.704,35.736],[139.672,35.745],[139.669,35.767],[139.624,35.78],[139.641,35.798],[139.697,35.799]]]]}},{"type":"Feature","properties":{"code":"1312000","name":"東京都練馬区"},"geometry":{"type":"MultiPolygon","coordinates":[[[[139.629,35.773],[139.668,35.768],[139.677,35.731],[139.644,35.725],[139.629,35.735],[139.587,35.713],[139.566,35.723],[139.565,35.763],[139.589,35.778],[139.629,35.773]]]]}},{"type":"Feature","properties":{"code":"1312100","name":"東京都足立区"},"geometry":{"type":"MultiPolygon","coordinates":[[[[139.776,35.812],[139.823,35.814],[139.82,35.798],[139.844,35.799],[139.858,35.766],[139.814,35.76],[139.814,35.739],[139.75,35.756],[139.76,35.769],[139.736,35.772],[139.76,35.794],[139.751,35.81],[139.776,35.812]]]]}},{"type":"Feature","properties":{"code":"1312200","name":"東京都葛飾区"},"geometry":{"type":"MultiPolygon","coordinates":[[[[139.876,35.795],[139.874,35.782],[139.895,35.781],[139.879,35.768],[139.89,35.751],[139.867,35.712],[139.85,35.712],[139.813,35.759],[139.856,35.764],[139.845,35.795],[139.876,35.795]]]]}},{"type":"Feature","properties":{"code":"1312300","name":"東京都江戸川区"},"geometry":{"type":"MultiPolygon","coordinates":[[[[139.89,35.751],[139.919,35.698],[139.886,35.679],[139.883,35.644],[139.857,35.639],[139.833,35.716],[139.868,35.713],[139.89,35.751]]]]}},{"type":"Feature","properties":{"code":"1320100","name":"東京都八王子市"},"geometry":{"type":"MultiPolygon","coordinates":[[[[139.323,35.716],[139.34,35.694],[139.38,35.688],[139.358,35.66],[139.365,35.646],[139.414,35.647],[139.43,35.632],[139.385,35.599],[139.343,35.611],[139.339,35.623],[139.316,35.613],[139.287,35.622],[139.253,35.602],[139.22,35.626],[139.214,35.648],[139.167,35.652],[139.172,35.689],[139.2,35.689],[139.216,35.718],[139.323,35.716]]]]}},{"type":"Feature","properties":{"code":"1320200","name":"東京都立川市"},"geometry":{"type":"MultiPolygon","coordinates":[[[[139.387,35.739],[139.446,35.723],[139.444,35.713],[139.428,35.717],[139.431,35.691],[139.416,35.683],[139.385,35.691],[139.397,35.712],[139.353,35.729],[139.387,35.739]]]]}},{"type":"Feature","properties":{"code":"1320300","name":"東京都武蔵野市"},"geometry":{"type":"MultiPolygon","coordinates":[[[[139.532,35.705],[139.527,35.719],[139.537,35.711],[139.561,35.722],[139.595,35.705],[139.587,35.695],[139.551,35.707],[139.551,35.695],[139.537,35.695],[139.532,35.705]]]]}},{"type":"Feature","properties":{"code":"1320400","name":"東京都三鷹市"},"geometry":{"type":"MultiPolygon","coordinates":[[[[139.572,35.698],[139.594,35.689],[139.576,35.66],[139.561,35.683],[139.545,35.681],[139.542,35.664],[139.527,35.676],[139.534,35.699],[139.572,35.698]]]]}},{"type":"Feature","properties":{"code":"1320500","name":"東京都青梅市"},"geometry":{"type":"MultiPolygon","coordinates":[[[[139.167,35.85],[139.301,35.835],[139.33,35.791],[139.319,35.79],[139.321,35.777],[139.293,35.776],[139.295,35.755],[139.211,35.773],[139.193,35.789],[139.139,35.772],[139.15,35.796],[139.176,35.808],[139.167,35.85]]]]}},{"type":"Feature","properties":{"code":"1320600","name":"東京都府中市"},"geometry":{"type":"MultiPolygon","coordinates":[[[[139.463,35.7],[139.467,35.688],[139.521,35.688],[139.521,35.646],[139.442,35.658],[139.431,35.672],[139.452,35.672],[139.463,35.7]]]]}},{"type":"Feature","properties":{"code":"1320700","name":"東京都昭島市"},"geometry":{"type":"MultiPolygon","coordinates":[[[[139.365,35.726],[139.399,35.711],[139.388,35.693],[139.336,35.696],[139.331,35.712],[139.365,35.726]]]]}},{"type":"Feature","properties":{"code":"1320800","name":"東京都調布市"},"geometry":{"type":"MultiPolygon","coordinates":[[[[139.524,35.688],[139.541,35.664],[139.547,35.682],[139.56,35.683],[139.575,35.66],[139.576,35.673],[139.589,35.67],[139.592,35.647],[139.57,35.649],[139.562,35.633],[139.524,35.643],[139.524,35.688]]]]}},{"type":"Feature","properties":{"code":"1320900","name":"東京都町田市"},"geometry":{"type":"MultiPolygon","coordinates":[[[[139.338,35.623],[139.343,35.61],[139.387,35.598],[139.399,35.61],[139.449,35.612],[139.493,35.589],[139.506,35.571],[139.49,35.562],[139.486,35.585],[139.469,35.564],[139.482,35.555],[139.485,35.504],[139.468,35.502],[139.458,35.528],[139.4,35.584],[139.34,35.605],[139.269,35.611],[139.288,35.622],[139.337,35.614],[139.338,35.623]]]]}},{"type":"Feature","properties":{"code":"1321000","name":"東京都小金井市"},"geometry":{"type":"MultiPolygon","coordinates":[[[[139.525,35.713],[139.534,35.695],[139.526,35.686],[139.501,35.684],[139.484,35.702],[139.525,35.713]]]]}},{"type":"Feature","properties":{"code":"1321100","name":"東京都小平市"},"geometry":{"type":"MultiPolygon","coordinates":[[[[139.503,35.742],[139.505,35.732],[139.52,35.739],[139.524,35.72],[139.491,35.708],[139.423,35.73],[139.503,35.742]]]]}},{"type":"Feature","properties":{"code":"1321200","name":"東京都日野市"},"geometry":{"type":"MultiPolygon","coordinates":[[[[139.401,35.687],[139.421,35.68],[139.437,35.65],[139.378,35.639],[139.358,35.654],[139.376,35.692],[139.401,35.687]]]]}},{"type":"Feature","properties":{"code":"1321300","name":"東京都東村山市"},"geometry":{"type":"MultiPolygon","coordinates":[[[[139.495,35.782],[139.503,35.762],[139.486,35.735],[139.451,35.737],[139.441,35.767],[139.495,35.782]]]]}},{"type":"Feature","properties":{"code":"1321400","name":"東京都国分寺市"},"geometry":{"type":"MultiPolygon","coordinates":[[[[139.43,35.704],[139.428,35.717],[139.444,35.712],[139.446,35.723],[139.491,35.7],[139.468,35.688],[139.463,35.7],[139.43,35.704]]]]}},{"type":"Feature","properties":{"code":"1321500","name":"東京都国立市"},"geometry":{"type":"MultiPolygon","coordinates":[[[[139.433,35.672],[139.418,35.683],[139.431,35.69],[139.427,35.703],[139.459,35.692],[139.453,35.672],[139.433,35.672]]]]}},{"type":"Feature","properties":{"code":"1321800","name":"東京都福生市"},"geometry":{"type":"MultiPolygon","coordinates":[[[[139.325,35.754],[139.359,35.74],[139.332,35.713],[139.314,35.747],[139.325,35.754]]]]}},{"type":"Feature","properties":{"code":"1321900","name":"東京都狛江市"},"geometry":{"type":"MultiPolygon","coordinates":[[[[139.562,35.633],[139.575,35.651],[139.594,35.627],[139.588,35.619],[139.562,35.633]]]]}},{"type":"Feature","properties":{"code":"1322000","name":"東京都東大和市"},"geometry":{"type":"MultiPolygon","coordinates":[[[[139.44,35.767],[139.451,35.737],[139.429,35.73],[139.415,35.733],[139.408,35.761],[139.392,35.763],[139.44,35.767]]]]}},{"type":"Feature","properties":{"code":"1322100","name":"東京都清瀬市"},"geometry":{"type":"MultiPolygon","coordinates":[[[[139.538,35.792],[139.543,35.78],[139.497,35.762],[139.499,35.781],[139.543,35.807],[139.538,35.792]]]]}},{"type":"Feature","properties":{"code":"1322200","name":"東京都東久留米市"},"geometry":{"type":"MultiPolygon","coordinates":[[[[139.547,35.769],[139.521,35.734],[139.485,35.745],[139.496,35.759],[139.547,35.769]]]]}},{"type":"Feature","properties":{"code":"1322300","name":"東京都武蔵村山市"},"geometry":{"type":"MultiPolygon","coordinates":[[[[139.371,35.771],[139.408,35.761],[139.414,35.733],[139.356,35.742],[139.371,35.771]]]]}},{"type":"Feature","properties":{"code":"1322400","name":"東京都多摩市"},"geometry":{"type":"MultiPolygon","coordinates":[[[[139.394,35.608],[139.43,35.632],[139.417,35.649],[139.427,35.644],[139.442,35.658],[139.473,35.649],[139.446,35.609],[139.394,35.608]]]]}},{"type":"Feature","properties":{"code":"1322500","name":"東京都稲城市"},"geometry":{"type":"MultiPolygon","coordinates":[[[[139.488,35.652],[139.525,35.643],[139.495,35.617],[139.498,35.605],[139.464,35.626],[139.474,35.65],[139.488,35.652]]]]}},{"type":"Feature","properties":{"code":"1322700","name":"東京都羽村市"},"geometry":{"type":"MultiPolygon","coordinates":[[[[139.301,35.78],[139.332,35.773],[139.342,35.75],[139.297,35.755],[139.301,35.78]]]]}},{"type":"Feature","properties":{"code":"1322800","name":"東京都あきる野市"},"geometry":{"type":"MultiPolygon","coordinates":[[[[139.152,35.775],[139.263,35.733],[139.285,35.74],[139.257,35.761],[139.288,35.761],[139.312,35.75],[139.331,35.713],[139.218,35.718],[139.199,35.688],[139.171,35.689],[139.164,35.74],[139.136,35.771],[139.152,35.775]]]]}},{"type":"Feature","properties":{"code":"1322900","name":"東京都西東京市"},"geometry":{"type":"MultiPolygon","coordinates":[[[[139.565,35.759],[139.565,35.722],[139.537,35.711],[139.523,35.718],[139.517,35.73],[139.528,35.745],[139.565,35.759]]]]}},{"type":"Feature","properties":{"code":"1330300","name":"東京都瑞穂町"},"geometry":{"type":"MultiPolygon","coordinates":[[[[139.35,35.794],[139.37,35.792],[139.381,35.776],[139.369,35.774],[139.352,35.741],[139.318,35.789],[139.35,35.794]]]]}},{"type":"Feature","properties":{"code":"1330500","name":"東京都日の出町"},"geometry":{"type":"MultiPolygon","coordinates":[[[[139.193,35.789],[139.278,35.752],[139.284,35.732],[139.226,35.74],[139.163,35.778],[139.193,35.789]]]]}},{"type":"Feature","properties":{"code":"1330700","name":"東京都檜原村"},"geometry":{"type":"MultiPolygon","coordinates":[[[[139.106,35.779],[139.143,35.766],[139.14,35.756],[139.164,35.741],[139.173,35.697],[139.162,35.668],[139.066,35.698],[139.014,35.735],[139.106,35.779]]]]}},{"type":"Feature","properties":{"code":"1330800","name":"東京都奥多摩町"},"geometry":{"type":"MultiPolygon","coordinates":[[[[139.019,35.898],[139.065,35.873],[139.158,35.858],[139.177,35.834],[139.175,35.807],[139.15,35.797],[139.132,35.766],[139.102,35.778],[139.012,35.739],[138.984,35.768],[138.97,35.831],[138.95,35.839],[138.943,35.859],[138.968,35.882],[139.001,35.884],[139.019,35.898]]]]}},{"type":"Feature","properties":{"code":"1336100","name":"東京都大島町"},"geometry":{"type":"MultiPolygon","coordinates":[[[[139.361,34.799],[139.412,34.787],[139.437,34.768],[139.449,34.74],[139.439,34.679],[139.359,34.701],[139.349,34.762],[139.361,34.799]]]]}},{"type":"Feature","properties":{"code":"1336200","name":"東京都利島村"},"geometry":{"type":"MultiPolygon","coordinates":[[[[139.281,34.533],[139.293,34.525],[139.276,34.511],[139.268,34.525],[139.281,34.533]]]]}},{"type":"Feature","properties":{"code":"1336300","name":"東京都新島村"},"geometry":{"type":"MultiPolygon","coordinates":[[[[139.279,34.431],[139.291,34.408],[139.278,34.39],[139.272,34.331],[139.245,34.348],[139.24,34.371],[139.279,34.431]]]]}},{"type":"Feature","properties":{"code":"1336400","name":"東京都神津島村"},"geometry":{"type":"MultiPolygon","coordinates":[[[[139.143,34.244],[139.168,34.234],[139.176,34.208],[139.129,34.185],[139.119,34.191],[139.143,34.244]]]]}},{"type":"Feature","properties":{"code":"1338100","name":"東京都三宅村"},"geometry":{"type":"MultiPolygon","coordinates":[[[[139.532,34.125],[139.562,34.109],[139.563,34.07],[139.531,34.047],[139.482,34.051],[139.473,34.077],[139.492,34.118],[139.532,34.125]]]]}},{"type":"Feature","properties":{"code":"1338200","name":"東京都御蔵島村"},"geometry":{"type":"MultiPolygon","coordinates":[[[[139.604,33.901],[139.632,33.872],[139.621,33.852],[139.577,33.864],[139.587,33.897],[139.604,33.901]]]]}},{"type":"Feature","properties":{"code":"1340100","name":"東京都八丈町"},"geometry":{"type":"MultiPolygon","coordinates":[[[[139.76,33.159],[139.818,33.12],[139.846,33.117],[139.859,33.084],[139.834,33.068],[139.834,33.047],[139.784,33.07],[139.779,33.101],[139.754,33.105],[139.738,33.142],[139.76,33.159]]]]}},{"type":"Feature","properties":{"code":"1340200","name":"東京都青ヶ島村"},"geometry":{"type":"MultiPolygon","coordinates":[[[[139.758,32.473],[139.779,32.46],[139.779,32.447],[139.755,32.45],[139.758,32.473]]]]}},{"type":"Feature","properties":{"code":"1342100","name":"東京都小笠原村"},"geometry":{"type":"MultiPolygon","coordinates":[[[[141.323,24.813],[141.346,24.779],[141.287,24.746],[141.286,24.789],[141.323,24.813]]],[[[141.284,25.449],[141.293,25.427],[141.277,25.419],[141.273,25.44],[141.284,25.449]]],[[[142.126,26.714],[142.135,26.699],[142.142,26.709],[142.165,26.703],[142.147,26.686],[142.169,26.689],[142.165,26.66],[142.189,26.659],[142.171,26.643],[142.178,26.608],[142.171,26.631],[142.154,26.636],[142.126,26.714]]],[[[142.193,27.106],[142.218,27.101],[142.233,27.077],[142.237,27.05],[142.222,27.053],[142.229,27.036],[142.186,27.041],[142.195,27.061],[142.182,27.074],[142.208,27.083],[142.202,27.099],[142.182,27.094],[142.193,27.106]]],[[[142.192,27.144],[142.236,27.111],[142.201,27.11],[142.206,27.118],[142.188,27.121],[142.192,27.144]]],[[[142.189,27.19],[142.202,27.169],[142.187,27.145],[142.189,27.19]]]]}},{"type":"Feature","properties":{"code":"1413000","name":"神奈川県川崎市"},"geometry":{"type":"MultiPolygon","coordinates":[[[[139.771,35.506],[139.783,35.502],[139.746,35.485],[139.736,35.494],[139.771,35.506]]],[[[139.529,35.642],[139.665,35.589],[139.678,35.564],[139.704,35.553],[139.702,35.537],[139.758,35.544],[139.8,35.511],[139.776,35.51],[139.752,35.533],[139.738,35.514],[139.749,35.507],[139.735,35.5],[139.732,35.516],[139.731,35.499],[139.72,35.494],[139.714,35.505],[139.711,35.491],[139.685,35.54],[139.658,35.537],[139.649,35.56],[139.576,35.569],[139.531,35.593],[139.513,35.567],[139.449,35.612],[139.464,35.625],[139.499,35.605],[139.494,35.617],[139.529,35.642]]]]}},{"type":"Feature","properties":{"code":"1420100","name":"神奈川県横須賀市"},"geometry":{"type":"MultiPolygon","coordinates":[[[[139.649,35.327],[139.661,35.322],[139.637,35.312],[139.635,35.295],[139.66,35.283],[139.662,35.301],[139.673,35.301],[139.691,35.267],[139.732,35.266],[139.746,35.254],[139.731,35.24],[139.717,35.246],[139.729,35.233],[139.714,35.224],[139.725,35.212],[139.665,35.193],[139.654,35.209],[139.636,35.206],[139.611,35.19],[139.599,35.195],[139.606,35.206],[139.627,35.215],[139.578,35.253],[139.641,35.263],[139.61,35.314],[139.649,35.327]]]]}},{"type":"Feature","properties":{"code":"1420300","name":"神奈川県平塚市"},"geometry":{"type":"MultiPolygon","coordinates":[[[[139.355,35.404],[139.374,35.389],[139.371,35.315],[139.331,35.312],[139.324,35.328],[139.306,35.319],[139.296,35.331],[139.24,35.335],[139.241,35.348],[139.303,35.388],[139.321,35.37],[139.319,35.383],[139.354,35.382],[139.355,35.404]]]]}},{"type":"Feature","properties":{"code":"1420400","name":"神奈川県鎌倉市"},"geometry":{"type":"MultiPolygon","coordinates":[[[[139.504,35.367],[139.531,35.354],[139.546,35.363],[139.589,35.336],[139.593,35.32],[139.552,35.3],[139.54,35.309],[139.492,35.305],[139.516,35.341],[139.496,35.357],[139.504,35.367]]]]}},{"type":"Feature","properties":{"code":"1420500","name":"神奈川県藤沢市"},"geometry":{"type":"MultiPolygon","coordinates":[[[[139.467,35.425],[139.493,35.376],[139.486,35.36],[139.516,35.343],[139.483,35.305],[139.438,35.32],[139.441,35.368],[139.429,35.37],[139.431,35.385],[139.405,35.377],[139.395,35.397],[139.414,35.419],[139.447,35.407],[139.457,35.416],[139.444,35.427],[139.467,35.425]]]]}},{"type":"Feature","properties":{"code":"1420600","name":"神奈川県小田原市"},"geometry":{"type":"MultiPolygon","coordinates":[[[[139.182,35.327],[139.203,35.308],[139.232,35.321],[139.237,35.29],[139.147,35.24],[139.136,35.178],[139.078,35.196],[139.085,35.214],[139.121,35.24],[139.067,35.241],[139.061,35.272],[139.118,35.28],[139.138,35.29],[139.136,35.322],[139.153,35.313],[139.182,35.327]]]]}},{"type":"Feature","properties":{"code":"1420700","name":"神奈川県茅ヶ崎市"},"geometry":{"type":"MultiPolygon","coordinates":[[[[139.431,35.384],[139.429,35.37],[139.441,35.368],[139.438,35.319],[139.375,35.315],[139.37,35.351],[139.395,35.352],[139.407,35.38],[139.431,35.384]]]]}},{"type":"Feature","properties":{"code":"1420800","name":"神奈川県逗子市"},"geometry":{"type":"MultiPolygon","coordinates":[[[[139.593,35.32],[139.618,35.302],[139.623,35.277],[139.597,35.278],[139.608,35.291],[139.574,35.282],[139.55,35.296],[139.593,35.32]]]]}},{"type":"Feature","properties":{"code":"1421000","name":"神奈川県三浦市"},"geometry":{"type":"MultiPolygon","coordinates":[[[[139.656,35.208],[139.664,35.194],[139.656,35.174],[139.679,35.157],[139.678,35.14],[139.609,35.14],[139.608,35.156],[139.62,35.155],[139.611,35.163],[139.63,35.163],[139.617,35.166],[139.617,35.191],[139.656,35.208]]]]}},{"type":"Feature","properties":{"code":"1421100","name":"神奈川県秦野市"},"geometry":{"type":"MultiPolygon","coordinates":[[[[139.216,35.461],[139.229,35.457],[139.235,35.425],[139.258,35.398],[139.253,35.382],[139.281,35.386],[139.291,35.373],[139.275,35.373],[139.267,35.357],[139.218,35.352],[139.207,35.361],[139.179,35.346],[139.145,35.379],[139.152,35.394],[139.141,35.444],[139.216,35.461]]]]}},{"type":"Feature","properties":{"code":"1421200","name":"神奈川県厚木市"},"geometry":{"type":"MultiPolygon","coordinates":[[[[139.376,35.506],[139.374,35.395],[139.355,35.404],[139.354,35.395],[139.327,35.428],[139.315,35.421],[139.255,35.448],[139.231,35.441],[139.228,35.451],[139.245,35.463],[139.295,35.463],[139.299,35.478],[139.276,35.507],[139.296,35.521],[139.343,35.498],[139.355,35.527],[139.376,35.506]]]]}},{"type":"Feature","properties":{"code":"1421300","name":"神奈川県大和市"},"geometry":{"type":"MultiPolygon","coordinates":[[[[139.461,35.519],[139.48,35.448],[139.473,35.425],[139.461,35.423],[139.448,35.428],[139.454,35.457],[139.437,35.467],[139.429,35.507],[139.461,35.519]]]]}},{"type":"Feature","properties":{"code":"1421400","name":"神奈川県伊勢原市"},"geometry":{"type":"MultiPolygon","coordinates":[[[[139.255,35.448],[139.347,35.416],[139.356,35.384],[139.32,35.383],[139.32,35.37],[139.303,35.387],[139.252,35.382],[139.257,35.399],[139.23,35.44],[139.255,35.448]]]]}},{"type":"Feature","properties":{"code":"1421500","name":"神奈川県海老名市"},"geometry":{"type":"MultiPolygon","coordinates":[[[[139.437,35.469],[139.403,35.449],[139.403,35.402],[139.372,35.401],[139.38,35.47],[139.437,35.469]]]]}},{"type":"Feature","properties":{"code":"1421600","name":"神奈川県座間市"},"geometry":{"type":"MultiPolygon","coordinates":[[[[139.43,35.506],[139.437,35.479],[139.38,35.47],[139.374,35.492],[139.42,35.515],[139.43,35.506]]]]}},{"type":"Feature","properties":{"code":"1421700","name":"神奈川県南足柄市"},"geometry":{"type":"MultiPolygon","coordinates":[[[[139.11,35.352],[139.138,35.289],[139.06,35.272],[139.005,35.289],[139.019,35.331],[139.037,35.342],[139.11,35.352]]]]}},{"type":"Feature","properties":{"code":"1421800","name":"神奈川県綾瀬市"},"geometry":{"type":"MultiPolygon","coordinates":[[[[139.422,35.466],[139.451,35.467],[139.444,35.428],[139.456,35.411],[139.425,35.42],[139.406,35.409],[139.403,35.447],[139.422,35.466]]]]}},{"type":"Feature","properties":{"code":"1430100","name":"神奈川県葉山町"},"geometry":{"type":"MultiPolygon","coordinates":[[[[139.604,35.292],[139.611,35.286],[139.598,35.278],[139.626,35.279],[139.64,35.263],[139.577,35.253],[139.565,35.284],[139.604,35.292]]]]}},{"type":"Feature","properties":{"code":"1432100","name":"神奈川県寒川町"},"geometry":{"type":"MultiPolygon","coordinates":[[[[139.395,35.4],[139.405,35.377],[139.395,35.353],[139.37,35.352],[139.372,35.401],[139.395,35.4]]]]}},{"type":"Feature","properties":{"code":"1434100","name":"神奈川県大磯町"},"geometry":{"type":"MultiPolygon","coordinates":[[[[139.266,35.334],[139.306,35.319],[139.333,35.324],[139.319,35.305],[139.27,35.297],[139.251,35.329],[139.266,35.334]]]]}},{"type":"Feature","properties":{"code":"1434200","name":"神奈川県二宮町"},"geometry":{"type":"MultiPolygon","coordinates":[[[[139.251,35.329],[139.269,35.297],[139.234,35.287],[139.234,35.32],[139.251,35.329]]]]}},{"type":"Feature","properties":{"code":"1436100","name":"神奈川県中井町"},"geometry":{"type":"MultiPolygon","coordinates":[[[[139.206,35.361],[139.25,35.355],[139.239,35.347],[139.249,35.33],[139.204,35.308],[139.187,35.323],[139.197,35.342],[139.186,35.35],[139.206,35.361]]]]}},{"type":"Feature","properties":{"code":"1436200","name":"神奈川県大井町"},"geometry":{"type":"MultiPolygon","coordinates":[[[[139.171,35.358],[139.197,35.343],[139.194,35.329],[139.149,35.314],[139.136,35.336],[139.171,35.358]]]]}},{"type":"Feature","properties":{"code":"1436300","name":"神奈川県松田町"},"geometry":{"type":"MultiPolygon","coordinates":[[[[139.132,35.445],[139.141,35.444],[139.152,35.395],[139.145,35.38],[139.162,35.354],[139.137,35.337],[139.114,35.352],[139.129,35.375],[139.1,35.393],[139.105,35.427],[139.132,35.445]]]]}},{"type":"Feature","properties":{"code":"1436400","name":"神奈川県山北町"},"geometry":{"type":"MultiPolygon","coordinates":[[[[139.052,35.51],[139.102,35.479],[139.158,35.478],[139.165,35.457],[139.128,35.445],[139.101,35.419],[139.1,35.391],[139.129,35.375],[139.114,35.352],[139.053,35.351],[139.018,35.33],[139.0,35.401],[138.916,35.406],[138.938,35.449],[139.026,35.481],[139.052,35.51]]]]}},{"type":"Feature","properties":{"code":"1436600","name":"神奈川県開成町"},"geometry":{"type":"MultiPolygon","coordinates":[[[[139.123,35.349],[139.143,35.324],[139.135,35.319],[139.121,35.321],[139.107,35.345],[139.123,35.349]]]]}},{"type":"Feature","properties":{"code":"1438200","name":"神奈川県箱根町"},"geometry":{"type":"MultiPolygon","coordinates":[[[[139.005,35.289],[139.03,35.274],[139.05,35.281],[139.068,35.256],[139.06,35.246],[139.083,35.234],[139.092,35.243],[139.121,35.24],[139.116,35.228],[139.039,35.177],[139.009,35.183],[138.988,35.201],[138.974,35.248],[138.985,35.278],[139.005,35.289]]]]}},{"type":"Feature","properties":{"code":"1438300","name":"神奈川県真鶴町"},"geometry":{"type":"MultiPolygon","coordinates":[[[[139.104,35.187],[139.138,35.178],[139.142,35.153],[139.162,35.142],[139.139,35.148],[139.104,35.187]]]]}},{"type":"Feature","properties":{"code":"1438400","name":"神奈川県湯河原町"},"geometry":{"type":"MultiPolygon","coordinates":[[[[139.079,35.196],[139.113,35.18],[139.138,35.149],[139.091,35.14],[139.029,35.15],[139.028,35.176],[139.079,35.196]]]]}},{"type":"Feature","properties":{"code":"1440100","name":"神奈川県愛川町"},"geometry":{"type":"MultiPolygon","coordinates":[[[[139.291,35.556],[139.354,35.528],[139.347,35.499],[139.307,35.523],[139.271,35.507],[139.247,35.529],[139.25,35.547],[139.291,35.556]]]]}},{"type":"Feature","properties":{"code":"1440200","name":"神奈川県清川村"},"geometry":{"type":"MultiPolygon","coordinates":[[[[139.248,35.543],[139.251,35.525],[139.299,35.478],[139.295,35.463],[139.164,35.454],[139.167,35.483],[139.219,35.534],[139.248,35.543]]]]}},{"type":"Feature","properties":{"code":"1510000","name":"新潟県新潟市"},"geometry":{"type":"MultiPolygon","coordinates":[[[[139.226,38.012],[139.215,37.995],[139.239,37.957],[139.227,37.946],[139.259,37.938],[139.248,37.916],[139.267,37.902],[139.233,37.864],[139.177,37.865],[139.153,37.848],[139.178,37.828],[139.151,37.812],[139.179,37.804],[139.175,37.782],[139.188,37.774],[139.148,37.764],[139.109,37.726],[139.094,37.737],[139.066,37.73],[139.033,37.693],[139.018,37.71],[139.001,37.704],[138.991,37.679],[138.968,37.68],[138.966,37.709],[138.946,37.702],[138.931,37.732],[138.865,37.707],[138.817,37.718],[138.786,37.707],[138.819,37.792],[138.874,37.843],[139.0,37.908],[139.068,37.958],[139.068,37.944],[139.193,37.98],[139.231,38.02],[139.226,38.012]]]]}},{"type":"Feature","properties":{"code":"1520200","name":"新潟県長岡市"},"geometry":{"type":"MultiPolygon","coordinates":[[[[138.855,37.309],[138.902,37.286],[138.887,37.275],[138.881,37.225],[138.835,37.177],[138.842,37.214],[138.832,37.24],[138.852,37.251],[138.826,37.278],[138.855,37.309]]],[[[138.799,37.71],[138.811,37.7],[138.787,37.656],[138.808,37.637],[138.823,37.645],[138.838,37.618],[138.825,37.607],[138.831,37.594],[138.883,37.618],[138.871,37.568],[138.885,37.547],[138.879,37.526],[138.894,37.512],[138.885,37.504],[138.908,37.507],[138.901,37.492],[138.933,37.489],[138.948,37.468],[138.966,37.476],[138.965,37.486],[138.951,37.482],[138.956,37.49],[138.99,37.5],[138.981,37.514],[139.001,37.526],[139.075,37.529],[139.11,37.516],[139.105,37.484],[139.088,37.468],[139.124,37.412],[139.078,37.404],[139.049,37.412],[139.048,37.397],[139.028,37.398],[138.994,37.372],[138.969,37.384],[138.956,37.37],[138.964,37.353],[138.933,37.338],[138.933,37.304],[138.914,37.292],[138.867,37.321],[138.878,37.341],[138.87,37.352],[138.827,37.335],[138.793,37.384],[138.773,37.384],[138.757,37.356],[138.752,37.282],[138.728,37.231],[138.68,37.234],[138.643,37.289],[138.719,37.383],[138.701,37.396],[138.709,37.418],[138.691,37.441],[138.763,37.529],[138.741,37.547],[138.749,37.562],[138.722,37.569],[138.767,37.644],[138.785,37.707],[138.799,37.71]]]]}},{"type":"Feature","properties":{"code":"1520400","name":"新潟県三条市"},"geometry":{"type":"MultiPolygon","coordinates":[[[[138.998,37.679],[139.034,37.645],[139.038,37.614],[139.075,37.611],[139.085,37.593],[139.101,37.594],[139.141,37.564],[139.232,37.559],[139.258,37.537],[139.259,37.513],[139.287,37.508],[139.298,37.486],[139.247,37.449],[139.219,37.445],[139.197,37.411],[139.127,37.402],[139.122,37.427],[139.088,37.467],[139.106,37.486],[139.11,37.515],[139.075,37.529],[139.001,37.526],[138.977,37.562],[138.955,37.541],[138.873,37.594],[138.883,37.622],[138.933,37.632],[138.921,37.654],[138.94,37.648],[138.962,37.679],[138.998,37.679]]]]}},{"type":"Feature","properties":{"code":"1520500","name":"新潟県柏崎市"},"geometry":{"type":"MultiPolygon","coordinates":[[[[138.675,37.523],[138.676,37.495],[138.695,37.504],[138.722,37.487],[138.679,37.423],[138.719,37.384],[138.643,37.29],[138.677,37.222],[138.645,37.173],[138.622,37.181],[138.608,37.16],[138.601,37.171],[138.576,37.165],[138.552,37.203],[138.537,37.198],[138.525,37.219],[138.505,37.226],[138.539,37.266],[138.432,37.303],[138.418,37.295],[138.419,37.306],[138.525,37.363],[138.543,37.383],[138.531,37.365],[138.544,37.369],[138.588,37.421],[138.586,37.442],[138.59,37.424],[138.617,37.484],[138.658,37.522],[138.675,37.523]]],[[[138.631,37.454],[138.603,37.443],[138.593,37.4],[138.633,37.414],[138.67,37.41],[138.632,37.433],[138.643,37.452],[138.631,37.454]]]]}},{"type":"Feature","properties":{"code":"1520600","name":"新潟県新発田市"},"geometry":{"type":"MultiPolygon","coordinates":[[[[139.318,38.044],[139.353,38.019],[139.361,38.032],[139.382,38.033],[139.493,37.997],[139.492,37.949],[139.511,37.926],[139.499,37.9],[139.507,37.889],[139.551,37.883],[139.567,37.861],[139.629,37.894],[139.681,37.847],[139.524,37.793],[139.469,37.788],[139.429,37.815],[139.362,37.822],[139.37,37.845],[139.332,37.863],[139.291,37.859],[139.248,37.916],[139.259,37.937],[139.242,37.949],[139.288,37.953],[139.306,37.97],[139.316,37.984],[139.272,37.994],[139.3,38.014],[139.287,38.009],[139.289,38.03],[139.318,38.044]]]]}},{"type":"Feature","properties":{"code":"1520800","name":"新潟県小千谷市"},"geometry":{"type":"MultiPolygon","coordinates":[[[[138.792,37.384],[138.827,37.335],[138.87,37.352],[138.878,37.341],[138.868,37.32],[138.915,37.298],[138.89,37.291],[138.848,37.308],[138.826,37.278],[138.852,37.25],[138.832,37.239],[138.842,37.214],[138.834,37.206],[138.784,37.22],[138.782,37.229],[138.764,37.216],[138.722,37.223],[138.752,37.283],[138.764,37.375],[138.792,37.384]]]]}},{"type":"Feature","properties":{"code":"1520900","name":"新潟県加茂市"},"geometry":{"type":"MultiPolygon","coordinates":[[[[139.018,37.71],[139.046,37.671],[139.098,37.68],[139.109,37.652],[139.133,37.657],[139.14,37.63],[139.17,37.599],[139.196,37.614],[139.218,37.602],[139.234,37.561],[139.16,37.559],[139.085,37.594],[139.075,37.611],[139.039,37.614],[139.034,37.645],[138.989,37.683],[139.018,37.71]]]]}},{"type":"Feature","properties":{"code":"1521000","name":"新潟県十日町市"},"geometry":{"type":"MultiPolygon","coordinates":[[[[138.682,37.234],[138.719,37.234],[138.732,37.218],[138.763,37.216],[138.782,37.229],[138.784,37.22],[138.82,37.215],[138.834,37.206],[138.833,37.177],[138.875,37.141],[138.84,37.118],[138.823,37.087],[138.829,37.075],[138.811,37.066],[138.776,37.01],[138.765,36.972],[138.78,36.955],[138.703,36.869],[138.654,36.906],[138.664,36.934],[138.686,36.951],[138.69,36.94],[138.711,36.947],[138.716,36.96],[138.695,37.016],[138.684,37.014],[138.686,37.06],[138.667,37.065],[138.564,37.021],[138.525,37.03],[138.54,37.045],[138.545,37.086],[138.524,37.107],[138.528,37.138],[138.563,37.156],[138.564,37.17],[138.6,37.171],[138.608,37.16],[138.621,37.165],[138.622,37.181],[138.646,37.174],[138.682,37.234]]]]}},{"type":"Feature","properties":{"code":"1521100","name":"新潟県見附市"},"geometry":{"type":"MultiPolygon","coordinates":[[[[138.879,37.594],[138.955,37.541],[138.982,37.561],[138.983,37.54],[139.001,37.525],[138.981,37.514],[138.991,37.5],[138.95,37.483],[138.964,37.487],[138.965,37.474],[138.942,37.47],[138.933,37.488],[138.903,37.492],[138.909,37.507],[138.885,37.504],[138.893,37.511],[138.879,37.525],[138.885,37.546],[138.871,37.568],[138.879,37.594]]]]}},{"type":"Feature","properties":{"code":"1521200","name":"新潟県村上市"},"geometry":{"type":"MultiPolygon","coordinates":[[[[139.55,38.553],[139.599,38.522],[139.721,38.496],[139.706,38.392],[139.723,38.394],[139.75,38.359],[139.849,38.342],[139.899,38.293],[139.899,38.276],[139.86,38.231],[139.786,38.193],[139.714,38.206],[139.7,38.203],[139.684,38.159],[139.588,38.17],[139.557,38.149],[139.51,38.143],[139.502,38.116],[139.511,38.1],[139.48,38.079],[139.445,38.104],[139.429,38.098],[139.415,38.108],[139.409,38.149],[139.45,38.236],[139.442,38.246],[139.456,38.394],[139.55,38.553]]]]}},{"type":"Feature","properties":{"code":"1521300","name":"新潟県燕市"},"geometry":{"type":"MultiPolygon","coordinates":[[[[138.93,37.732],[138.946,37.702],[138.965,37.709],[138.96,37.692],[138.974,37.682],[138.957,37.675],[138.95,37.653],[138.921,37.655],[138.932,37.631],[138.852,37.611],[138.831,37.594],[138.825,37.606],[138.836,37.62],[138.823,37.645],[138.808,37.638],[138.787,37.655],[138.792,37.677],[138.851,37.674],[138.844,37.656],[138.87,37.674],[138.868,37.709],[138.93,37.732]]]]}},{"type":"Feature","properties":{"code":"1521600","name":"新潟県糸魚川市"},"geometry":{"type":"MultiPolygon","coordinates":[[[[138.073,37.143],[138.084,37.122],[138.074,37.092],[138.095,37.062],[138.087,37.015],[138.107,36.947],[138.013,36.904],[137.961,36.903],[137.92,36.92],[137.867,36.916],[137.862,36.892],[137.876,36.866],[137.831,36.808],[137.763,36.767],[137.749,36.781],[137.749,36.809],[137.731,36.826],[137.734,36.868],[137.713,36.894],[137.72,36.926],[137.712,36.944],[137.668,36.95],[137.635,36.979],[137.814,37.03],[137.846,37.05],[137.84,37.037],[137.912,37.061],[137.998,37.115],[138.026,37.116],[138.073,37.143]]]]}},{"type":"Feature","properties":{"code":"1521700","name":"新潟県妙高市"},"geometry":{"type":"MultiPolygon","coordinates":[[[[138.212,37.068],[138.249,37.069],[138.263,37.057],[138.28,37.066],[138.268,37.049],[138.282,37.044],[138.296,36.998],[138.349,36.976],[138.382,36.977],[138.343,36.921],[138.318,36.925],[138.296,36.91],[138.296,36.855],[138.275,36.841],[138.254,36.87],[138.214,36.87],[138.168,36.845],[138.115,36.85],[138.054,36.8],[138.003,36.826],[138.032,36.881],[138.016,36.893],[138.016,36.911],[138.067,36.922],[138.08,36.943],[138.108,36.947],[138.105,36.975],[138.154,36.942],[138.208,36.954],[138.211,36.943],[138.23,36.944],[138.25,36.977],[138.248,37.011],[138.206,36.979],[138.219,37.002],[138.173,36.971],[138.13,36.975],[138.138,37.031],[138.182,37.044],[138.178,37.061],[138.212,37.068]]]]}},{"type":"Feature","properties":{"code":"1521800","name":"新潟県五泉市"},"geometry":{"type":"MultiPolygon","coordinates":[[[[139.181,37.775],[139.221,37.757],[139.227,37.743],[139.297,37.737],[139.28,37.702],[139.309,37.69],[139.323,37.646],[139.348,37.631],[139.348,37.601],[139.32,37.595],[139.325,37.584],[139.309,37.565],[139.322,37.542],[139.281,37.51],[139.259,37.513],[139.258,37.537],[139.234,37.555],[139.218,37.602],[139.195,37.614],[139.17,37.599],[139.139,37.63],[139.134,37.657],[139.109,37.652],[139.1,37.669],[139.099,37.72],[139.148,37.764],[139.181,37.775]]]]}},{"type":"Feature","properties":{"code":"1522200","name":"新潟県上越市"},"geometry":{"type":"MultiPolygon","coordinates":[[[[138.42,37.305],[138.42,37.294],[138.431,37.302],[138.49,37.288],[138.542,37.261],[138.521,37.253],[138.505,37.227],[138.537,37.198],[138.552,37.204],[138.569,37.178],[138.563,37.156],[138.525,37.129],[138.524,37.108],[138.545,37.086],[138.539,37.043],[138.354,36.976],[138.288,37.005],[138.283,37.043],[138.268,37.049],[138.28,37.065],[138.262,37.057],[138.249,37.069],[138.208,37.071],[138.177,37.06],[138.183,37.045],[138.138,37.03],[138.13,36.975],[138.154,36.964],[138.22,37.001],[138.206,36.98],[138.249,37.011],[138.25,36.979],[138.231,36.944],[138.211,36.942],[138.209,36.954],[138.154,36.942],[138.155,36.951],[138.095,36.975],[138.095,37.062],[138.074,37.092],[138.084,37.12],[138.068,37.148],[138.087,37.169],[138.151,37.161],[138.231,37.174],[138.256,37.208],[138.249,37.183],[138.42,37.305]]]]}},{"type":"Feature","properties":{"code":"1522300","name":"新潟県阿賀野市"},"geometry":{"type":"MultiPolygon","coordinates":[[[[139.271,37.884],[139.297,37.857],[139.33,37.864],[139.37,37.845],[139.364,37.815],[139.324,37.77],[139.29,37.757],[139.283,37.734],[139.224,37.744],[139.221,37.758],[139.175,37.782],[139.178,37.805],[139.151,37.814],[139.177,37.824],[139.152,37.845],[139.176,37.864],[139.227,37.862],[139.249,37.89],[139.271,37.884]]]]}},{"type":"Feature","properties":{"code":"1522400","name":"新潟県佐渡市"},"geometry":{"type":"MultiPolygon","coordinates":[[[[138.503,38.332],[138.522,38.324],[138.506,38.249],[138.493,38.204],[138.436,38.117],[138.435,38.086],[138.48,38.062],[138.562,38.088],[138.574,38.063],[138.504,37.946],[138.5,37.921],[138.362,37.832],[138.304,37.827],[138.254,37.804],[138.215,37.81],[138.206,37.828],[138.27,37.848],[138.289,37.885],[138.285,37.919],[138.344,37.966],[138.327,37.992],[138.299,38.007],[138.274,38.002],[138.255,37.965],[138.227,37.98],[138.235,37.997],[138.222,38.021],[138.238,38.027],[138.234,38.061],[138.248,38.077],[138.24,38.086],[138.291,38.136],[138.325,38.198],[138.365,38.214],[138.402,38.254],[138.433,38.258],[138.459,38.322],[138.503,38.332]]]]}},{"type":"Feature","properties":{"code":"1522500","name":"新潟県魚沼市"},"geometry":{"type":"MultiPolygon","coordinates":[[[[139.161,37.413],[139.202,37.409],[139.238,37.374],[139.234,37.344],[139.218,37.334],[139.213,37.288],[139.165,37.239],[139.197,37.194],[139.221,37.209],[139.253,37.165],[139.235,37.111],[139.26,37.045],[139.243,37.015],[139.256,36.989],[139.241,36.941],[139.229,36.961],[139.182,36.963],[139.171,37.002],[139.079,37.08],[139.078,37.131],[139.025,37.151],[139.023,37.186],[138.98,37.195],[138.94,37.172],[138.929,37.18],[138.944,37.198],[138.933,37.209],[138.909,37.195],[138.905,37.173],[138.89,37.172],[138.872,37.194],[138.845,37.166],[138.835,37.176],[138.881,37.225],[138.89,37.278],[138.932,37.3],[138.933,37.337],[138.965,37.352],[138.956,37.37],[138.969,37.384],[139.007,37.376],[139.028,37.398],[139.048,37.397],[139.054,37.413],[139.081,37.403],[139.122,37.41],[139.139,37.398],[139.161,37.413]]]]}},{"type":"Feature","properties":{"code":"1522600","name":"新潟県南魚沼市"},"geometry":{"type":"MultiPolygon","coordinates":[[[[138.936,37.208],[138.944,37.197],[138.929,37.182],[138.94,37.172],[138.98,37.195],[139.025,37.184],[139.026,37.15],[139.078,37.131],[139.077,37.083],[139.098,37.067],[139.081,37.009],[139.035,36.984],[138.967,36.979],[138.967,36.932],[138.98,36.905],[138.973,36.888],[138.932,36.894],[138.914,36.931],[138.888,36.95],[138.855,36.95],[138.851,36.961],[138.821,36.951],[138.796,36.964],[138.78,36.958],[138.765,36.972],[138.788,37.029],[138.83,37.077],[138.83,37.102],[138.875,37.139],[138.846,37.162],[138.848,37.174],[138.873,37.194],[138.888,37.172],[138.905,37.172],[138.908,37.194],[138.936,37.208]]]]}},{"type":"Feature","properties":{"code":"1522700","name":"新潟県胎内市"},"geometry":{"type":"MultiPolygon","coordinates":[[[[139.408,38.15],[139.408,38.121],[139.429,38.098],[139.445,38.104],[139.481,38.078],[139.497,38.088],[139.524,38.083],[139.539,38.033],[139.531,38.013],[139.565,37.984],[139.563,37.94],[139.607,37.935],[139.627,37.917],[139.629,37.894],[139.586,37.864],[139.556,37.864],[139.553,37.882],[139.5,37.898],[139.512,37.921],[139.492,37.95],[139.493,37.998],[139.431,38.023],[139.373,38.033],[139.355,38.019],[139.323,38.036],[139.314,38.049],[139.408,38.15]]]]}},{"type":"Feature","properties":{"code":"1530700","name":"新潟県聖籠町"},"geometry":{"type":"MultiPolygon","coordinates":[[[[139.29,38.025],[139.286,38.01],[139.301,38.014],[139.271,37.995],[139.315,37.985],[139.306,37.971],[139.289,37.953],[139.228,37.946],[139.239,37.957],[139.234,37.971],[139.244,37.972],[139.226,38.001],[139.29,38.025]]]]}},{"type":"Feature","properties":{"code":"1534200","name":"新潟県弥彦村"},"geometry":{"type":"MultiPolygon","coordinates":[[[[138.833,37.714],[138.871,37.697],[138.87,37.673],[138.845,37.657],[138.852,37.673],[138.806,37.677],[138.813,37.716],[138.833,37.714]]]]}},{"type":"Feature","properties":{"code":"1536100","name":"新潟県田上町"},"geometry":{"type":"MultiPolygon","coordinates":[[[[139.031,37.689],[139.062,37.728],[139.065,37.72],[139.091,37.737],[139.108,37.726],[139.093,37.71],[139.106,37.697],[139.098,37.68],[139.065,37.669],[139.031,37.689]]]]}},{"type":"Feature","properties":{"code":"1538500","name":"新潟県阿賀町"},"geometry":{"type":"MultiPolygon","coordinates":[[[[139.715,37.85],[139.74,37.817],[139.658,37.755],[139.649,37.729],[139.624,37.71],[139.628,37.689],[139.55,37.649],[139.549,37.61],[139.57,37.579],[139.566,37.546],[139.59,37.528],[139.585,37.513],[139.565,37.502],[139.523,37.515],[139.476,37.503],[139.457,37.518],[139.43,37.515],[139.412,37.506],[139.398,37.46],[139.363,37.47],[139.251,37.453],[139.298,37.485],[139.276,37.509],[139.322,37.542],[139.309,37.562],[139.325,37.585],[139.32,37.595],[139.348,37.602],[139.347,37.631],[139.322,37.647],[139.309,37.691],[139.28,37.701],[139.296,37.729],[139.289,37.757],[139.324,37.77],[139.363,37.822],[139.429,37.815],[139.468,37.789],[139.525,37.794],[139.621,37.83],[139.715,37.85]]]]}},{"type":"Feature","properties":{"code":"1540500","name":"新潟県出雲崎町"},"geometry":{"type":"MultiPolygon","coordinates":[[[[138.728,37.564],[138.749,37.562],[138.742,37.544],[138.764,37.53],[138.734,37.503],[138.738,37.49],[138.696,37.504],[138.675,37.495],[138.679,37.521],[138.66,37.524],[138.726,37.578],[138.728,37.564]]]]}},{"type":"Feature","properties":{"code":"1546100","name":"新潟県湯沢町"},"geometry":{"type":"MultiPolygon","coordinates":[[[[138.79,36.964],[138.82,36.951],[138.852,36.961],[138.855,36.951],[138.886,36.951],[138.914,36.932],[138.932,36.894],[138.916,36.85],[138.93,36.834],[138.856,36.812],[138.822,36.817],[138.827,36.773],[138.789,36.745],[138.728,36.764],[138.712,36.739],[138.698,36.738],[138.689,36.765],[138.669,36.775],[138.696,36.807],[138.68,36.823],[138.731,36.909],[138.79,36.964]]]]}},{"type":"Feature","properties":{"code":"1548200","name":"新潟県津南町"},"geometry":{"type":"MultiPolygon","coordinates":[[[[138.675,37.063],[138.692,37.037],[138.684,37.013],[138.695,37.016],[138.716,36.961],[138.711,36.947],[138.69,36.939],[138.686,36.952],[138.664,36.935],[138.654,36.906],[138.705,36.863],[138.694,36.846],[138.686,36.863],[138.626,36.882],[138.619,36.905],[138.589,36.914],[138.587,36.988],[138.566,37.021],[138.675,37.063]]]]}},{"type":"Feature","properties":{"code":"1550400","name":"新潟県刈羽村"},"geometry":{"type":"MultiPolygon","coordinates":[[[[138.694,37.435],[138.709,37.419],[138.698,37.402],[138.679,37.423],[138.694,37.435]]],[[[138.641,37.454],[138.632,37.433],[138.67,37.41],[138.633,37.414],[138.592,37.4],[138.603,37.443],[138.641,37.454]]]]}},{"type":"Feature","properties":{"code":"1558100","name":"新潟県関川村"},"geometry":{"type":"MultiPolygon","coordinates":[[[[139.596,38.168],[139.654,38.168],[139.692,38.148],[139.694,38.116],[139.672,38.077],[139.692,38.075],[139.692,38.058],[139.655,38.035],[139.654,37.997],[139.639,37.985],[139.643,37.947],[139.624,37.919],[139.607,37.935],[139.568,37.932],[139.556,37.959],[139.563,37.988],[139.532,38.012],[139.539,38.032],[139.524,38.082],[139.49,38.085],[139.511,38.1],[139.502,38.117],[139.51,38.143],[139.596,38.168]]]]}},{"type":"Feature","properties":{"code":"1558600","name":"新潟県粟島浦村"},"geometry":{"type":"MultiPolygon","coordinates":[[[[139.256,38.491],[139.265,38.487],[139.248,38.453],[139.215,38.438],[139.225,38.465],[139.256,38.491]]]]}},{"type":"Feature","properties":{"code":"1620200","name":"富山県高岡市"},"geometry":{"type":"MultiPolygon","coordinates":[[[[137.029,36.822],[137.069,36.802],[137.059,36.786],[137.073,36.775],[137.104,36.77],[137.082,36.762],[137.051,36.771],[137.045,36.741],[137.012,36.7],[137.039,36.69],[137.043,36.658],[137.011,36.673],[137.006,36.659],[136.988,36.657],[136.99,36.669],[136.978,36.671],[136.956,36.661],[136.944,36.684],[136.911,36.688],[136.907,36.701],[136.891,36.699],[136.885,36.717],[136.833,36.743],[136.849,36.76],[136.85,36.786],[136.926,36.77],[136.953,36.791],[136.962,36.782],[136.993,36.795],[137.014,36.79],[137.0,36.809],[137.017,36.829],[137.029,36.822]]]]}},{"type":"Feature","properties":{"code":"1620400","name":"富山県魚津市"},"geometry":{"type":"MultiPolygon","coordinates":[[[[137.418,36.857],[137.506,36.824],[137.507,36.786],[137.562,36.766],[137.608,36.729],[137.587,36.698],[137.589,36.676],[137.516,36.679],[137.495,36.723],[137.475,36.723],[137.47,36.703],[137.454,36.704],[137.383,36.8],[137.409,36.86],[137.418,36.857]]]]}},{"type":"Feature","properties":{"code":"1620500","name":"富山県氷見市"},"geometry":{"type":"MultiPolygon","coordinates":[[[[136.988,36.967],[137.052,36.959],[136.985,36.877],[137.016,36.829],[137.001,36.81],[137.015,36.79],[136.993,36.795],[136.961,36.782],[136.954,36.791],[136.926,36.77],[136.851,36.787],[136.862,36.86],[136.885,36.885],[136.879,36.907],[136.932,36.95],[136.953,36.956],[136.975,36.945],[136.988,36.967]]]]}},{"type":"Feature","properties":{"code":"1620600","name":"富山県滑川市"},"geometry":{"type":"MultiPolygon","coordinates":[[[[137.382,36.8],[137.451,36.699],[137.426,36.728],[137.362,36.72],[137.316,36.755],[137.382,36.8]]]]}},{"type":"Feature","properties":{"code":"1620700","name":"富山県黒部市"},"geometry":{"type":"MultiPolygon","coordinates":[[[[137.432,36.918],[137.543,36.868],[137.542,36.894],[137.588,36.852],[137.618,36.864],[137.747,36.767],[137.762,36.666],[137.752,36.627],[137.727,36.623],[137.686,36.645],[137.669,36.635],[137.626,36.641],[137.586,36.69],[137.608,36.73],[137.563,36.766],[137.507,36.786],[137.505,36.824],[137.41,36.861],[137.419,36.88],[137.41,36.899],[137.432,36.918]]]]}},{"type":"Feature","properties":{"code":"1620800","name":"富山県砺波市"},"geometry":{"type":"MultiPolygon","coordinates":[[[[136.93,36.685],[136.95,36.68],[136.96,36.66],[136.979,36.671],[136.99,36.669],[136.987,36.657],[137.006,36.659],[137.023,36.672],[137.064,36.641],[137.037,36.541],[137.004,36.544],[136.958,36.598],[136.906,36.623],[136.922,36.641],[136.917,36.671],[136.938,36.672],[136.93,36.685]]]]}},{"type":"Feature","properties":{"code":"1620900","name":"富山県小矢部市"},"geometry":{"type":"MultiPolygon","coordinates":[[[[136.837,36.742],[136.938,36.673],[136.916,36.671],[136.922,36.64],[136.904,36.626],[136.901,36.602],[136.857,36.604],[136.847,36.586],[136.811,36.601],[136.814,36.615],[136.794,36.604],[136.783,36.617],[136.824,36.67],[136.81,36.687],[136.816,36.7],[136.789,36.719],[136.837,36.742]]]]}},{"type":"Feature","properties":{"code":"1621000","name":"富山県南砺市"},"geometry":{"type":"MultiPolygon","coordinates":[[[[136.907,36.627],[136.959,36.598],[137.005,36.544],[137.037,36.54],[137.028,36.504],[137.05,36.503],[137.064,36.453],[137.047,36.373],[137.062,36.367],[137.052,36.328],[137.02,36.318],[137.013,36.293],[136.976,36.275],[136.958,36.278],[136.973,36.309],[136.955,36.339],[136.908,36.36],[136.876,36.343],[136.871,36.368],[136.864,36.35],[136.838,36.347],[136.843,36.333],[136.827,36.303],[136.792,36.299],[136.784,36.329],[136.787,36.348],[136.807,36.36],[136.795,36.401],[136.77,36.415],[136.769,36.429],[136.796,36.444],[136.795,36.51],[136.817,36.553],[136.792,36.569],[136.79,36.605],[136.814,36.616],[136.81,36.602],[136.848,36.586],[136.857,36.604],[136.901,36.603],[136.907,36.627]]]]}},{"type":"Feature","properties":{"code":"1621100","name":"富山県射水市"},"geometry":{"type":"MultiPolygon","coordinates":[[[[137.119,36.784],[137.179,36.758],[137.179,36.749],[137.125,36.718],[137.122,36.687],[137.1,36.682],[137.072,36.655],[137.08,36.649],[137.064,36.657],[137.053,36.646],[137.039,36.69],[137.013,36.702],[137.045,36.741],[137.05,36.771],[137.132,36.757],[137.118,36.767],[137.119,36.784]]],[[[137.068,36.794],[137.112,36.774],[137.074,36.774],[137.059,36.785],[137.068,36.794]]]]}},{"type":"Feature","properties":{"code":"1632100","name":"富山県舟橋村"},"geometry":{"type":"MultiPolygon","coordinates":[[[[137.298,36.69],[137.303,36.7],[137.294,36.706],[137.304,36.713],[137.308,36.712],[137.308,36.708],[137.316,36.712],[137.316,36.705],[137.321,36.703],[137.31,36.696],[137.311,36.692],[137.306,36.687],[137.301,36.688],[137.299,36.686],[137.298,36.69]]]]}},{"type":"Feature","properties":{"code":"1632200","name":"富山県上市町"},"geometry":{"type":"MultiPolygon","coordinates":[[[[137.349,36.731],[137.391,36.717],[137.426,36.728],[137.45,36.699],[137.447,36.713],[137.469,36.703],[137.475,36.723],[137.494,36.723],[137.509,36.711],[137.516,36.679],[137.59,36.681],[137.627,36.641],[137.61,36.598],[137.503,36.601],[137.487,36.611],[137.443,36.604],[137.429,36.625],[137.406,36.627],[137.36,36.664],[137.332,36.702],[137.316,36.705],[137.323,36.728],[137.342,36.726],[137.339,36.739],[137.349,36.731]]]]}},{"type":"Feature","properties":{"code":"1632300","name":"富山県立山町"},"geometry":{"type":"MultiPolygon","coordinates":[[[[137.328,36.705],[137.36,36.665],[137.447,36.603],[137.532,36.608],[137.597,36.592],[137.626,36.639],[137.685,36.645],[137.747,36.625],[137.753,36.593],[137.688,36.562],[137.685,36.538],[137.71,36.535],[137.692,36.52],[137.653,36.52],[137.584,36.556],[137.511,36.547],[137.437,36.585],[137.345,36.574],[137.321,36.589],[137.283,36.648],[137.278,36.694],[137.299,36.704],[137.306,36.687],[137.328,36.705]]]]}},{"type":"Feature","properties":{"code":"1634200","name":"富山県入善町"},"geometry":{"type":"MultiPolygon","coordinates":[[[[137.539,36.961],[137.531,36.911],[137.558,36.911],[137.558,36.888],[137.591,36.887],[137.608,36.874],[137.595,36.853],[137.551,36.876],[137.542,36.894],[137.545,36.868],[137.427,36.922],[137.491,36.954],[137.539,36.961]]]]}},{"type":"Feature","properties":{"code":"1634300","name":"富山県朝日町"},"geometry":{"type":"MultiPolygon","coordinates":[[[[137.633,36.98],[137.667,36.95],[137.711,36.944],[137.72,36.927],[137.713,36.892],[137.734,36.87],[137.73,36.826],[137.749,36.81],[137.75,36.779],[137.763,36.769],[137.754,36.754],[137.647,36.836],[137.647,36.85],[137.591,36.888],[137.558,36.888],[137.558,36.911],[137.532,36.909],[137.528,36.934],[137.544,36.961],[137.633,36.98]]]]}},{"type":"Feature","properties":{"code":"1720100","name":"石川県金沢市"},"geometry":{"type":"MultiPolygon","coordinates":[[[[136.708,36.643],[136.786,36.63],[136.791,36.569],[136.817,36.553],[136.795,36.511],[136.803,36.486],[136.788,36.453],[136.796,36.445],[136.769,36.43],[136.77,36.415],[136.795,36.401],[136.808,36.36],[136.778,36.339],[136.717,36.371],[136.71,36.391],[136.663,36.405],[136.654,36.452],[136.636,36.476],[136.644,36.485],[136.613,36.498],[136.615,36.523],[136.63,36.53],[136.622,36.546],[136.605,36.54],[136.6,36.555],[136.58,36.547],[136.577,36.562],[136.557,36.568],[136.612,36.64],[136.634,36.626],[136.686,36.674],[136.708,36.643]]]]}},{"type":"Feature","properties":{"code":"1720200","name":"石川県七尾市"},"geometry":{"type":"MultiPolygon","coordinates":[[[[137.038,37.168],[137.054,37.149],[137.041,37.138],[137.049,37.122],[137.022,37.111],[136.994,37.118],[136.976,37.097],[136.966,37.105],[136.947,37.091],[136.94,37.115],[136.903,37.14],[136.912,37.155],[136.925,37.13],[136.941,37.146],[136.978,37.141],[136.969,37.154],[137.005,37.135],[137.038,37.168]]],[[[136.831,37.201],[136.85,37.196],[136.856,37.175],[136.89,37.169],[136.875,37.141],[136.9,37.137],[136.892,37.111],[136.867,37.111],[136.872,37.087],[136.86,37.075],[136.888,37.068],[136.917,37.091],[136.943,37.084],[136.937,37.071],[136.963,37.067],[136.956,37.058],[136.971,37.048],[136.986,37.048],[137.006,37.058],[137.022,37.102],[137.058,37.107],[137.046,37.038],[137.052,36.959],[136.961,36.972],[136.919,37.017],[136.857,37.023],[136.862,37.043],[136.776,37.119],[136.804,37.191],[136.831,37.201]]]]}},{"type":"Feature","properties":{"code":"1720300","name":"石川県小松市"},"geometry":{"type":"MultiPolygon","coordinates":[[[[136.482,36.442],[136.482,36.416],[136.527,36.429],[136.545,36.415],[136.534,36.406],[136.585,36.385],[136.578,36.341],[136.55,36.322],[136.549,36.285],[136.595,36.278],[136.612,36.262],[136.594,36.216],[136.568,36.205],[136.551,36.156],[136.532,36.148],[136.497,36.15],[136.485,36.236],[136.461,36.264],[136.42,36.268],[136.415,36.305],[136.402,36.311],[136.419,36.328],[136.398,36.339],[136.394,36.366],[136.38,36.367],[136.372,36.383],[136.426,36.43],[136.482,36.442]]]]}},{"type":"Feature","properties":{"code":"1720400","name":"石川県輪島市"},"geometry":{"type":"MultiPolygon","coordinates":[[[[137.086,37.466],[137.101,37.453],[137.13,37.458],[137.127,37.441],[137.171,37.423],[137.1,37.386],[137.064,37.394],[137.055,37.379],[137.001,37.396],[136.968,37.374],[136.98,37.332],[136.963,37.31],[136.966,37.294],[136.875,37.276],[136.837,37.243],[136.818,37.267],[136.792,37.22],[136.762,37.197],[136.745,37.191],[136.711,37.207],[136.712,37.222],[136.696,37.22],[136.7,37.242],[136.734,37.279],[136.722,37.324],[136.738,37.348],[136.754,37.347],[136.756,37.364],[136.868,37.407],[136.927,37.396],[137.086,37.466]]]]}},{"type":"Feature","properties":{"code":"1720500","name":"石川県珠洲市"},"geometry":{"type":"MultiPolygon","coordinates":[[[[137.275,37.533],[137.327,37.529],[137.346,37.515],[137.351,37.501],[137.34,37.485],[137.36,37.45],[137.269,37.438],[137.25,37.424],[137.239,37.373],[137.15,37.356],[137.132,37.402],[137.171,37.425],[137.127,37.44],[137.127,37.459],[137.096,37.454],[137.09,37.477],[137.275,37.533]]]]}},{"type":"Feature","properties":{"code":"1720600","name":"石川県加賀市"},"geometry":{"type":"MultiPolygon","coordinates":[[[[136.372,36.383],[136.394,36.365],[136.387,36.354],[136.399,36.338],[136.418,36.328],[136.402,36.313],[136.415,36.305],[136.42,36.268],[136.463,36.263],[136.485,36.234],[136.497,36.169],[136.461,36.137],[136.44,36.138],[136.409,36.172],[136.344,36.173],[136.329,36.204],[136.332,36.229],[136.302,36.258],[136.267,36.265],[136.243,36.297],[136.297,36.35],[136.372,36.383]]]]}},{"type":"Feature","properties":{"code":"1720700","name":"石川県羽咋市"},"geometry":{"type":"MultiPolygon","coordinates":[[[[136.755,36.937],[136.768,36.964],[136.793,36.946],[136.79,36.967],[136.802,36.964],[136.794,36.946],[136.807,36.953],[136.797,36.938],[136.825,36.949],[136.825,36.933],[136.855,36.948],[136.886,36.914],[136.882,36.876],[136.834,36.871],[136.826,36.887],[136.799,36.891],[136.785,36.866],[136.758,36.866],[136.767,36.91],[136.75,36.928],[136.755,36.937]]]]}},{"type":"Feature","properties":{"code":"1720900","name":"石川県かほく市"},"geometry":{"type":"MultiPolygon","coordinates":[[[[136.743,36.792],[136.817,36.765],[136.77,36.758],[136.768,36.74],[136.735,36.702],[136.703,36.699],[136.693,36.682],[136.669,36.701],[136.724,36.789],[136.743,36.792]]]]}},{"type":"Feature","properties":{"code":"1721000","name":"石川県白山市"},"geometry":{"type":"MultiPolygon","coordinates":[[[[136.568,36.562],[136.594,36.542],[136.58,36.528],[136.595,36.525],[136.592,36.503],[136.643,36.485],[136.636,36.475],[136.654,36.452],[136.662,36.406],[136.71,36.391],[136.716,36.372],[136.786,36.342],[136.806,36.276],[136.851,36.251],[136.798,36.172],[136.766,36.163],[136.78,36.135],[136.753,36.085],[136.662,36.068],[136.651,36.092],[136.551,36.156],[136.567,36.204],[136.595,36.218],[136.612,36.261],[136.596,36.277],[136.549,36.284],[136.549,36.321],[136.579,36.342],[136.587,36.375],[136.577,36.393],[136.601,36.395],[136.632,36.437],[136.591,36.469],[136.548,36.481],[136.466,36.471],[136.555,36.566],[136.568,36.562]]]]}},{"type":"Feature","properties":{"code":"1721100","name":"石川県能美市"},"geometry":{"type":"MultiPolygon","coordinates":[[[[136.471,36.467],[136.601,36.458],[136.632,36.434],[136.59,36.389],[136.535,36.404],[136.546,36.415],[136.525,36.429],[136.484,36.416],[136.489,36.441],[136.426,36.43],[136.471,36.467]]]]}},{"type":"Feature","properties":{"code":"1721200","name":"石川県野々市市"},"geometry":{"type":"MultiPolygon","coordinates":[[[[136.599,36.555],[136.63,36.532],[136.615,36.523],[136.612,36.495],[136.589,36.506],[136.595,36.525],[136.58,36.526],[136.591,36.527],[136.599,36.555]]]]}},{"type":"Feature","properties":{"code":"1732400","name":"石川県川北町"},"geometry":{"type":"MultiPolygon","coordinates":[[[[136.495,36.482],[136.532,36.472],[136.548,36.481],[136.602,36.46],[136.489,36.462],[136.481,36.468],[136.495,36.482]]]]}},{"type":"Feature","properties":{"code":"1736100","name":"石川県津幡町"},"geometry":{"type":"MultiPolygon","coordinates":[[[[136.822,36.782],[136.845,36.754],[136.79,36.72],[136.815,36.701],[136.811,36.685],[136.824,36.671],[136.797,36.634],[136.708,36.643],[136.69,36.66],[136.696,36.695],[136.735,36.701],[136.768,36.739],[136.769,36.758],[136.817,36.766],[136.822,36.782]]]]}},{"type":"Feature","properties":{"code":"1736500","name":"石川県内灘町"},"geometry":{"type":"MultiPolygon","coordinates":[[[[136.684,36.687],[136.692,36.681],[136.636,36.628],[136.618,36.639],[136.669,36.701],[136.684,36.687]]]]}},{"type":"Feature","properties":{"code":"1738400","name":"石川県志賀町"},"geometry":{"type":"MultiPolygon","coordinates":[[[[136.815,37.227],[136.822,37.197],[136.804,37.19],[136.776,37.119],[136.861,37.044],[136.842,36.994],[136.851,36.965],[136.798,36.938],[136.809,36.942],[136.808,36.953],[136.795,36.947],[136.802,36.963],[136.79,36.967],[136.792,36.946],[136.768,36.964],[136.769,37.0],[136.743,37.012],[136.746,37.03],[136.719,37.059],[136.727,37.136],[136.701,37.149],[136.685,37.136],[136.67,37.15],[136.679,37.205],[136.697,37.22],[136.712,37.222],[136.712,37.206],[136.745,37.191],[136.815,37.227]]]]}},{"type":"Feature","properties":{"code":"1738600","name":"石川県宝達志水町"},"geometry":{"type":"MultiPolygon","coordinates":[[[[136.801,36.887],[136.873,36.868],[136.849,36.813],[136.845,36.756],[136.832,36.781],[136.819,36.783],[136.817,36.768],[136.776,36.787],[136.724,36.79],[136.758,36.865],[136.784,36.865],[136.801,36.887]]]]}},{"type":"Feature","properties":{"code":"1740700","name":"石川県中能登町"},"geometry":{"type":"MultiPolygon","coordinates":[[[[136.859,37.025],[136.919,37.016],[136.928,36.996],[136.952,36.988],[136.951,36.976],[136.979,36.975],[136.983,36.953],[136.974,36.944],[136.954,36.956],[136.932,36.95],[136.886,36.914],[136.855,36.948],[136.824,36.934],[136.826,36.949],[136.853,36.966],[136.842,36.993],[136.859,37.025]]]]}},{"type":"Feature","properties":{"code":"1746100","name":"石川県穴水町"},"geometry":{"type":"MultiPolygon","coordinates":[[[[136.992,37.305],[136.994,37.274],[137.015,37.25],[137.058,37.261],[137.082,37.248],[137.058,37.209],[137.026,37.205],[137.034,37.197],[137.025,37.188],[137.006,37.184],[136.982,37.205],[136.957,37.209],[136.947,37.218],[136.962,37.236],[136.944,37.225],[136.924,37.233],[136.931,37.22],[136.915,37.227],[136.907,37.219],[136.928,37.202],[136.907,37.203],[136.913,37.194],[136.887,37.169],[136.855,37.176],[136.848,37.198],[136.821,37.199],[136.821,37.226],[136.788,37.223],[136.817,37.267],[136.836,37.243],[136.875,37.276],[136.933,37.28],[136.992,37.305]]]]}},{"type":"Feature","properties":{"code":"1746300","name":"石川県能登町"},"geometry":{"type":"MultiPolygon","coordinates":[[[[137.122,37.4],[137.134,37.401],[137.153,37.355],[137.238,37.373],[137.25,37.353],[137.267,37.355],[137.253,37.341],[137.266,37.34],[137.264,37.326],[137.239,37.303],[137.23,37.311],[137.232,37.294],[137.156,37.297],[137.153,37.307],[137.153,37.295],[137.099,37.279],[137.078,37.247],[137.057,37.261],[137.014,37.25],[137.012,37.265],[136.994,37.273],[136.994,37.305],[136.967,37.294],[136.962,37.309],[136.98,37.332],[136.971,37.339],[136.979,37.349],[136.97,37.377],[137.0,37.395],[137.056,37.379],[137.064,37.394],[137.102,37.386],[137.122,37.4]]]]}},{"type":"Feature","properties":{"code":"1820100","name":"福井県福井市"},"geometry":{"type":"MultiPolygon","coordinates":[[[[136.126,36.16],[136.138,36.171],[136.156,36.164],[136.198,36.121],[136.253,36.124],[136.254,36.107],[136.288,36.098],[136.279,36.09],[136.292,36.079],[136.282,36.074],[136.297,36.046],[136.339,36.053],[136.368,36.034],[136.388,36.048],[136.433,36.043],[136.458,36.016],[136.449,35.984],[136.465,35.951],[136.453,35.931],[136.467,35.922],[136.389,35.952],[136.335,35.929],[136.336,35.951],[136.313,35.966],[136.23,35.991],[136.206,35.971],[136.205,35.985],[136.178,36.001],[136.139,35.993],[136.098,36.005],[136.071,36.028],[136.029,35.995],[136.006,36.01],[136.007,35.986],[135.97,35.992],[136.012,36.035],[136.029,36.095],[136.056,36.13],[136.091,36.151],[136.1,36.173],[136.126,36.16]]]]}},{"type":"Feature","properties":{"code":"1820200","name":"福井県敦賀市"},"geometry":{"type":"MultiPolygon","coordinates":[[[[136.113,35.765],[136.149,35.711],[136.135,35.668],[136.149,35.661],[136.177,35.599],[136.17,35.566],[136.114,35.583],[136.106,35.529],[136.083,35.541],[136.069,35.526],[136.028,35.529],[136.029,35.578],[136.005,35.595],[136.009,35.631],[135.998,35.652],[136.013,35.666],[136.013,35.724],[135.965,35.732],[136.02,35.763],[136.038,35.739],[136.022,35.749],[136.045,35.695],[136.026,35.68],[136.058,35.657],[136.072,35.662],[136.06,35.664],[136.073,35.667],[136.065,35.679],[136.086,35.685],[136.079,35.703],[136.099,35.726],[136.086,35.739],[136.1,35.747],[136.099,35.764],[136.113,35.765]]]]}},{"type":"Feature","properties":{"code":"1820400","name":"福井県小浜市"},"geometry":{"type":"MultiPolygon","coordinates":[[[[135.812,35.577],[135.851,35.541],[135.833,35.523],[135.845,35.486],[135.797,35.487],[135.819,35.451],[135.859,35.432],[135.853,35.411],[135.813,35.413],[135.799,35.385],[135.74,35.417],[135.667,35.41],[135.633,35.426],[135.616,35.415],[135.589,35.431],[135.647,35.45],[135.645,35.478],[135.662,35.493],[135.713,35.483],[135.738,35.495],[135.751,35.532],[135.765,35.535],[135.74,35.536],[135.717,35.521],[135.717,35.54],[135.689,35.545],[135.715,35.57],[135.749,35.566],[135.755,35.546],[135.77,35.544],[135.767,35.556],[135.799,35.525],[135.834,35.536],[135.804,35.565],[135.812,35.577]]]]}},{"type":"Feature","properties":{"code":"1820500","name":"福井県大野市"},"geometry":{"type":"MultiPolygon","coordinates":[[[[136.755,36.086],[136.765,36.07],[136.733,36.049],[136.727,35.996],[136.752,35.989],[136.753,35.956],[136.793,35.946],[136.784,35.926],[136.813,35.911],[136.832,35.86],[136.825,35.845],[136.802,35.844],[136.788,35.799],[136.723,35.808],[136.709,35.792],[136.659,35.784],[136.645,35.807],[136.622,35.787],[136.6,35.798],[136.571,35.777],[136.523,35.788],[136.505,35.75],[136.486,35.776],[136.416,35.782],[136.433,35.806],[136.423,35.818],[136.436,35.85],[136.433,35.897],[136.467,35.921],[136.453,35.931],[136.464,35.933],[136.465,35.949],[136.449,35.984],[136.451,36.013],[136.474,36.029],[136.563,36.009],[136.65,36.067],[136.755,36.086]]]]}},{"type":"Feature","properties":{"code":"1820600","name":"福井県勝山市"},"geometry":{"type":"MultiPolygon","coordinates":[[[[136.492,36.157],[136.512,36.146],[136.56,36.153],[136.651,36.092],[136.658,36.069],[136.562,36.009],[136.475,36.029],[136.463,36.017],[136.446,36.021],[136.432,36.043],[136.438,36.075],[136.388,36.088],[136.404,36.099],[136.392,36.123],[136.462,36.137],[136.492,36.157]]]]}},{"type":"Feature","properties":{"code":"1820700","name":"福井県鯖江市"},"geometry":{"type":"MultiPolygon","coordinates":[[[[136.18,35.998],[136.205,35.986],[136.206,35.971],[136.23,35.991],[136.317,35.964],[136.336,35.951],[136.334,35.929],[136.309,35.943],[136.249,35.948],[136.214,35.929],[136.178,35.926],[136.167,35.94],[136.134,35.933],[136.124,35.944],[136.138,35.969],[136.158,35.997],[136.18,35.998]]]]}},{"type":"Feature","properties":{"code":"1820800","name":"福井県あわら市"},"geometry":{"type":"MultiPolygon","coordinates":[[[[136.243,36.295],[136.259,36.289],[136.267,36.265],[136.301,36.258],[136.332,36.229],[136.328,36.201],[136.297,36.179],[136.238,36.184],[136.228,36.197],[136.192,36.19],[136.167,36.21],[136.2,36.246],[136.184,36.258],[136.243,36.295]]]]}},{"type":"Feature","properties":{"code":"1820900","name":"福井県越前市"},"geometry":{"type":"MultiPolygon","coordinates":[[[[136.249,35.944],[136.309,35.943],[136.334,35.926],[136.311,35.917],[136.304,35.874],[136.261,35.845],[136.181,35.858],[136.139,35.808],[136.127,35.843],[136.057,35.848],[136.057,35.86],[136.019,35.88],[136.025,35.902],[136.051,35.918],[136.081,35.926],[136.093,35.911],[136.115,35.911],[136.14,35.938],[136.167,35.94],[136.177,35.926],[136.249,35.944]]]]}},{"type":"Feature","properties":{"code":"1821000","name":"福井県坂井市"},"geometry":{"type":"MultiPolygon","coordinates":[[[[136.184,36.254],[136.2,36.247],[136.168,36.215],[136.179,36.194],[136.228,36.197],[136.238,36.184],[136.286,36.175],[136.331,36.201],[136.344,36.173],[136.409,36.172],[136.44,36.135],[136.361,36.128],[136.322,36.103],[136.281,36.121],[136.258,36.105],[136.253,36.123],[136.199,36.121],[136.156,36.165],[136.14,36.163],[136.138,36.172],[136.126,36.158],[136.1,36.173],[136.113,36.205],[136.124,36.19],[136.134,36.205],[136.12,36.201],[136.135,36.222],[136.123,36.25],[136.184,36.254]]]]}},{"type":"Feature","properties":{"code":"1832200","name":"福井県永平寺町"},"geometry":{"type":"MultiPolygon","coordinates":[[[[136.372,36.129],[136.392,36.125],[136.403,36.105],[136.389,36.088],[136.438,36.075],[136.432,36.043],[136.387,36.047],[136.36,36.034],[136.34,36.053],[136.314,36.041],[136.287,36.056],[136.281,36.074],[136.294,36.082],[136.28,36.091],[136.288,36.098],[136.271,36.104],[136.28,36.12],[136.32,36.102],[136.372,36.129]]]]}},{"type":"Feature","properties":{"code":"1838200","name":"福井県池田町"},"geometry":{"type":"MultiPolygon","coordinates":[[[[136.389,35.952],[136.46,35.919],[136.432,35.896],[136.44,35.878],[136.423,35.818],[136.433,35.806],[136.416,35.782],[136.377,35.795],[136.355,35.788],[136.341,35.822],[136.259,35.824],[136.257,35.843],[136.312,35.888],[136.311,35.917],[136.358,35.947],[136.389,35.952]]]]}},{"type":"Feature","properties":{"code":"1840400","name":"福井県南越前町"},"geometry":{"type":"MultiPolygon","coordinates":[[[[136.022,35.874],[136.056,35.86],[136.058,35.848],[136.127,35.843],[136.138,35.808],[136.181,35.858],[136.207,35.86],[136.256,35.842],[136.259,35.823],[136.341,35.822],[136.357,35.786],[136.324,35.77],[136.324,35.717],[136.292,35.691],[136.299,35.678],[136.281,35.659],[136.213,35.682],[136.19,35.703],[136.147,35.699],[136.071,35.824],[136.011,35.872],[136.022,35.874]]]]}},{"type":"Feature","properties":{"code":"1842300","name":"福井県越前町"},"geometry":{"type":"MultiPolygon","coordinates":[[[[136.073,36.028],[136.097,36.005],[136.155,35.991],[136.125,35.946],[136.133,35.925],[136.115,35.911],[136.094,35.911],[136.081,35.925],[136.048,35.917],[136.025,35.902],[136.011,35.872],[135.993,35.895],[135.996,35.935],[135.958,35.982],[135.964,35.997],[136.008,35.987],[136.012,36.014],[136.028,35.995],[136.056,36.012],[136.057,36.027],[136.073,36.028]]]]}},{"type":"Feature","properties":{"code":"1844200","name":"福井県美浜町"},"geometry":{"type":"MultiPolygon","coordinates":[[[[135.965,35.73],[136.013,35.725],[136.013,35.665],[135.999,35.653],[136.009,35.632],[136.005,35.596],[136.03,35.576],[136.028,35.522],[136.006,35.492],[135.982,35.487],[135.952,35.507],[135.953,35.538],[135.937,35.577],[135.917,35.581],[135.901,35.604],[135.864,35.603],[135.839,35.635],[135.815,35.642],[135.846,35.636],[135.868,35.608],[135.907,35.625],[135.913,35.61],[135.93,35.611],[135.95,35.634],[135.975,35.625],[135.986,35.641],[135.963,35.657],[135.978,35.687],[135.971,35.712],[135.956,35.704],[135.965,35.73]]]]}},{"type":"Feature","properties":{"code":"1848100","name":"福井県高浜町"},"geometry":{"type":"MultiPolygon","coordinates":[[[[135.486,35.557],[135.469,35.53],[135.501,35.524],[135.509,35.537],[135.495,35.539],[135.499,35.554],[135.517,35.55],[135.507,35.506],[135.518,35.494],[135.564,35.49],[135.609,35.51],[135.606,35.491],[135.582,35.491],[135.605,35.484],[135.6,35.472],[135.471,35.454],[135.459,35.472],[135.476,35.505],[135.449,35.525],[135.461,35.548],[135.486,35.557]]]]}},{"type":"Feature","properties":{"code":"1848300","name":"福井県おおい町"},"geometry":{"type":"MultiPolygon","coordinates":[[[[135.621,35.486],[135.644,35.479],[135.647,35.45],[135.59,35.433],[135.599,35.419],[135.636,35.426],[135.665,35.41],[135.682,35.419],[135.712,35.409],[135.739,35.417],[135.791,35.38],[135.769,35.356],[135.719,35.355],[135.701,35.344],[135.642,35.367],[135.528,35.38],[135.526,35.42],[135.502,35.42],[135.487,35.449],[135.594,35.468],[135.621,35.486]]],[[[135.661,35.548],[135.669,35.525],[135.632,35.522],[135.642,35.508],[135.627,35.489],[135.605,35.491],[135.603,35.515],[135.661,35.548]]]]}},{"type":"Feature","properties":{"code":"1850100","name":"福井県若狭町"},"geometry":{"type":"MultiPolygon","coordinates":[[[[135.816,35.641],[135.839,35.635],[135.865,35.603],[135.9,35.604],[135.917,35.581],[135.937,35.577],[135.954,35.537],[135.922,35.486],[135.914,35.432],[135.867,35.395],[135.855,35.401],[135.859,35.432],[135.82,35.451],[135.796,35.488],[135.845,35.486],[135.832,35.522],[135.85,35.543],[135.813,35.569],[135.837,35.562],[135.857,35.582],[135.854,35.603],[135.828,35.608],[135.839,35.621],[135.816,35.641]]]]}},{"type":"Feature","properties":{"code":"1920100","name":"山梨県甲府市"},"geometry":{"type":"MultiPolygon","coordinates":[[[[138.657,35.876],[138.636,35.852],[138.636,35.805],[138.616,35.794],[138.595,35.751],[138.594,35.727],[138.621,35.717],[138.623,35.693],[138.61,35.691],[138.634,35.654],[138.599,35.635],[138.595,35.618],[138.607,35.618],[138.608,35.603],[138.585,35.591],[138.617,35.575],[138.616,35.549],[138.65,35.52],[138.616,35.502],[138.589,35.528],[138.596,35.55],[138.56,35.582],[138.547,35.628],[138.553,35.644],[138.532,35.653],[138.536,35.68],[138.524,35.701],[138.565,35.74],[138.541,35.766],[138.556,35.828],[138.584,35.831],[138.622,35.87],[138.657,35.876]]]]}},{"type":"Feature","properties":{"code":"1920200","name":"山梨県富士吉田市"},"geometry":{"type":"MultiPolygon","coordinates":[[[[138.819,35.532],[138.866,35.483],[138.836,35.469],[138.816,35.476],[138.803,35.439],[138.834,35.429],[138.829,35.412],[138.864,35.392],[138.822,35.374],[138.731,35.363],[138.728,35.422],[138.785,35.49],[138.769,35.488],[138.784,35.492],[138.787,35.514],[138.819,35.532]]]]}},{"type":"Feature","properties":{"code":"1920400","name":"山梨県都留市"},"geometry":{"type":"MultiPolygon","coordinates":[[[[138.941,35.603],[138.956,35.57],[139.005,35.579],[139.027,35.549],[138.998,35.524],[138.975,35.521],[138.967,35.505],[138.93,35.485],[138.927,35.46],[138.901,35.451],[138.857,35.499],[138.854,35.526],[138.867,35.533],[138.804,35.555],[138.799,35.572],[138.829,35.584],[138.879,35.575],[138.941,35.603]]]]}},{"type":"Feature","properties":{"code":"1920500","name":"山梨県山梨市"},"geometry":{"type":"MultiPolygon","coordinates":[[[[138.708,35.91],[138.78,35.9],[138.813,35.863],[138.785,35.826],[138.785,35.786],[138.74,35.789],[138.742,35.764],[138.711,35.735],[138.703,35.713],[138.717,35.689],[138.7,35.675],[138.707,35.663],[138.667,35.662],[138.671,35.675],[138.594,35.727],[138.593,35.743],[138.616,35.794],[138.636,35.805],[138.637,35.853],[138.662,35.874],[138.676,35.87],[138.708,35.91]]]]}},{"type":"Feature","properties":{"code":"1920600","name":"山梨県大月市"},"geometry":{"type":"MultiPolygon","coordinates":[[[[138.909,35.742],[138.966,35.721],[138.994,35.675],[139.02,35.666],[139.014,35.637],[139.025,35.617],[139.064,35.616],[139.064,35.584],[138.956,35.57],[138.94,35.604],[138.88,35.574],[138.83,35.584],[138.793,35.57],[138.773,35.586],[138.768,35.604],[138.851,35.649],[138.861,35.731],[138.909,35.742]]]]}},{"type":"Feature","properties":{"code":"1920700","name":"山梨県韮崎市"},"geometry":{"type":"MultiPolygon","coordinates":[[[[138.427,35.768],[138.45,35.737],[138.495,35.77],[138.52,35.767],[138.507,35.726],[138.469,35.712],[138.47,35.688],[138.485,35.676],[138.431,35.663],[138.364,35.685],[138.336,35.672],[138.297,35.71],[138.33,35.718],[138.343,35.747],[138.381,35.749],[138.369,35.767],[138.427,35.768]]]]}},{"type":"Feature","properties":{"code":"1920800","name":"山梨県南アルプス市"},"geometry":{"type":"MultiPolygon","coordinates":[[[[138.234,35.745],[138.296,35.711],[138.329,35.674],[138.367,35.684],[138.432,35.663],[138.495,35.675],[138.508,35.592],[138.478,35.564],[138.466,35.578],[138.423,35.581],[138.413,35.595],[138.364,35.586],[138.339,35.591],[138.329,35.609],[138.313,35.6],[138.311,35.644],[138.219,35.644],[138.193,35.672],[138.18,35.716],[138.228,35.754],[138.234,35.745]]]]}},{"type":"Feature","properties":{"code":"1920900","name":"山梨県北杜市"},"geometry":{"type":"MultiPolygon","coordinates":[[[[138.375,35.971],[138.451,35.945],[138.444,35.922],[138.454,35.9],[138.49,35.896],[138.51,35.922],[138.576,35.911],[138.591,35.92],[138.612,35.908],[138.606,35.882],[138.62,35.862],[138.58,35.828],[138.557,35.828],[138.549,35.801],[138.512,35.802],[138.501,35.77],[138.45,35.737],[138.419,35.774],[138.39,35.772],[138.367,35.765],[138.381,35.75],[138.344,35.746],[138.321,35.711],[138.284,35.71],[138.234,35.738],[138.233,35.763],[138.187,35.798],[138.239,35.883],[138.283,35.859],[138.375,35.971]]]]}},{"type":"Feature","properties":{"code":"1921000","name":"山梨県甲斐市"},"geometry":{"type":"MultiPolygon","coordinates":[[[[138.531,35.805],[138.548,35.8],[138.54,35.766],[138.565,35.74],[138.524,35.707],[138.539,35.647],[138.528,35.629],[138.506,35.633],[138.497,35.672],[138.466,35.703],[138.474,35.718],[138.484,35.71],[138.511,35.731],[138.521,35.764],[138.503,35.773],[138.513,35.802],[138.531,35.805]]]]}},{"type":"Feature","properties":{"code":"1921100","name":"山梨県笛吹市"},"geometry":{"type":"MultiPolygon","coordinates":[[[[138.622,35.71],[138.645,35.683],[138.672,35.675],[138.666,35.663],[138.713,35.663],[138.712,35.646],[138.765,35.623],[138.792,35.561],[138.65,35.516],[138.616,35.549],[138.617,35.575],[138.585,35.591],[138.609,35.604],[138.608,35.617],[138.595,35.616],[138.599,35.635],[138.635,35.654],[138.623,35.657],[138.61,35.691],[138.621,35.693],[138.622,35.71]]]]}},{"type":"Feature","properties":{"code":"1921200","name":"山梨県上野原市"},"geometry":{"type":"MultiPolygon","coordinates":[[[[139.012,35.738],[139.03,35.716],[139.131,35.672],[139.117,35.654],[139.134,35.618],[139.122,35.587],[139.13,35.567],[139.113,35.55],[139.027,35.543],[139.006,35.569],[139.019,35.584],[139.064,35.584],[139.067,35.602],[139.062,35.616],[139.024,35.617],[139.014,35.637],[139.02,35.667],[138.994,35.674],[138.968,35.705],[139.012,35.738]]]]}},{"type":"Feature","properties":{"code":"1921300","name":"山梨県甲州市"},"geometry":{"type":"MultiPolygon","coordinates":[[[[138.847,35.867],[138.864,35.856],[138.852,35.823],[138.869,35.785],[138.817,35.776],[138.86,35.731],[138.851,35.65],[138.83,35.629],[138.767,35.605],[138.765,35.623],[138.712,35.647],[138.7,35.675],[138.717,35.689],[138.703,35.713],[138.742,35.764],[138.742,35.789],[138.787,35.787],[138.789,35.835],[138.817,35.864],[138.847,35.867]]]]}},{"type":"Feature","properties":{"code":"1921400","name":"山梨県中央市"},"geometry":{"type":"MultiPolygon","coordinates":[[[[138.511,35.623],[138.521,35.61],[138.553,35.617],[138.583,35.551],[138.541,35.552],[138.547,35.578],[138.535,35.583],[138.497,35.572],[138.511,35.623]]]]}},{"type":"Feature","properties":{"code":"1934600","name":"山梨県市川三郷町"},"geometry":{"type":"MultiPolygon","coordinates":[[[[138.535,35.582],[138.547,35.578],[138.541,35.552],[138.595,35.55],[138.595,35.519],[138.502,35.509],[138.499,35.494],[138.447,35.469],[138.455,35.488],[138.447,35.502],[138.469,35.517],[138.453,35.523],[138.453,35.536],[138.466,35.535],[138.482,35.567],[138.535,35.582]]]]}},{"type":"Feature","properties":{"code":"1936400","name":"山梨県早川町"},"geometry":{"type":"MultiPolygon","coordinates":[[[[138.238,35.65],[138.311,35.644],[138.311,35.601],[138.329,35.609],[138.348,35.59],[138.322,35.565],[138.326,35.55],[138.356,35.548],[138.361,35.504],[138.384,35.478],[138.38,35.449],[138.421,35.416],[138.418,35.398],[138.393,35.388],[138.387,35.355],[138.351,35.358],[138.336,35.327],[138.285,35.304],[138.255,35.32],[138.251,35.363],[138.233,35.371],[138.258,35.407],[138.244,35.458],[138.268,35.516],[138.229,35.626],[138.238,35.65]]]]}},{"type":"Feature","properties":{"code":"1936500","name":"山梨県身延町"},"geometry":{"type":"MultiPolygon","coordinates":[[[[138.539,35.519],[138.594,35.519],[138.602,35.504],[138.582,35.479],[138.584,35.448],[138.532,35.41],[138.535,35.387],[138.481,35.344],[138.48,35.312],[138.429,35.314],[138.384,35.296],[138.344,35.318],[138.344,35.352],[138.386,35.355],[138.394,35.389],[138.42,35.403],[138.421,35.417],[138.379,35.45],[138.385,35.478],[138.423,35.5],[138.447,35.499],[138.455,35.488],[138.448,35.468],[138.499,35.494],[138.496,35.506],[138.539,35.519]]]]}},{"type":"Feature","properties":{"code":"1936600","name":"山梨県南部町"},"geometry":{"type":"MultiPolygon","coordinates":[[[[138.515,35.38],[138.531,35.376],[138.535,35.339],[138.512,35.312],[138.533,35.2],[138.515,35.198],[138.491,35.168],[138.431,35.181],[138.394,35.207],[138.367,35.291],[138.43,35.314],[138.477,35.31],[138.481,35.344],[138.515,35.38]]]]}},{"type":"Feature","properties":{"code":"1936800","name":"山梨県富士川町"},"geometry":{"type":"MultiPolygon","coordinates":[[[[138.384,35.591],[138.413,35.595],[138.423,35.581],[138.475,35.573],[138.467,35.537],[138.451,35.533],[138.469,35.519],[138.464,35.507],[138.385,35.478],[138.372,35.486],[138.354,35.522],[138.355,35.548],[138.326,35.55],[138.322,35.564],[138.351,35.592],[138.384,35.591]]]]}},{"type":"Feature","properties":{"code":"1938400","name":"山梨県昭和町"},"geometry":{"type":"MultiPolygon","coordinates":[[[[138.511,35.623],[138.511,35.634],[138.527,35.629],[138.536,35.646],[138.552,35.647],[138.552,35.617],[138.522,35.61],[138.511,35.623]]]]}},{"type":"Feature","properties":{"code":"1942200","name":"山梨県道志村"},"geometry":{"type":"MultiPolygon","coordinates":[[[[139.113,35.549],[139.086,35.513],[139.046,35.51],[139.027,35.481],[138.94,35.449],[138.924,35.457],[138.932,35.487],[138.967,35.505],[138.975,35.521],[139.005,35.528],[139.012,35.543],[139.113,35.549]]]]}},{"type":"Feature","properties":{"code":"1942300","name":"山梨県西桂町"},"geometry":{"type":"MultiPolygon","coordinates":[[[[138.81,35.551],[138.867,35.533],[138.854,35.526],[138.855,35.505],[138.839,35.502],[138.834,35.525],[138.807,35.533],[138.81,35.551]]]]}},{"type":"Feature","properties":{"code":"1942400","name":"山梨県忍野村"},"geometry":{"type":"MultiPolygon","coordinates":[[[[138.874,35.486],[138.9,35.451],[138.888,35.44],[138.865,35.437],[138.851,35.456],[138.834,35.44],[138.806,35.456],[138.816,35.476],[138.836,35.469],[138.874,35.486]]]]}},{"type":"Feature","properties":{"code":"1942500","name":"山梨県山中湖村"},"geometry":{"type":"MultiPolygon","coordinates":[[[[138.924,35.458],[138.937,35.449],[138.93,35.421],[138.874,35.379],[138.829,35.412],[138.835,35.428],[138.803,35.438],[138.807,35.456],[138.833,35.441],[138.852,35.456],[138.866,35.437],[138.924,35.458]]]]}},{"type":"Feature","properties":{"code":"1942900","name":"山梨県鳴沢村"},"geometry":{"type":"MultiPolygon","coordinates":[[[[138.717,35.495],[138.731,35.488],[138.723,35.464],[138.745,35.458],[138.75,35.442],[138.728,35.423],[138.731,35.363],[138.681,35.358],[138.671,35.393],[138.641,35.398],[138.664,35.42],[138.655,35.45],[138.664,35.477],[138.717,35.495]]]]}},{"type":"Feature","properties":{"code":"1943000","name":"山梨県富士河口湖町"},"geometry":{"type":"MultiPolygon","coordinates":[[[[138.802,35.56],[138.805,35.529],[138.781,35.503],[138.784,35.492],[138.769,35.491],[138.785,35.49],[138.754,35.445],[138.723,35.464],[138.73,35.491],[138.673,35.484],[138.655,35.449],[138.664,35.42],[138.64,35.399],[138.609,35.393],[138.582,35.445],[138.582,35.479],[138.602,35.504],[138.678,35.52],[138.798,35.572],[138.802,35.56]]]]}},{"type":"Feature","properties":{"code":"1944200","name":"山梨県小菅村"},"geometry":{"type":"MultiPolygon","coordinates":[[[[138.943,35.775],[138.983,35.769],[139.005,35.751],[139.012,35.74],[138.992,35.714],[138.972,35.712],[138.924,35.74],[138.86,35.73],[138.851,35.739],[138.879,35.764],[138.943,35.775]]]]}},{"type":"Feature","properties":{"code":"1944300","name":"山梨県丹波山村"},"geometry":{"type":"MultiPolygon","coordinates":[[[[138.872,35.855],[138.892,35.84],[138.946,35.854],[138.97,35.83],[138.983,35.769],[138.932,35.78],[138.879,35.764],[138.856,35.741],[138.828,35.756],[138.818,35.777],[138.869,35.785],[138.852,35.823],[138.864,35.859],[138.872,35.855]]]]}},{"type":"Feature","properties":{"code":"2020202","name":"気象庁予報警報規程別表第四の二に示す「乗鞍上高地」の区域"},"geometry":{"type":"MultiPolygon","coordinates":[[[[137.788,36.243],[137.79,36.2],[137.81,36.188],[137.786,36.182],[137.787,36.167],[137.753,36.128],[137.755,36.087],[137.719,36.025],[137.703,36.01],[137.599,36.026],[137.614,36.076],[137.573,36.088],[137.55,36.113],[137.555,36.14],[137.594,36.171],[137.574,36.22],[137.648,36.29],[137.646,36.341],[137.68,36.337],[137.701,36.365],[137.721,36.353],[137.725,36.288],[137.749,36.275],[137.793,36.283],[137.788,36.243]]]]}},{"type":"Feature","properties":{"code":"2020300","name":"長野県上田市"},"geometry":{"type":"MultiPolygon","coordinates":[[[[138.382,36.555],[138.414,36.533],[138.397,36.49],[138.401,36.436],[138.357,36.43],[138.344,36.405],[138.296,36.379],[138.322,36.357],[138.319,36.333],[138.291,36.323],[138.282,36.287],[138.256,36.294],[138.226,36.227],[138.163,36.217],[138.132,36.231],[138.12,36.219],[138.085,36.244],[138.07,36.284],[138.082,36.313],[138.13,36.334],[138.129,36.347],[138.154,36.371],[138.147,36.395],[138.115,36.404],[138.115,36.434],[138.128,36.438],[138.169,36.415],[138.248,36.433],[138.23,36.48],[138.201,36.512],[138.267,36.514],[138.278,36.536],[138.293,36.532],[138.311,36.55],[138.335,36.538],[138.382,36.555]]]]}},{"type":"Feature","properties":{"code":"2020400","name":"長野県岡谷市"},"geometry":{"type":"MultiPolygon","coordinates":[[[[138.057,36.168],[138.088,36.157],[138.082,36.147],[138.091,36.139],[138.093,36.149],[138.102,36.123],[138.08,36.129],[138.073,36.12],[138.073,36.065],[138.086,36.05],[138.079,36.029],[138.037,36.012],[137.994,36.013],[138.029,36.087],[138.046,36.161],[138.057,36.168]]]]}},{"type":"Feature","properties":{"code":"2020600","name":"長野県諏訪市"},"geometry":{"type":"MultiPolygon","coordinates":[[[[138.19,36.123],[138.199,36.105],[138.152,36.037],[138.156,36.015],[138.136,36.01],[138.113,35.973],[138.073,35.95],[138.036,35.959],[138.048,35.971],[138.039,36.014],[138.074,36.023],[138.087,36.05],[138.129,36.077],[138.124,36.087],[138.138,36.088],[138.142,36.103],[138.174,36.104],[138.167,36.123],[138.19,36.123]]]]}},{"type":"Feature","properties":{"code":"2020700","name":"長野県須坂市"},"geometry":{"type":"MultiPolygon","coordinates":[[[[138.315,36.688],[138.334,36.68],[138.347,36.648],[138.385,36.648],[138.44,36.611],[138.42,36.578],[138.429,36.557],[138.418,36.544],[138.378,36.554],[138.334,36.537],[138.308,36.553],[138.319,36.564],[138.305,36.6],[138.257,36.64],[138.28,36.687],[138.315,36.688]]]]}},{"type":"Feature","properties":{"code":"2020800","name":"長野県小諸市"},"geometry":{"type":"MultiPolygon","coordinates":[[[[138.507,36.414],[138.458,36.348],[138.477,36.356],[138.478,36.344],[138.493,36.36],[138.479,36.337],[138.484,36.297],[138.425,36.276],[138.417,36.292],[138.377,36.305],[138.364,36.325],[138.386,36.334],[138.395,36.374],[138.429,36.378],[138.457,36.411],[138.489,36.401],[138.492,36.413],[138.507,36.414]]]]}},{"type":"Feature","properties":{"code":"2021000","name":"長野県駒ヶ根市"},"geometry":{"type":"MultiPolygon","coordinates":[[[[137.983,35.781],[138.038,35.768],[138.061,35.734],[138.064,35.709],[138.047,35.698],[138.036,35.668],[137.986,35.676],[137.977,35.691],[137.95,35.682],[137.948,35.701],[137.909,35.706],[137.873,35.693],[137.806,35.726],[137.811,35.781],[137.877,35.748],[137.964,35.75],[137.96,35.777],[137.971,35.769],[137.983,35.781]]]]}},{"type":"Feature","properties":{"code":"2021100","name":"長野県中野市"},"geometry":{"type":"MultiPolygon","coordinates":[[[[138.285,36.84],[138.345,36.804],[138.358,36.806],[138.363,36.838],[138.397,36.827],[138.406,36.795],[138.384,36.772],[138.398,36.761],[138.388,36.746],[138.406,36.699],[138.351,36.696],[138.335,36.723],[138.308,36.724],[138.311,36.743],[138.294,36.745],[138.303,36.781],[138.28,36.791],[138.275,36.809],[138.285,36.84]]]]}},{"type":"Feature","properties":{"code":"2021200","name":"長野県大町市"},"geometry":{"type":"MultiPolygon","coordinates":[[[[137.769,36.659],[137.799,36.651],[137.825,36.614],[137.868,36.621],[137.868,36.633],[137.909,36.649],[137.921,36.636],[137.915,36.619],[137.941,36.595],[137.917,36.54],[137.933,36.519],[137.956,36.527],[137.966,36.517],[137.95,36.501],[137.957,36.487],[137.938,36.488],[137.921,36.467],[137.888,36.474],[137.893,36.449],[137.88,36.439],[137.819,36.442],[137.815,36.453],[137.803,36.42],[137.754,36.411],[137.726,36.425],[137.681,36.339],[137.636,36.342],[137.618,36.365],[137.587,36.372],[137.587,36.389],[137.609,36.418],[137.636,36.428],[137.67,36.51],[137.705,36.518],[137.711,36.536],[137.685,36.538],[137.688,36.562],[137.724,36.586],[137.75,36.588],[137.753,36.658],[137.769,36.659]]]]}},{"type":"Feature","properties":{"code":"2021300","name":"長野県飯山市"},"geometry":{"type":"MultiPolygon","coordinates":[[[[138.52,37.028],[138.494,36.98],[138.461,36.976],[138.422,36.946],[138.423,36.911],[138.461,36.882],[138.422,36.872],[138.4,36.881],[138.397,36.855],[138.385,36.853],[138.397,36.841],[138.382,36.826],[138.363,36.837],[138.356,36.804],[138.325,36.806],[138.294,36.839],[138.274,36.838],[138.296,36.856],[138.296,36.911],[138.318,36.925],[138.344,36.921],[138.395,36.997],[138.52,37.028]]]]}},{"type":"Feature","properties":{"code":"2021400","name":"長野県茅野市"},"geometry":{"type":"MultiPolygon","coordinates":[[[[138.319,36.112],[138.328,36.092],[138.319,36.086],[138.334,36.085],[138.361,36.031],[138.371,35.972],[138.23,35.985],[138.184,35.976],[138.184,35.961],[138.221,35.943],[138.185,35.94],[138.169,35.917],[138.147,35.942],[138.15,35.955],[138.114,35.975],[138.135,36.01],[138.157,36.015],[138.153,36.037],[138.199,36.107],[138.233,36.11],[138.275,36.086],[138.319,36.112]]]]}},{"type":"Feature","properties":{"code":"2021501","name":"気象庁予報警報規程別表第四の二に示す「塩尻」の区域"},"geometry":{"type":"MultiPolygon","coordinates":[[[[137.897,36.025],[137.877,36.045],[137.853,36.038],[137.825,36.054],[137.899,36.12],[137.895,36.133],[137.921,36.162],[137.932,36.163],[137.927,36.144],[137.942,36.151],[137.947,36.17],[137.964,36.172],[137.968,36.147],[137.981,36.159],[138.042,36.148],[138.029,36.085],[138.009,36.055],[137.978,36.044],[137.943,36.064],[137.897,36.025]]]]}},{"type":"Feature","properties":{"code":"2021700","name":"長野県佐久市"},"geometry":{"type":"MultiPolygon","coordinates":[[[[138.491,36.316],[138.486,36.29],[138.496,36.304],[138.528,36.283],[138.6,36.278],[138.615,36.224],[138.635,36.214],[138.623,36.197],[138.636,36.172],[138.608,36.162],[138.59,36.179],[138.577,36.168],[138.521,36.165],[138.484,36.179],[138.431,36.166],[138.329,36.109],[138.302,36.111],[138.282,36.178],[138.304,36.233],[138.339,36.262],[138.342,36.294],[138.37,36.299],[138.375,36.286],[138.408,36.296],[138.424,36.276],[138.48,36.294],[138.479,36.311],[138.491,36.316]]]]}},{"type":"Feature","properties":{"code":"2021800","name":"長野県千曲市"},"geometry":{"type":"MultiPolygon","coordinates":[[[[138.154,36.559],[138.19,36.54],[138.202,36.501],[138.157,36.47],[138.165,36.454],[138.122,36.437],[138.106,36.468],[138.075,36.491],[138.03,36.491],[138.047,36.54],[138.111,36.541],[138.154,36.559]]]]}},{"type":"Feature","properties":{"code":"2021900","name":"長野県東御市"},"geometry":{"type":"MultiPolygon","coordinates":[[[[138.404,36.433],[138.458,36.412],[138.429,36.377],[138.394,36.373],[138.382,36.352],[138.387,36.335],[138.367,36.333],[138.385,36.295],[138.375,36.286],[138.369,36.299],[138.342,36.293],[138.337,36.324],[138.323,36.307],[138.296,36.308],[138.323,36.346],[138.297,36.38],[138.344,36.405],[138.358,36.43],[138.404,36.433]]]]}},{"type":"Feature","properties":{"code":"2022000","name":"長野県安曇野市"},"geometry":{"type":"MultiPolygon","coordinates":[[[[137.73,36.425],[137.768,36.393],[137.812,36.395],[137.831,36.381],[137.853,36.393],[137.888,36.364],[137.912,36.368],[137.902,36.39],[137.915,36.392],[137.918,36.412],[137.931,36.381],[137.973,36.405],[137.991,36.377],[137.957,36.363],[137.946,36.328],[137.978,36.305],[137.945,36.288],[137.918,36.246],[137.788,36.243],[137.794,36.282],[137.746,36.275],[137.721,36.295],[137.726,36.341],[137.701,36.367],[137.712,36.417],[137.73,36.425]]]]}},{"type":"Feature","properties":{"code":"2030300","name":"長野県小海町"},"geometry":{"type":"MultiPolygon","coordinates":[[[[138.471,36.126],[138.481,36.106],[138.546,36.113],[138.583,36.089],[138.561,36.075],[138.516,36.073],[138.49,36.037],[138.469,36.053],[138.445,36.024],[138.362,36.017],[138.353,36.046],[138.368,36.069],[138.402,36.072],[138.471,36.126]]]]}},{"type":"Feature","properties":{"code":"2030400","name":"長野県川上村"},"geometry":{"type":"MultiPolygon","coordinates":[[[[138.589,35.995],[138.713,35.985],[138.714,35.965],[138.739,35.939],[138.729,35.91],[138.686,35.893],[138.676,35.87],[138.622,35.871],[138.607,35.878],[138.612,35.909],[138.592,35.919],[138.509,35.922],[138.497,35.913],[138.486,35.957],[138.514,35.975],[138.5,35.986],[138.516,35.977],[138.546,35.994],[138.589,35.995]]]]}},{"type":"Feature","properties":{"code":"2030500","name":"長野県南牧村"},"geometry":{"type":"MultiPolygon","coordinates":[[[[138.471,36.053],[138.559,35.999],[138.517,35.977],[138.5,35.986],[138.515,35.975],[138.485,35.956],[138.497,35.917],[138.489,35.896],[138.454,35.901],[138.444,35.951],[138.372,35.971],[138.36,36.013],[138.446,36.024],[138.471,36.053]]]]}},{"type":"Feature","properties":{"code":"2030600","name":"長野県南相木村"},"geometry":{"type":"MultiPolygon","coordinates":[[[[138.505,36.06],[138.642,36.026],[138.681,36.011],[138.688,35.992],[138.559,35.994],[138.492,36.037],[138.505,36.06]]]]}},{"type":"Feature","properties":{"code":"2030700","name":"長野県北相木村"},"geometry":{"type":"MultiPolygon","coordinates":[[[[138.603,36.097],[138.627,36.095],[138.64,36.075],[138.644,36.05],[138.632,36.029],[138.505,36.061],[138.603,36.097]]]]}},{"type":"Feature","properties":{"code":"2030900","name":"長野県佐久穂町"},"geometry":{"type":"MultiPolygon","coordinates":[[[[138.489,36.174],[138.579,36.168],[138.6,36.136],[138.634,36.134],[138.645,36.099],[138.584,36.097],[138.515,36.114],[138.504,36.103],[138.48,36.107],[138.47,36.128],[138.413,36.079],[138.368,36.069],[138.353,36.047],[138.333,36.086],[138.32,36.086],[138.343,36.122],[138.433,36.167],[138.489,36.174]]]]}},{"type":"Feature","properties":{"code":"2032100","name":"長野県軽井沢町"},"geometry":{"type":"MultiPolygon","coordinates":[[[[138.593,36.424],[138.647,36.411],[138.657,36.369],[138.653,36.304],[138.602,36.279],[138.556,36.304],[138.558,36.325],[138.52,36.332],[138.508,36.395],[138.593,36.424]]]]}},{"type":"Feature","properties":{"code":"2032300","name":"長野県御代田町"},"geometry":{"type":"MultiPolygon","coordinates":[[[[138.509,36.413],[138.519,36.407],[138.508,36.395],[138.52,36.331],[138.559,36.325],[138.553,36.31],[138.577,36.281],[138.527,36.283],[138.496,36.304],[138.486,36.291],[138.478,36.337],[138.493,36.36],[138.478,36.343],[138.477,36.356],[138.459,36.348],[138.509,36.413]]]]}},{"type":"Feature","properties":{"code":"2032400","name":"長野県立科町"},"geometry":{"type":"MultiPolygon","coordinates":[[[[138.339,36.322],[138.338,36.262],[138.304,36.233],[138.282,36.178],[138.301,36.111],[138.285,36.089],[138.253,36.093],[138.234,36.11],[138.275,36.151],[138.283,36.221],[138.299,36.245],[138.281,36.281],[138.285,36.311],[138.291,36.323],[138.296,36.308],[138.325,36.307],[138.339,36.322]]]]}},{"type":"Feature","properties":{"code":"2034900","name":"長野県青木村"},"geometry":{"type":"MultiPolygon","coordinates":[[[[138.1,36.405],[138.147,36.395],[138.154,36.371],[138.128,36.332],[138.079,36.313],[138.065,36.333],[138.079,36.372],[138.064,36.399],[138.1,36.405]]]]}},{"type":"Feature","properties":{"code":"2035000","name":"長野県長和町"},"geometry":{"type":"MultiPolygon","coordinates":[[[[138.264,36.296],[138.283,36.287],[138.299,36.246],[138.283,36.221],[138.275,36.151],[138.219,36.106],[138.2,36.108],[138.189,36.124],[138.161,36.122],[138.134,36.15],[138.12,36.219],[138.132,36.231],[138.163,36.217],[138.222,36.224],[138.246,36.251],[138.244,36.28],[138.264,36.296]]]]}},{"type":"Feature","properties":{"code":"2036100","name":"長野県下諏訪町"},"geometry":{"type":"MultiPolygon","coordinates":[[[[138.131,36.164],[138.174,36.106],[138.142,36.103],[138.12,36.069],[138.085,36.051],[138.073,36.064],[138.073,36.119],[138.078,36.129],[138.101,36.125],[138.083,36.15],[138.099,36.163],[138.131,36.164]]]]}},{"type":"Feature","properties":{"code":"2036200","name":"長野県富士見町"},"geometry":{"type":"MultiPolygon","coordinates":[[[[138.308,35.966],[138.36,35.952],[138.284,35.86],[138.238,35.883],[138.186,35.795],[138.198,35.782],[138.178,35.786],[138.177,35.844],[138.189,35.857],[138.17,35.906],[138.178,35.931],[138.223,35.942],[138.233,35.932],[138.308,35.966]]]]}},{"type":"Feature","properties":{"code":"2036300","name":"長野県原村"},"geometry":{"type":"MultiPolygon","coordinates":[[[[138.225,35.985],[138.37,35.97],[138.358,35.957],[138.289,35.963],[138.234,35.932],[138.178,35.97],[138.225,35.985]]]]}},{"type":"Feature","properties":{"code":"2038200","name":"長野県辰野町"},"geometry":{"type":"MultiPolygon","coordinates":[[[[137.948,36.064],[137.979,36.044],[138.007,36.053],[137.992,36.015],[138.036,36.012],[138.046,35.966],[138.018,35.944],[137.994,35.951],[137.99,35.942],[137.935,35.957],[137.872,35.909],[137.835,35.928],[137.837,35.955],[137.904,36.018],[137.901,36.03],[137.948,36.064]]]]}},{"type":"Feature","properties":{"code":"2038300","name":"長野県箕輪町"},"geometry":{"type":"MultiPolygon","coordinates":[[[[138.045,35.953],[138.06,35.946],[138.086,35.96],[138.091,35.947],[138.067,35.916],[138.054,35.919],[138.036,35.897],[137.991,35.878],[137.983,35.898],[137.923,35.905],[137.887,35.927],[137.934,35.956],[137.969,35.942],[137.999,35.952],[138.018,35.945],[138.035,35.962],[138.045,35.953]]]]}},{"type":"Feature","properties":{"code":"2038400","name":"長野県飯島町"},"geometry":{"type":"MultiPolygon","coordinates":[[[[137.82,35.716],[137.873,35.694],[137.91,35.706],[137.952,35.7],[137.949,35.682],[137.979,35.686],[137.966,35.669],[137.952,35.673],[137.945,35.654],[137.923,35.659],[137.915,35.643],[137.883,35.635],[137.844,35.652],[137.832,35.639],[137.801,35.656],[137.82,35.716]]]]}},{"type":"Feature","properties":{"code":"2038500","name":"長野県南箕輪村"},"geometry":{"type":"MultiPolygon","coordinates":[[[[137.964,35.898],[137.983,35.898],[137.993,35.883],[137.974,35.855],[137.955,35.865],[137.947,35.851],[137.906,35.858],[137.929,35.872],[137.951,35.868],[137.934,35.886],[137.964,35.898]]],[[[137.889,35.924],[137.927,35.906],[137.882,35.9],[137.876,35.88],[137.891,35.861],[137.856,35.868],[137.851,35.906],[137.889,35.924]]]]}},{"type":"Feature","properties":{"code":"2038600","name":"長野県中川村"},"geometry":{"type":"MultiPolygon","coordinates":[[[[137.977,35.685],[138.035,35.666],[138.038,35.637],[138.006,35.598],[137.99,35.61],[137.932,35.603],[137.904,35.624],[137.905,35.645],[137.922,35.658],[137.945,35.655],[137.977,35.685]]]]}},{"type":"Feature","properties":{"code":"2038800","name":"長野県宮田村"},"geometry":{"type":"MultiPolygon","coordinates":[[[[137.837,35.807],[137.868,35.804],[137.881,35.785],[137.919,35.779],[137.937,35.789],[137.926,35.776],[137.948,35.771],[137.958,35.78],[137.963,35.752],[137.861,35.748],[137.805,35.788],[137.837,35.807]]]]}},{"type":"Feature","properties":{"code":"2040200","name":"長野県松川町"},"geometry":{"type":"MultiPolygon","coordinates":[[[[137.847,35.652],[137.881,35.635],[137.904,35.64],[137.904,35.624],[137.932,35.603],[137.992,35.61],[138.002,35.597],[137.993,35.585],[138.017,35.552],[137.976,35.579],[137.941,35.569],[137.835,35.605],[137.808,35.643],[137.835,35.639],[137.847,35.652]]]]}},{"type":"Feature","properties":{"code":"2040300","name":"長野県高森町"},"geometry":{"type":"MultiPolygon","coordinates":[[[[137.835,35.605],[137.87,35.601],[137.917,35.574],[137.898,35.568],[137.871,35.532],[137.811,35.568],[137.823,35.593],[137.817,35.61],[137.835,35.605]]]]}},{"type":"Feature","properties":{"code":"2040400","name":"長野県阿南町"},"geometry":{"type":"MultiPolygon","coordinates":[[[[137.812,35.385],[137.844,35.344],[137.833,35.327],[137.841,35.308],[137.794,35.292],[137.768,35.253],[137.711,35.23],[137.725,35.242],[137.735,35.287],[137.726,35.302],[137.676,35.307],[137.688,35.341],[137.745,35.37],[137.771,35.347],[137.795,35.383],[137.812,35.385]]]]}},{"type":"Feature","properties":{"code":"2040700","name":"長野県阿智村"},"geometry":{"type":"MultiPolygon","coordinates":[[[[137.697,35.554],[137.719,35.521],[137.745,35.51],[137.726,35.49],[137.745,35.462],[137.762,35.462],[137.77,35.419],[137.727,35.384],[137.739,35.383],[137.741,35.364],[137.69,35.341],[137.643,35.369],[137.632,35.41],[137.593,35.447],[137.632,35.47],[137.625,35.5],[137.643,35.511],[137.648,35.53],[137.677,35.533],[137.697,35.554]]]]}},{"type":"Feature","properties":{"code":"2040900","name":"長野県平谷村"},"geometry":{"type":"MultiPolygon","coordinates":[[[[137.578,35.399],[137.634,35.398],[137.653,35.359],[137.688,35.342],[137.659,35.266],[137.625,35.265],[137.633,35.299],[137.576,35.316],[137.604,35.337],[137.598,35.378],[137.578,35.399]]]]}},{"type":"Feature","properties":{"code":"2041000","name":"長野県根羽村"},"geometry":{"type":"MultiPolygon","coordinates":[[[[137.574,35.317],[137.632,35.3],[137.625,35.266],[137.662,35.263],[137.67,35.238],[137.644,35.209],[137.578,35.199],[137.578,35.22],[137.546,35.253],[137.57,35.282],[137.557,35.31],[137.574,35.317]]]]}},{"type":"Feature","properties":{"code":"2041100","name":"長野県下條村"},"geometry":{"type":"MultiPolygon","coordinates":[[[[137.794,35.427],[137.816,35.424],[137.817,35.409],[137.799,35.375],[137.766,35.35],[137.727,35.383],[137.794,35.427]]]]}},{"type":"Feature","properties":{"code":"2041200","name":"長野県売木村"},"geometry":{"type":"MultiPolygon","coordinates":[[[[137.677,35.306],[137.733,35.293],[137.715,35.231],[137.664,35.228],[137.671,35.241],[137.659,35.276],[137.677,35.306]]]]}},{"type":"Feature","properties":{"code":"2041300","name":"長野県天龍村"},"geometry":{"type":"MultiPolygon","coordinates":[[[[137.846,35.314],[137.86,35.311],[137.865,35.289],[137.878,35.294],[137.9,35.28],[137.875,35.221],[137.774,35.203],[137.759,35.222],[137.722,35.222],[137.768,35.253],[137.794,35.293],[137.846,35.314]]]]}},{"type":"Feature","properties":{"code":"2041400","name":"長野県泰阜村"},"geometry":{"type":"MultiPolygon","coordinates":[[[[137.817,35.418],[137.887,35.385],[137.904,35.359],[137.927,35.361],[137.924,35.345],[137.896,35.323],[137.839,35.314],[137.833,35.327],[137.844,35.345],[137.811,35.378],[137.817,35.418]]]]}},{"type":"Feature","properties":{"code":"2041500","name":"長野県喬木村"},"geometry":{"type":"MultiPolygon","coordinates":[[[[137.88,35.53],[137.916,35.505],[137.961,35.51],[137.987,35.488],[137.952,35.43],[137.918,35.438],[137.912,35.464],[137.876,35.478],[137.871,35.491],[137.883,35.497],[137.862,35.508],[137.88,35.53]]]]}},{"type":"Feature","properties":{"code":"2041600","name":"長野県豊丘村"},"geometry":{"type":"MultiPolygon","coordinates":[[[[137.976,35.58],[138.012,35.548],[137.988,35.488],[137.962,35.51],[137.915,35.505],[137.879,35.53],[137.902,35.571],[137.976,35.58]]]]}},{"type":"Feature","properties":{"code":"2041700","name":"長野県大鹿村"},"geometry":{"type":"MultiPolygon","coordinates":[[[[138.064,35.702],[138.102,35.648],[138.109,35.603],[138.152,35.571],[138.143,35.556],[138.159,35.545],[138.138,35.522],[138.14,35.5],[138.164,35.494],[138.156,35.46],[138.121,35.455],[138.083,35.486],[138.039,35.458],[137.992,35.493],[138.018,35.559],[137.994,35.588],[138.038,35.637],[138.046,35.698],[138.064,35.702]]]]}},{"type":"Feature","properties":{"code":"2042200","name":"長野県上松町"},"geometry":{"type":"MultiPolygon","coordinates":[[[[137.728,35.822],[137.77,35.812],[137.809,35.783],[137.736,35.712],[137.654,35.751],[137.644,35.713],[137.603,35.706],[137.588,35.735],[137.553,35.726],[137.531,35.752],[137.566,35.751],[137.596,35.768],[137.593,35.792],[137.667,35.791],[137.698,35.82],[137.728,35.822]]]]}},{"type":"Feature","properties":{"code":"2042300","name":"長野県南木曽町"},"geometry":{"type":"MultiPolygon","coordinates":[[[[137.536,35.69],[137.599,35.673],[137.635,35.643],[137.67,35.659],[137.727,35.62],[137.72,35.587],[137.69,35.569],[137.683,35.537],[137.649,35.531],[137.644,35.511],[137.632,35.509],[137.575,35.545],[137.571,35.584],[137.531,35.589],[137.514,35.61],[137.545,35.652],[137.509,35.682],[137.536,35.69]]]]}},{"type":"Feature","properties":{"code":"2042500","name":"長野県木祖村"},"geometry":{"type":"MultiPolygon","coordinates":[[[[137.776,36.075],[137.797,36.077],[137.815,36.054],[137.808,35.974],[137.795,35.96],[137.801,35.928],[137.768,35.904],[137.696,35.971],[137.702,36.009],[137.737,36.048],[137.736,36.07],[137.754,36.086],[137.776,36.075]]]]}},{"type":"Feature","properties":{"code":"2042900","name":"長野県王滝村"},"geometry":{"type":"MultiPolygon","coordinates":[[[[137.438,35.905],[137.573,35.853],[137.596,35.814],[137.61,35.839],[137.619,35.83],[137.607,35.795],[137.625,35.797],[137.624,35.789],[137.593,35.793],[137.598,35.769],[137.566,35.751],[137.531,35.752],[137.554,35.72],[137.512,35.709],[137.488,35.716],[137.46,35.761],[137.393,35.778],[137.393,35.798],[137.336,35.799],[137.325,35.812],[137.332,35.84],[137.361,35.847],[137.364,35.879],[137.438,35.905]]]]}},{"type":"Feature","properties":{"code":"2043000","name":"長野県大桑村"},"geometry":{"type":"MultiPolygon","coordinates":[[[[137.812,35.76],[137.803,35.74],[137.817,35.718],[137.802,35.656],[137.737,35.613],[137.669,35.66],[137.636,35.643],[137.587,35.677],[137.535,35.69],[137.507,35.682],[137.486,35.707],[137.49,35.717],[137.537,35.71],[137.575,35.738],[137.601,35.706],[137.634,35.71],[137.651,35.724],[137.647,35.745],[137.663,35.751],[137.735,35.712],[137.757,35.743],[137.808,35.779],[137.812,35.76]]]]}},{"type":"Feature","properties":{"code":"2043200","name":"長野県木曽町"},"geometry":{"type":"MultiPolygon","coordinates":[[[[137.636,36.026],[137.704,36.01],[137.697,35.969],[137.756,35.908],[137.773,35.906],[137.802,35.926],[137.816,35.879],[137.806,35.835],[137.825,35.801],[137.794,35.79],[137.771,35.811],[137.725,35.823],[137.697,35.82],[137.668,35.791],[137.608,35.795],[137.619,35.829],[137.611,35.839],[137.592,35.815],[137.573,35.853],[137.505,35.873],[137.477,35.893],[137.503,35.939],[137.524,35.942],[137.545,35.984],[137.576,35.995],[137.6,36.026],[137.636,36.026]]]]}},{"type":"Feature","properties":{"code":"2044600","name":"長野県麻績村"},"geometry":{"type":"MultiPolygon","coordinates":[[[[138.049,36.494],[138.086,36.478],[138.051,36.453],[138.054,36.42],[138.007,36.438],[138.004,36.466],[137.977,36.461],[138.049,36.494]]]]}},{"type":"Feature","properties":{"code":"2044800","name":"長野県生坂村"},"geometry":{"type":"MultiPolygon","coordinates":[[[[137.951,36.488],[137.977,36.461],[137.965,36.455],[137.961,36.424],[137.972,36.405],[137.931,36.381],[137.906,36.438],[137.929,36.451],[137.938,36.488],[137.951,36.488]]]]}},{"type":"Feature","properties":{"code":"2045000","name":"長野県山形村"},"geometry":{"type":"MultiPolygon","coordinates":[[[[137.892,36.188],[137.902,36.175],[137.885,36.147],[137.848,36.134],[137.811,36.145],[137.892,36.188]]]]}},{"type":"Feature","properties":{"code":"2045100","name":"長野県朝日村"},"geometry":{"type":"MultiPolygon","coordinates":[[[[137.88,36.148],[137.891,36.142],[137.883,36.129],[137.899,36.121],[137.827,36.055],[137.803,36.057],[137.796,36.078],[137.756,36.086],[137.811,36.145],[137.847,36.134],[137.88,36.148]]]]}},{"type":"Feature","properties":{"code":"2045200","name":"長野県筑北村"},"geometry":{"type":"MultiPolygon","coordinates":[[[[138.083,36.475],[138.106,36.469],[138.122,36.441],[138.114,36.401],[138.066,36.402],[138.077,36.372],[137.993,36.377],[137.961,36.422],[137.965,36.455],[138.001,36.468],[138.007,36.438],[138.053,36.42],[138.051,36.454],[138.083,36.475]]]]}},{"type":"Feature","properties":{"code":"2048100","name":"長野県池田町"},"geometry":{"type":"MultiPolygon","coordinates":[[[[137.899,36.475],[137.937,36.467],[137.905,36.439],[137.924,36.413],[137.91,36.402],[137.913,36.39],[137.902,36.393],[137.912,36.369],[137.889,36.364],[137.873,36.379],[137.869,36.441],[137.893,36.449],[137.887,36.474],[137.899,36.475]]]]}},{"type":"Feature","properties":{"code":"2048200","name":"長野県松川村"},"geometry":{"type":"MultiPolygon","coordinates":[[[[137.817,36.449],[137.869,36.441],[137.872,36.379],[137.853,36.394],[137.831,36.381],[137.823,36.392],[137.769,36.392],[137.754,36.403],[137.803,36.42],[137.804,36.447],[137.817,36.449]]]]}},{"type":"Feature","properties":{"code":"2048500","name":"長野県白馬村"},"geometry":{"type":"MultiPolygon","coordinates":[[[[137.85,36.744],[137.843,36.751],[137.888,36.731],[137.942,36.736],[137.914,36.692],[137.909,36.649],[137.867,36.633],[137.868,36.62],[137.825,36.614],[137.798,36.652],[137.761,36.665],[137.752,36.753],[137.765,36.768],[137.85,36.744]]]]}},{"type":"Feature","properties":{"code":"2048600","name":"長野県小谷村"},"geometry":{"type":"MultiPolygon","coordinates":[[[[137.923,36.919],[137.962,36.902],[137.99,36.911],[138.033,36.886],[138.014,36.86],[138.019,36.842],[137.943,36.737],[137.888,36.731],[137.856,36.751],[137.765,36.768],[137.82,36.798],[137.877,36.866],[137.864,36.914],[137.923,36.919]]]]}},{"type":"Feature","properties":{"code":"2052100","name":"長野県坂城町"},"geometry":{"type":"MultiPolygon","coordinates":[[[[138.218,36.491],[138.249,36.434],[138.168,36.415],[138.129,36.438],[138.164,36.455],[138.169,36.463],[138.157,36.47],[138.202,36.501],[138.218,36.491]]]]}},{"type":"Feature","properties":{"code":"2054100","name":"長野県小布施町"},"geometry":{"type":"MultiPolygon","coordinates":[[[[138.319,36.687],[138.282,36.688],[138.29,36.714],[138.335,36.723],[138.348,36.698],[138.339,36.685],[138.319,36.687]]]]}},{"type":"Feature","properties":{"code":"2054300","name":"長野県高山村"},"geometry":{"type":"MultiPolygon","coordinates":[[[[138.369,36.704],[138.434,36.697],[138.534,36.664],[138.524,36.65],[138.474,36.644],[138.455,36.614],[138.439,36.611],[138.386,36.648],[138.346,36.649],[138.333,36.683],[138.369,36.704]]]]}},{"type":"Feature","properties":{"code":"2056100","name":"長野県山ノ内町"},"geometry":{"type":"MultiPolygon","coordinates":[[[[138.549,36.824],[138.576,36.81],[138.62,36.809],[138.634,36.792],[138.626,36.756],[138.642,36.724],[138.611,36.706],[138.596,36.715],[138.584,36.701],[138.559,36.707],[138.514,36.691],[138.529,36.666],[138.399,36.706],[138.388,36.746],[138.398,36.762],[138.384,36.772],[138.405,36.8],[138.432,36.82],[138.493,36.793],[138.53,36.803],[138.549,36.824]]]]}},{"type":"Feature","properties":{"code":"2056200","name":"長野県木島平村"},"geometry":{"type":"MultiPolygon","coordinates":[[[[138.49,36.894],[138.501,36.877],[138.496,36.857],[138.556,36.852],[138.53,36.802],[138.493,36.793],[138.486,36.805],[138.433,36.82],[138.416,36.802],[138.397,36.802],[138.397,36.826],[138.384,36.828],[138.398,36.842],[138.385,36.852],[138.397,36.855],[138.4,36.88],[138.446,36.875],[138.49,36.894]]]]}},{"type":"Feature","properties":{"code":"2056300","name":"長野県野沢温泉村"},"geometry":{"type":"MultiPolygon","coordinates":[[[[138.519,36.985],[138.481,36.931],[138.514,36.909],[138.502,36.89],[138.463,36.883],[138.424,36.911],[138.419,36.932],[138.431,36.955],[138.462,36.977],[138.519,36.985]]]]}},{"type":"Feature","properties":{"code":"2058300","name":"長野県信濃町"},"geometry":{"type":"MultiPolygon","coordinates":[[[[138.217,36.866],[138.268,36.861],[138.275,36.835],[138.262,36.823],[138.28,36.816],[138.217,36.775],[138.214,36.759],[138.14,36.748],[138.122,36.762],[138.125,36.786],[138.098,36.78],[138.094,36.841],[138.115,36.85],[138.169,36.845],[138.217,36.866]]]]}},{"type":"Feature","properties":{"code":"2058800","name":"長野県小川村"},"geometry":{"type":"MultiPolygon","coordinates":[[[[137.981,36.668],[138.011,36.657],[138.001,36.6],[137.928,36.599],[137.905,36.66],[137.981,36.668]]]]}},{"type":"Feature","properties":{"code":"2059000","name":"長野県飯綱町"},"geometry":{"type":"MultiPolygon","coordinates":[[[[138.281,36.82],[138.28,36.791],[138.301,36.786],[138.304,36.764],[138.294,36.746],[138.263,36.744],[138.251,36.718],[138.208,36.71],[138.135,36.74],[138.213,36.759],[138.216,36.775],[138.28,36.816],[138.262,36.822],[138.275,36.836],[138.281,36.82]]]]}},{"type":"Feature","properties":{"code":"2060200","name":"長野県栄村"},"geometry":{"type":"MultiPolygon","coordinates":[[[[138.536,37.021],[138.566,37.021],[138.587,36.988],[138.589,36.914],[138.621,36.904],[138.626,36.882],[138.693,36.855],[138.68,36.821],[138.696,36.807],[138.669,36.779],[138.688,36.766],[138.696,36.738],[138.642,36.724],[138.627,36.755],[138.634,36.791],[138.62,36.809],[138.552,36.82],[138.542,36.836],[138.551,36.857],[138.495,36.858],[138.494,36.886],[138.514,36.907],[138.483,36.924],[138.483,36.938],[138.521,36.983],[138.499,36.978],[138.491,36.988],[138.522,37.03],[138.536,37.021]]]]}},{"type":"Feature","properties":{"code":"2120100","name":"岐阜県岐阜市"},"geometry":{"type":"MultiPolygon","coordinates":[[[[136.7,35.543],[136.736,35.508],[136.793,35.485],[136.815,35.51],[136.812,35.528],[136.827,35.53],[136.846,35.507],[136.86,35.508],[136.844,35.5],[136.835,35.467],[136.873,35.464],[136.882,35.446],[136.859,35.425],[136.815,35.427],[136.816,35.389],[136.783,35.4],[136.756,35.365],[136.688,35.352],[136.706,35.387],[136.693,35.408],[136.698,35.461],[136.683,35.475],[136.698,35.483],[136.698,35.503],[136.679,35.536],[136.7,35.543]]]]}},{"type":"Feature","properties":{"code":"2120200","name":"岐阜県大垣市"},"geometry":{"type":"MultiPolygon","coordinates":[[[[136.498,35.361],[136.536,35.332],[136.508,35.322],[136.527,35.258],[136.51,35.238],[136.465,35.237],[136.442,35.217],[136.431,35.229],[136.415,35.218],[136.377,35.243],[136.396,35.257],[136.399,35.299],[136.422,35.288],[136.426,35.307],[136.457,35.315],[136.466,35.343],[136.498,35.361]]],[[[136.565,35.41],[136.608,35.392],[136.611,35.404],[136.623,35.403],[136.627,35.388],[136.656,35.377],[136.657,35.341],[136.639,35.335],[136.641,35.315],[136.615,35.295],[136.596,35.302],[136.582,35.34],[136.561,35.344],[136.561,35.37],[136.544,35.377],[136.541,35.398],[136.565,35.41]]]]}},{"type":"Feature","properties":{"code":"2120300","name":"岐阜県高山市"},"geometry":{"type":"MultiPolygon","coordinates":[[[[137.578,36.393],[137.588,36.372],[137.618,36.365],[137.646,36.341],[137.652,36.323],[137.648,36.289],[137.573,36.219],[137.581,36.196],[137.595,36.191],[137.595,36.172],[137.555,36.14],[137.55,36.113],[137.574,36.087],[137.613,36.077],[137.615,36.062],[137.591,36.007],[137.544,35.983],[137.525,35.942],[137.504,35.94],[137.483,35.914],[137.423,35.971],[137.368,35.945],[137.37,35.97],[137.342,35.99],[137.345,36.001],[137.262,35.988],[137.234,36.021],[137.187,36.037],[137.121,35.985],[137.105,35.959],[137.121,35.947],[137.094,35.928],[137.09,35.898],[137.049,35.96],[137.019,35.959],[136.983,35.918],[136.959,35.979],[136.93,36.006],[136.894,36.028],[136.838,36.001],[136.797,36.032],[136.796,36.051],[136.769,36.057],[136.755,36.086],[136.764,36.105],[136.807,36.105],[136.819,36.093],[136.895,36.106],[136.925,36.094],[136.934,36.113],[136.955,36.117],[136.933,36.143],[136.947,36.21],[136.966,36.195],[137.02,36.189],[137.069,36.198],[137.101,36.22],[137.122,36.183],[137.16,36.214],[137.206,36.213],[137.196,36.23],[137.214,36.251],[137.264,36.269],[137.276,36.286],[137.364,36.297],[137.363,36.35],[137.401,36.343],[137.429,36.373],[137.483,36.371],[137.54,36.393],[137.578,36.393]]]]}},{"type":"Feature","properties":{"code":"2120400","name":"岐阜県多治見市"},"geometry":{"type":"MultiPolygon","coordinates":[[[[137.065,35.4],[137.084,35.372],[137.114,35.369],[137.124,35.384],[137.145,35.378],[137.158,35.357],[137.146,35.35],[137.16,35.331],[137.154,35.32],[137.172,35.312],[137.185,35.275],[137.103,35.301],[137.081,35.293],[137.064,35.319],[137.068,35.335],[137.046,35.34],[137.065,35.4]]]]}},{"type":"Feature","properties":{"code":"2120500","name":"岐阜県関市"},"geometry":{"type":"MultiPolygon","coordinates":[[[[136.764,35.811],[136.8,35.782],[136.84,35.776],[136.834,35.754],[136.854,35.747],[136.84,35.699],[136.88,35.652],[136.855,35.634],[136.838,35.56],[136.862,35.525],[136.887,35.513],[136.898,35.511],[136.902,35.526],[136.933,35.524],[136.944,35.546],[136.959,35.549],[136.956,35.564],[136.986,35.62],[136.979,35.639],[136.992,35.651],[137.029,35.642],[137.047,35.65],[137.051,35.694],[137.1,35.679],[137.086,35.65],[137.094,35.637],[137.061,35.623],[137.054,35.599],[137.071,35.57],[137.01,35.533],[136.991,35.508],[136.949,35.507],[136.951,35.489],[136.963,35.485],[136.954,35.431],[136.835,35.467],[136.844,35.5],[136.861,35.508],[136.846,35.507],[136.81,35.536],[136.821,35.56],[136.794,35.573],[136.787,35.596],[136.807,35.612],[136.805,35.654],[136.774,35.667],[136.768,35.683],[136.719,35.694],[136.728,35.715],[136.684,35.724],[136.691,35.752],[136.668,35.788],[136.764,35.811]]]]}},{"type":"Feature","properties":{"code":"2120600","name":"岐阜県中津川市"},"geometry":{"type":"MultiPolygon","coordinates":[[[[137.383,35.8],[137.394,35.797],[137.393,35.778],[137.461,35.76],[137.497,35.688],[137.545,35.651],[137.514,35.609],[137.538,35.585],[137.571,35.584],[137.574,35.545],[137.632,35.509],[137.631,35.47],[137.593,35.447],[137.631,35.411],[137.631,35.398],[137.565,35.404],[137.54,35.378],[137.489,35.359],[137.467,35.371],[137.43,35.421],[137.503,35.439],[137.461,35.441],[137.432,35.473],[137.393,35.481],[137.392,35.508],[137.348,35.512],[137.343,35.562],[137.396,35.563],[137.387,35.603],[137.412,35.629],[137.406,35.661],[137.373,35.673],[137.332,35.711],[137.325,35.747],[137.359,35.795],[137.383,35.8]]]]}},{"type":"Feature","properties":{"code":"2120700","name":"岐阜県美濃市"},"geometry":{"type":"MultiPolygon","coordinates":[[[[136.88,35.652],[136.897,35.646],[136.925,35.602],[136.978,35.614],[136.959,35.549],[136.928,35.522],[136.903,35.526],[136.894,35.51],[136.862,35.525],[136.839,35.56],[136.854,35.633],[136.88,35.652]]]]}},{"type":"Feature","properties":{"code":"2120800","name":"岐阜県瑞浪市"},"geometry":{"type":"MultiPolygon","coordinates":[[[[137.22,35.47],[137.232,35.472],[137.237,35.457],[137.262,35.464],[137.285,35.448],[137.295,35.461],[137.351,35.42],[137.341,35.382],[137.296,35.328],[137.341,35.326],[137.346,35.318],[137.327,35.292],[137.277,35.289],[137.282,35.318],[137.25,35.327],[137.22,35.357],[137.218,35.393],[137.192,35.409],[137.206,35.425],[137.202,35.467],[137.22,35.47]]]]}},{"type":"Feature","properties":{"code":"2120900","name":"岐阜県羽島市"},"geometry":{"type":"MultiPolygon","coordinates":[[[[136.732,35.357],[136.753,35.345],[136.749,35.335],[136.696,35.259],[136.672,35.243],[136.657,35.256],[136.677,35.277],[136.666,35.315],[136.687,35.331],[136.691,35.354],[136.732,35.357]]]]}},{"type":"Feature","properties":{"code":"2121000","name":"岐阜県恵那市"},"geometry":{"type":"MultiPolygon","coordinates":[[[[137.342,35.547],[137.353,35.509],[137.392,35.508],[137.393,35.482],[137.432,35.473],[137.462,35.44],[137.503,35.439],[137.431,35.422],[137.469,35.369],[137.49,35.36],[137.529,35.373],[137.564,35.404],[137.598,35.379],[137.604,35.333],[137.557,35.31],[137.562,35.284],[137.52,35.284],[137.505,35.263],[137.43,35.223],[137.418,35.24],[137.387,35.241],[137.383,35.26],[137.345,35.258],[137.345,35.274],[137.308,35.289],[137.327,35.292],[137.346,35.317],[137.333,35.334],[137.296,35.327],[137.341,35.383],[137.352,35.417],[137.295,35.461],[137.285,35.448],[137.25,35.466],[137.287,35.506],[137.27,35.528],[137.342,35.547]]]]}},{"type":"Feature","properties":{"code":"2121100","name":"岐阜県美濃加茂市"},"geometry":{"type":"MultiPolygon","coordinates":[[[[137.048,35.548],[137.068,35.548],[137.071,35.53],[137.037,35.496],[137.051,35.489],[137.051,35.461],[137.065,35.478],[137.082,35.475],[137.081,35.443],[137.007,35.43],[136.993,35.452],[136.96,35.447],[136.965,35.48],[136.984,35.471],[137.012,35.488],[136.997,35.494],[136.993,35.518],[137.038,35.554],[137.048,35.548]]]]}},{"type":"Feature","properties":{"code":"2121200","name":"岐阜県土岐市"},"geometry":{"type":"MultiPolygon","coordinates":[[[[137.196,35.401],[137.218,35.392],[137.22,35.358],[137.245,35.331],[137.283,35.317],[137.26,35.275],[137.2,35.252],[137.174,35.265],[137.182,35.291],[137.145,35.349],[137.159,35.355],[137.145,35.377],[137.155,35.394],[137.196,35.401]]]]}},{"type":"Feature","properties":{"code":"2121300","name":"岐阜県各務原市"},"geometry":{"type":"MultiPolygon","coordinates":[[[[136.892,35.445],[136.95,35.429],[136.962,35.401],[136.834,35.356],[136.794,35.363],[136.821,35.376],[136.815,35.426],[136.858,35.425],[136.869,35.444],[136.892,35.445]]]]}},{"type":"Feature","properties":{"code":"2121400","name":"岐阜県可児市"},"geometry":{"type":"MultiPolygon","coordinates":[[[[137.069,35.437],[137.099,35.438],[137.106,35.418],[137.157,35.401],[137.151,35.381],[137.085,35.372],[137.061,35.403],[137.067,35.394],[137.048,35.366],[137.003,35.381],[136.978,35.404],[137.011,35.436],[137.056,35.445],[137.069,35.437]]]]}},{"type":"Feature","properties":{"code":"2121500","name":"岐阜県山県市"},"geometry":{"type":"MultiPolygon","coordinates":[[[[136.703,35.719],[136.73,35.712],[136.719,35.694],[136.768,35.683],[136.773,35.667],[136.806,35.653],[136.806,35.61],[136.787,35.598],[136.794,35.572],[136.821,35.561],[136.809,35.547],[136.815,35.51],[136.801,35.504],[136.799,35.485],[136.718,35.521],[136.664,35.602],[136.703,35.719]]]]}},{"type":"Feature","properties":{"code":"2121600","name":"岐阜県瑞穂市"},"geometry":{"type":"MultiPolygon","coordinates":[[[[136.641,35.429],[136.693,35.412],[136.705,35.382],[136.672,35.367],[136.639,35.389],[136.641,35.429]]]]}},{"type":"Feature","properties":{"code":"2121700","name":"岐阜県飛騨市"},"geometry":{"type":"MultiPolygon","coordinates":[[[[137.279,36.465],[137.317,36.46],[137.305,36.436],[137.313,36.425],[137.392,36.458],[137.405,36.427],[137.46,36.412],[137.474,36.425],[137.51,36.424],[137.54,36.394],[137.484,36.371],[137.423,36.37],[137.404,36.344],[137.364,36.351],[137.364,36.297],[137.277,36.286],[137.263,36.268],[137.213,36.251],[137.196,36.231],[137.206,36.214],[137.16,36.215],[137.122,36.183],[137.101,36.22],[137.052,36.192],[136.983,36.191],[136.954,36.204],[136.952,36.237],[136.966,36.265],[137.013,36.294],[137.02,36.318],[137.051,36.328],[137.059,36.373],[137.095,36.384],[137.092,36.396],[137.145,36.446],[137.192,36.454],[137.206,36.428],[137.247,36.462],[137.256,36.451],[137.279,36.465]]]]}},{"type":"Feature","properties":{"code":"2121800","name":"岐阜県本巣市"},"geometry":{"type":"MultiPolygon","coordinates":[[[[136.652,35.796],[136.683,35.771],[136.691,35.752],[136.681,35.735],[136.696,35.715],[136.694,35.67],[136.675,35.655],[136.664,35.603],[136.696,35.542],[136.679,35.537],[136.699,35.489],[136.684,35.478],[136.698,35.448],[136.678,35.441],[136.678,35.418],[136.633,35.429],[136.66,35.492],[136.633,35.547],[136.647,35.552],[136.639,35.575],[136.571,35.581],[136.56,35.628],[136.516,35.673],[136.537,35.695],[136.529,35.75],[136.513,35.763],[136.523,35.787],[136.571,35.777],[136.599,35.799],[136.622,35.788],[136.645,35.807],[136.652,35.796]]]]}},{"type":"Feature","properties":{"code":"2121900","name":"岐阜県郡上市"},"geometry":{"type":"MultiPolygon","coordinates":[[[[136.764,36.068],[136.796,36.051],[136.812,36.015],[136.837,36.003],[136.894,36.028],[136.93,36.006],[136.959,35.979],[136.982,35.918],[137.019,35.959],[137.05,35.96],[137.085,35.898],[137.1,35.927],[137.165,35.86],[137.164,35.847],[137.134,35.85],[137.123,35.835],[137.132,35.742],[137.07,35.722],[137.066,35.701],[137.05,35.699],[137.048,35.651],[137.03,35.642],[136.993,35.651],[136.98,35.641],[136.984,35.617],[136.952,35.615],[136.935,35.599],[136.84,35.699],[136.855,35.746],[136.834,35.754],[136.842,35.773],[136.795,35.785],[136.79,35.801],[136.802,35.844],[136.831,35.852],[136.822,35.896],[136.785,35.924],[136.793,35.946],[136.751,35.958],[136.751,35.99],[136.727,35.996],[136.734,36.048],[136.764,36.068]]]]}},{"type":"Feature","properties":{"code":"2122000","name":"岐阜県下呂市"},"geometry":{"type":"MultiPolygon","coordinates":[[[[137.197,36.036],[137.233,36.022],[137.261,35.988],[137.345,36.001],[137.343,35.989],[137.37,35.97],[137.37,35.946],[137.423,35.971],[137.484,35.909],[137.461,35.889],[137.435,35.905],[137.382,35.893],[137.365,35.879],[137.36,35.845],[137.333,35.842],[137.325,35.812],[137.36,35.796],[137.325,35.747],[137.33,35.711],[137.284,35.691],[137.267,35.698],[137.244,35.675],[137.204,35.676],[137.17,35.637],[137.113,35.621],[137.094,35.627],[137.086,35.649],[137.101,35.678],[137.05,35.699],[137.067,35.701],[137.073,35.725],[137.132,35.741],[137.123,35.836],[137.135,35.85],[137.167,35.853],[137.102,35.923],[137.121,35.948],[137.105,35.958],[137.158,36.02],[137.197,36.036]]]]}},{"type":"Feature","properties":{"code":"2122100","name":"岐阜県海津市"},"geometry":{"type":"MultiPolygon","coordinates":[[[[136.674,35.289],[136.675,35.272],[136.657,35.258],[136.678,35.241],[136.682,35.219],[136.671,35.134],[136.647,35.165],[136.645,35.145],[136.616,35.15],[136.603,35.177],[136.549,35.22],[136.537,35.25],[136.555,35.262],[136.582,35.249],[136.592,35.258],[136.592,35.244],[136.582,35.245],[136.607,35.228],[136.627,35.265],[136.653,35.272],[136.653,35.288],[136.674,35.289]]]]}},{"type":"Feature","properties":{"code":"2130200","name":"岐阜県岐南町"},"geometry":{"type":"MultiPolygon","coordinates":[[[[136.794,35.396],[136.819,35.382],[136.764,35.378],[136.772,35.396],[136.794,35.396]]]]}},{"type":"Feature","properties":{"code":"2130300","name":"岐阜県笠松町"},"geometry":{"type":"MultiPolygon","coordinates":[[[[136.811,35.383],[136.821,35.376],[136.8,35.364],[136.776,35.373],[136.754,35.345],[136.733,35.349],[136.759,35.378],[136.811,35.383]]]]}},{"type":"Feature","properties":{"code":"2134100","name":"岐阜県養老町"},"geometry":{"type":"MultiPolygon","coordinates":[[[[136.558,35.344],[136.581,35.34],[136.594,35.304],[136.61,35.294],[136.608,35.263],[136.625,35.253],[136.608,35.228],[136.582,35.245],[136.592,35.258],[136.582,35.249],[136.555,35.262],[136.538,35.25],[136.523,35.264],[136.522,35.301],[136.507,35.322],[136.558,35.344]]]]}},{"type":"Feature","properties":{"code":"2136100","name":"岐阜県垂井町"},"geometry":{"type":"MultiPolygon","coordinates":[[[[136.517,35.437],[136.555,35.398],[136.541,35.397],[136.563,35.358],[136.551,35.334],[136.51,35.347],[136.508,35.375],[136.489,35.368],[136.464,35.395],[136.47,35.415],[136.517,35.437]]]]}},{"type":"Feature","properties":{"code":"2136200","name":"岐阜県関ケ原町"},"geometry":{"type":"MultiPolygon","coordinates":[[[[136.463,35.395],[136.489,35.368],[136.508,35.375],[136.504,35.359],[136.481,35.358],[136.456,35.33],[136.457,35.315],[136.426,35.307],[136.42,35.287],[136.403,35.3],[136.422,35.348],[136.41,35.355],[136.413,35.371],[136.463,35.395]]]]}},{"type":"Feature","properties":{"code":"2138100","name":"岐阜県神戸町"},"geometry":{"type":"MultiPolygon","coordinates":[[[[136.602,35.447],[136.619,35.424],[136.63,35.427],[136.641,35.388],[136.622,35.393],[136.623,35.403],[136.606,35.392],[136.584,35.406],[136.591,35.444],[136.602,35.447]]]]}},{"type":"Feature","properties":{"code":"2138200","name":"岐阜県輪之内町"},"geometry":{"type":"MultiPolygon","coordinates":[[[[136.642,35.312],[136.664,35.308],[136.672,35.292],[136.653,35.288],[136.654,35.273],[136.627,35.265],[136.625,35.253],[136.613,35.257],[136.606,35.29],[136.642,35.312]]]]}},{"type":"Feature","properties":{"code":"2138300","name":"岐阜県安八町"},"geometry":{"type":"MultiPolygon","coordinates":[[[[136.658,35.381],[136.676,35.363],[136.672,35.347],[136.689,35.338],[136.665,35.308],[136.651,35.308],[136.638,35.332],[136.656,35.34],[136.658,35.381]]]]}},{"type":"Feature","properties":{"code":"2140100","name":"岐阜県揖斐川町"},"geometry":{"type":"MultiPolygon","coordinates":[[[[136.379,35.794],[136.433,35.775],[136.485,35.777],[136.504,35.751],[136.513,35.762],[136.529,35.752],[136.537,35.693],[136.516,35.673],[136.56,35.628],[136.564,35.587],[136.638,35.575],[136.647,35.553],[136.633,35.548],[136.653,35.51],[136.594,35.488],[136.608,35.463],[136.532,35.472],[136.517,35.438],[136.497,35.434],[136.448,35.389],[136.412,35.419],[136.426,35.449],[136.421,35.466],[136.387,35.488],[136.406,35.513],[136.4,35.53],[136.383,35.535],[136.374,35.559],[136.346,35.536],[136.336,35.55],[136.318,35.547],[136.323,35.617],[136.289,35.62],[136.276,35.652],[136.299,35.678],[136.293,35.691],[136.324,35.717],[136.328,35.775],[136.379,35.794]]]]}},{"type":"Feature","properties":{"code":"2140300","name":"岐阜県大野町"},"geometry":{"type":"MultiPolygon","coordinates":[[[[136.659,35.51],[136.656,35.48],[136.634,35.448],[136.64,35.405],[136.596,35.454],[136.608,35.466],[136.593,35.486],[136.659,35.51]]]]}},{"type":"Feature","properties":{"code":"2140400","name":"岐阜県池田町"},"geometry":{"type":"MultiPolygon","coordinates":[[[[136.57,35.469],[136.601,35.448],[136.585,35.43],[136.585,35.409],[136.526,35.418],[136.516,35.439],[136.532,35.472],[136.57,35.469]]]]}},{"type":"Feature","properties":{"code":"2142100","name":"岐阜県北方町"},"geometry":{"type":"MultiPolygon","coordinates":[[[[136.699,35.442],[136.699,35.422],[136.682,35.414],[136.677,35.44],[136.699,35.442]]]]}},{"type":"Feature","properties":{"code":"2150100","name":"岐阜県坂祝町"},"geometry":{"type":"MultiPolygon","coordinates":[[[[136.992,35.448],[137.006,35.425],[136.951,35.416],[136.959,35.446],[136.992,35.448]]]]}},{"type":"Feature","properties":{"code":"2150200","name":"岐阜県富加町"},"geometry":{"type":"MultiPolygon","coordinates":[[[[136.984,35.511],[137.012,35.487],[136.957,35.471],[136.964,35.484],[136.949,35.507],[136.984,35.511]]]]}},{"type":"Feature","properties":{"code":"2150300","name":"岐阜県川辺町"},"geometry":{"type":"MultiPolygon","coordinates":[[[[137.106,35.549],[137.107,35.519],[137.13,35.515],[137.131,35.504],[137.086,35.489],[137.087,35.469],[137.068,35.479],[137.051,35.461],[137.051,35.489],[137.037,35.496],[137.072,35.53],[137.059,35.554],[137.106,35.549]]]]}},{"type":"Feature","properties":{"code":"2150400","name":"岐阜県七宗町"},"geometry":{"type":"MultiPolygon","coordinates":[[[[137.087,35.632],[137.14,35.624],[137.138,35.609],[137.156,35.614],[137.142,35.595],[137.177,35.571],[137.184,35.552],[137.162,35.534],[137.155,35.543],[137.138,35.536],[137.124,35.517],[137.107,35.518],[137.099,35.554],[137.095,35.545],[137.045,35.549],[137.073,35.573],[137.054,35.593],[137.062,35.623],[137.087,35.632]]]]}},{"type":"Feature","properties":{"code":"2150500","name":"岐阜県八百津町"},"geometry":{"type":"MultiPolygon","coordinates":[[[[137.201,35.555],[137.207,35.545],[137.226,35.553],[137.287,35.508],[137.251,35.464],[137.237,35.457],[137.23,35.473],[137.191,35.474],[137.16,35.453],[137.117,35.453],[137.104,35.465],[137.076,35.45],[137.092,35.473],[137.084,35.488],[137.131,35.504],[137.123,35.516],[137.139,35.537],[137.154,35.544],[137.162,35.534],[137.167,35.548],[137.201,35.555]]]]}},{"type":"Feature","properties":{"code":"2150600","name":"岐阜県白川町"},"geometry":{"type":"MultiPolygon","coordinates":[[[[137.334,35.709],[137.344,35.696],[137.258,35.632],[137.26,35.617],[137.283,35.598],[137.333,35.622],[137.39,35.61],[137.394,35.562],[137.344,35.562],[137.322,35.535],[137.268,35.528],[137.226,35.553],[137.207,35.545],[137.186,35.553],[137.14,35.598],[137.158,35.612],[137.136,35.611],[137.143,35.632],[137.188,35.648],[137.205,35.677],[137.244,35.675],[137.267,35.698],[137.285,35.691],[137.334,35.709]]]]}},{"type":"Feature","properties":{"code":"2150700","name":"岐阜県東白川村"},"geometry":{"type":"MultiPolygon","coordinates":[[[[137.354,35.695],[137.409,35.658],[137.401,35.647],[137.413,35.627],[137.402,35.613],[137.333,35.622],[137.283,35.598],[137.263,35.609],[137.258,35.633],[137.321,35.686],[137.354,35.695]]]]}},{"type":"Feature","properties":{"code":"2152100","name":"岐阜県御嵩町"},"geometry":{"type":"MultiPolygon","coordinates":[[[[137.203,35.454],[137.206,35.425],[137.18,35.392],[137.11,35.416],[137.098,35.438],[137.071,35.429],[137.092,35.453],[137.159,35.453],[137.183,35.473],[137.202,35.47],[137.203,35.454]]]]}},{"type":"Feature","properties":{"code":"2160400","name":"岐阜県白川村"},"geometry":{"type":"MultiPolygon","coordinates":[[[[136.871,36.368],[136.874,36.344],[136.908,36.36],[136.946,36.346],[136.972,36.314],[136.958,36.279],[136.976,36.274],[136.954,36.244],[136.933,36.144],[136.955,36.119],[136.933,36.113],[136.924,36.094],[136.896,36.106],[136.784,36.099],[136.765,36.106],[136.78,36.141],[136.766,36.162],[136.798,36.172],[136.851,36.247],[136.834,36.266],[136.816,36.266],[136.792,36.299],[136.832,36.307],[136.838,36.347],[136.865,36.35],[136.871,36.368]]]]}},{"type":"Feature","properties":{"code":"2210002","name":"気象庁予報警報規程別表第四の二に示す「静岡市北部」の区域"},"geometry":{"type":"MultiPolygon","coordinates":[[[[138.399,35.132],[138.372,35.131],[138.375,35.122],[138.333,35.088],[138.279,35.091],[138.286,35.059],[138.269,35.03],[138.251,35.03],[138.247,35.012],[138.189,35.015],[138.209,35.071],[138.189,35.094],[138.184,35.136],[138.231,35.16],[138.24,35.176],[138.215,35.204],[138.194,35.187],[138.183,35.194],[138.185,35.216],[138.202,35.23],[138.196,35.248],[138.178,35.26],[138.145,35.257],[138.137,35.284],[138.083,35.325],[138.095,35.352],[138.14,35.369],[138.153,35.395],[138.135,35.409],[138.139,35.423],[138.12,35.43],[138.122,35.456],[138.16,35.467],[138.164,35.493],[138.14,35.501],[138.138,35.522],[138.159,35.545],[138.142,35.555],[138.163,35.581],[138.189,35.577],[138.204,35.632],[138.221,35.645],[138.232,35.641],[138.241,35.575],[138.268,35.515],[138.244,35.459],[138.258,35.408],[138.232,35.372],[138.251,35.363],[138.255,35.32],[138.281,35.305],[138.328,35.328],[138.367,35.31],[138.367,35.271],[138.399,35.201],[138.399,35.132]]]]}},{"type":"Feature","properties":{"code":"2210001","name":"気象庁予報警報規程別表第四の二に示す「静岡市南部」の区域"},"geometry":{"type":"MultiPolygon","coordinates":[[[[138.408,35.203],[138.432,35.18],[138.491,35.168],[138.521,35.199],[138.54,35.152],[138.558,35.159],[138.611,35.13],[138.63,35.134],[138.638,35.117],[138.557,35.102],[138.524,35.043],[138.493,35.03],[138.503,34.986],[138.512,34.994],[138.504,35.015],[138.533,35.015],[138.521,34.989],[138.367,34.924],[138.347,34.899],[138.294,34.938],[138.26,34.992],[138.216,35.004],[138.216,35.013],[138.242,35.01],[138.251,35.03],[138.269,35.03],[138.286,35.059],[138.279,35.091],[138.333,35.088],[138.375,35.122],[138.372,35.131],[138.398,35.132],[138.399,35.199],[138.408,35.203]]]]}},{"type":"Feature","properties":{"code":"2213001","name":"気象庁予報警報規程別表第四の二に示す「浜松市南部」の区域"},"geometry":{"type":"MultiPolygon","coordinates":[[[[137.699,34.971],[137.717,34.908],[137.745,34.9],[137.77,34.857],[137.802,34.855],[137.807,34.841],[137.811,34.855],[137.824,34.854],[137.828,34.786],[137.787,34.669],[137.796,34.646],[137.599,34.675],[137.548,34.769],[137.511,34.772],[137.493,34.787],[137.487,34.811],[137.5,34.832],[137.59,34.853],[137.598,34.873],[137.641,34.893],[137.659,34.944],[137.699,34.971]]]]}},{"type":"Feature","properties":{"code":"2213002","name":"気象庁予報警報規程別表第四の二に示す「浜松市北部」の区域"},"geometry":{"type":"MultiPolygon","coordinates":[[[[138.009,35.304],[138.018,35.295],[138.001,35.261],[138.036,35.228],[138.036,35.212],[138.0,35.164],[137.999,35.147],[138.011,35.128],[138.035,35.126],[138.059,35.105],[138.039,35.068],[138.047,35.039],[138.014,35.023],[138.035,34.998],[138.002,34.964],[137.98,34.966],[137.909,34.929],[137.903,34.918],[137.918,34.892],[137.811,34.855],[137.809,34.841],[137.801,34.855],[137.782,34.849],[137.75,34.879],[137.745,34.9],[137.717,34.908],[137.702,34.932],[137.705,35.015],[137.775,35.077],[137.779,35.1],[137.801,35.105],[137.793,35.135],[137.806,35.131],[137.815,35.153],[137.829,35.153],[137.804,35.185],[137.828,35.212],[137.874,35.219],[137.896,35.258],[137.919,35.254],[137.93,35.276],[138.009,35.304]]]]}},{"type":"Feature","properties":{"code":"2220300","name":"静岡県沼津市"},"geometry":{"type":"MultiPolygon","coordinates":[[[[138.821,35.21],[138.891,35.135],[138.889,35.079],[138.924,35.075],[138.907,35.06],[138.907,35.008],[138.837,34.973],[138.838,34.944],[138.777,34.939],[138.762,34.973],[138.777,34.971],[138.769,34.984],[138.787,35.03],[138.846,35.014],[138.877,35.027],[138.891,35.017],[138.906,35.048],[138.886,35.047],[138.827,35.107],[138.753,35.132],[138.771,35.144],[138.771,35.188],[138.812,35.219],[138.821,35.21]]]]}},{"type":"Feature","properties":{"code":"2220500","name":"静岡県熱海市"},"geometry":{"type":"MultiPolygon","coordinates":[[[[139.042,35.15],[139.111,35.142],[139.077,35.098],[139.069,35.054],[139.097,35.048],[139.098,35.033],[139.072,35.025],[139.037,35.036],[139.028,35.082],[139.045,35.124],[139.03,35.147],[139.042,35.15]]]]}},{"type":"Feature","properties":{"code":"2220600","name":"静岡県三島市"},"geometry":{"type":"MultiPolygon","coordinates":[[[[139.002,35.19],[139.013,35.182],[139.004,35.161],[138.946,35.09],[138.922,35.076],[138.909,35.082],[138.909,35.157],[138.923,35.171],[139.002,35.19]]]]}},{"type":"Feature","properties":{"code":"2220700","name":"静岡県富士宮市"},"geometry":{"type":"MultiPolygon","coordinates":[[[[138.585,35.441],[138.609,35.394],[138.663,35.398],[138.68,35.358],[138.73,35.363],[138.742,35.329],[138.717,35.275],[138.659,35.241],[138.665,35.211],[138.646,35.217],[138.632,35.205],[138.644,35.184],[138.631,35.192],[138.616,35.18],[138.577,35.196],[138.559,35.185],[138.556,35.155],[138.54,35.152],[138.519,35.183],[138.533,35.2],[138.532,35.225],[138.514,35.262],[138.522,35.283],[138.512,35.313],[138.535,35.332],[138.532,35.41],[138.585,35.441]]]]}},{"type":"Feature","properties":{"code":"2220800","name":"静岡県伊東市"},"geometry":{"type":"MultiPolygon","coordinates":[[[[139.098,35.031],[139.1,35.009],[139.083,35.0],[139.098,34.974],[139.147,34.954],[139.148,34.931],[139.13,34.878],[139.073,34.852],[139.035,34.884],[139.058,34.909],[139.044,34.939],[139.069,34.983],[139.038,34.991],[139.039,35.005],[139.052,35.031],[139.098,35.031]]]]}},{"type":"Feature","properties":{"code":"2220900","name":"静岡県島田市"},"geometry":{"type":"MultiPolygon","coordinates":[[[[138.184,35.064],[138.199,35.05],[138.189,35.001],[138.161,34.964],[138.153,34.922],[138.199,34.88],[138.221,34.845],[138.213,34.838],[138.233,34.84],[138.218,34.825],[138.251,34.803],[138.234,34.802],[138.23,34.786],[138.159,34.801],[138.147,34.791],[138.13,34.807],[138.123,34.793],[138.1,34.812],[138.094,34.839],[138.047,34.86],[138.057,34.907],[138.013,34.942],[138.02,34.988],[138.055,35.001],[138.072,34.996],[138.084,34.973],[138.103,34.977],[138.15,35.062],[138.161,35.046],[138.184,35.064]]]]}},{"type":"Feature","properties":{"code":"2221000","name":"静岡県富士市"},"geometry":{"type":"MultiPolygon","coordinates":[[[[138.759,35.296],[138.796,35.228],[138.812,35.221],[138.771,35.188],[138.763,35.167],[138.778,35.164],[138.766,35.139],[138.685,35.144],[138.698,35.135],[138.64,35.117],[138.63,35.133],[138.612,35.129],[138.559,35.156],[138.558,35.185],[138.576,35.196],[138.615,35.18],[138.632,35.193],[138.645,35.185],[138.631,35.206],[138.647,35.217],[138.664,35.211],[138.66,35.242],[138.717,35.275],[138.728,35.294],[138.742,35.329],[138.732,35.358],[138.759,35.296]]]]}},{"type":"Feature","properties":{"code":"2221100","name":"静岡県磐田市"},"geometry":{"type":"MultiPolygon","coordinates":[[[[137.909,34.891],[137.88,34.855],[137.869,34.817],[137.85,34.809],[137.864,34.779],[137.889,34.769],[137.886,34.751],[137.902,34.736],[137.894,34.694],[137.911,34.69],[137.911,34.664],[137.79,34.65],[137.829,34.789],[137.823,34.856],[137.909,34.891]]]]}},{"type":"Feature","properties":{"code":"2221200","name":"静岡県焼津市"},"geometry":{"type":"MultiPolygon","coordinates":[[[[138.329,34.919],[138.348,34.896],[138.324,34.869],[138.338,34.828],[138.301,34.779],[138.289,34.781],[138.305,34.778],[138.294,34.768],[138.237,34.816],[138.283,34.828],[138.278,34.868],[138.296,34.878],[138.293,34.897],[138.329,34.919]]]]}},{"type":"Feature","properties":{"code":"2221300","name":"静岡県掛川市"},"geometry":{"type":"MultiPolygon","coordinates":[[[[138.04,34.92],[138.057,34.907],[138.048,34.859],[138.094,34.839],[138.102,34.817],[138.054,34.77],[138.062,34.746],[138.044,34.737],[138.079,34.702],[138.067,34.695],[138.07,34.677],[138.086,34.675],[138.078,34.642],[137.97,34.665],[137.953,34.687],[137.985,34.709],[137.978,34.722],[138.01,34.737],[137.958,34.756],[137.962,34.766],[137.937,34.791],[137.963,34.863],[138.011,34.914],[138.04,34.92]]]]}},{"type":"Feature","properties":{"code":"2221400","name":"静岡県藤枝市"},"geometry":{"type":"MultiPolygon","coordinates":[[[[138.215,35.015],[138.215,35.004],[138.26,34.992],[138.294,34.938],[138.327,34.914],[138.293,34.895],[138.294,34.876],[138.276,34.865],[138.284,34.844],[138.275,34.822],[138.219,34.825],[138.233,34.84],[138.213,34.839],[138.22,34.846],[138.199,34.881],[138.166,34.899],[138.152,34.922],[138.161,34.964],[138.189,35.0],[138.185,35.014],[138.215,35.015]]]]}},{"type":"Feature","properties":{"code":"2221500","name":"静岡県御殿場市"},"geometry":{"type":"MultiPolygon","coordinates":[[[[138.894,35.354],[138.904,35.353],[138.893,35.346],[138.971,35.33],[138.965,35.312],[138.993,35.285],[138.975,35.263],[138.976,35.236],[138.922,35.215],[138.897,35.234],[138.874,35.28],[138.808,35.267],[138.732,35.359],[138.855,35.348],[138.884,35.333],[138.887,35.361],[138.894,35.354]]]]}},{"type":"Feature","properties":{"code":"2221600","name":"静岡県袋井市"},"geometry":{"type":"MultiPolygon","coordinates":[[[[137.876,34.816],[137.891,34.811],[137.884,34.785],[137.921,34.797],[137.941,34.821],[137.938,34.791],[137.963,34.765],[137.957,34.756],[138.01,34.737],[137.978,34.722],[137.985,34.71],[137.953,34.687],[137.969,34.665],[137.911,34.668],[137.911,34.691],[137.895,34.695],[137.901,34.738],[137.886,34.751],[137.887,34.774],[137.865,34.778],[137.851,34.806],[137.876,34.816]]]]}},{"type":"Feature","properties":{"code":"2221900","name":"静岡県下田市"},"geometry":{"type":"MultiPolygon","coordinates":[[[[138.907,34.773],[138.944,34.767],[138.94,34.753],[138.958,34.745],[138.965,34.723],[138.993,34.718],[138.973,34.691],[138.987,34.659],[138.958,34.653],[138.964,34.673],[138.949,34.674],[138.905,34.63],[138.891,34.649],[138.903,34.67],[138.884,34.68],[138.892,34.699],[138.846,34.715],[138.907,34.773]]]]}},{"type":"Feature","properties":{"code":"2222000","name":"静岡県裾野市"},"geometry":{"type":"MultiPolygon","coordinates":[[[[138.78,35.299],[138.812,35.264],[138.875,35.279],[138.897,35.234],[138.922,35.215],[138.977,35.235],[139.001,35.191],[138.924,35.171],[138.899,35.151],[138.902,35.16],[138.863,35.196],[138.795,35.228],[138.751,35.331],[138.78,35.299]]]]}},{"type":"Feature","properties":{"code":"2222100","name":"静岡県湖西市"},"geometry":{"type":"MultiPolygon","coordinates":[[[[137.512,34.771],[137.547,34.77],[137.598,34.678],[137.485,34.674],[137.492,34.702],[137.474,34.75],[137.478,34.775],[137.492,34.787],[137.512,34.771]]]]}},{"type":"Feature","properties":{"code":"2222200","name":"静岡県伊豆市"},"geometry":{"type":"MultiPolygon","coordinates":[[[[139.034,35.016],[139.047,35.013],[139.038,34.991],[139.068,34.978],[139.045,34.94],[139.057,34.91],[139.021,34.861],[138.978,34.858],[138.961,34.85],[138.962,34.838],[138.922,34.827],[138.84,34.866],[138.831,34.883],[138.779,34.871],[138.779,34.86],[138.753,34.868],[138.757,34.886],[138.79,34.908],[138.776,34.939],[138.839,34.945],[138.837,34.973],[138.891,35.004],[138.908,35.008],[138.916,34.991],[138.924,35.001],[138.94,34.99],[138.995,35.013],[139.024,35.004],[139.034,35.016]]]]}},{"type":"Feature","properties":{"code":"2222300","name":"静岡県御前崎市"},"geometry":{"type":"MultiPolygon","coordinates":[[[[138.155,34.693],[138.183,34.667],[138.17,34.624],[138.21,34.62],[138.234,34.605],[138.23,34.597],[138.079,34.642],[138.083,34.66],[138.102,34.658],[138.125,34.695],[138.155,34.693]]]]}},{"type":"Feature","properties":{"code":"2222400","name":"静岡県菊川市"},"geometry":{"type":"MultiPolygon","coordinates":[[[[138.11,34.811],[138.122,34.793],[138.13,34.807],[138.139,34.794],[138.132,34.752],[138.146,34.699],[138.114,34.686],[138.101,34.658],[138.085,34.661],[138.086,34.677],[138.069,34.677],[138.079,34.702],[138.044,34.736],[138.061,34.745],[138.054,34.769],[138.11,34.811]]]]}},{"type":"Feature","properties":{"code":"2222500","name":"静岡県伊豆の国市"},"geometry":{"type":"MultiPolygon","coordinates":[[[[138.994,35.082],[139.029,35.08],[139.047,35.015],[139.024,35.004],[138.996,35.013],[138.941,34.99],[138.909,34.997],[138.907,35.06],[138.994,35.082]]]]}},{"type":"Feature","properties":{"code":"2222600","name":"静岡県牧之原市"},"geometry":{"type":"MultiPolygon","coordinates":[[[[138.162,34.801],[138.224,34.786],[138.252,34.758],[138.196,34.665],[138.205,34.62],[138.171,34.624],[138.183,34.666],[138.146,34.698],[138.132,34.751],[138.139,34.793],[138.162,34.801]]]]}},{"type":"Feature","properties":{"code":"2230100","name":"静岡県東伊豆町"},"geometry":{"type":"MultiPolygon","coordinates":[[[[139.04,34.88],[139.083,34.853],[139.077,34.819],[139.042,34.774],[139.048,34.768],[139.026,34.764],[138.962,34.851],[139.02,34.86],[139.04,34.88]]]]}},{"type":"Feature","properties":{"code":"2230200","name":"静岡県河津町"},"geometry":{"type":"MultiPolygon","coordinates":[[[[138.971,34.837],[139.026,34.764],[139.0,34.746],[138.991,34.718],[138.965,34.723],[138.959,34.745],[138.941,34.752],[138.944,34.767],[138.876,34.783],[138.891,34.835],[138.921,34.827],[138.971,34.837]]]]}},{"type":"Feature","properties":{"code":"2230400","name":"静岡県南伊豆町"},"geometry":{"type":"MultiPolygon","coordinates":[[[[138.777,34.716],[138.812,34.702],[138.845,34.709],[138.892,34.7],[138.884,34.68],[138.903,34.67],[138.891,34.65],[138.904,34.63],[138.892,34.635],[138.843,34.601],[138.809,34.628],[138.795,34.622],[138.772,34.649],[138.79,34.669],[138.74,34.69],[138.742,34.702],[138.777,34.716]]]]}},{"type":"Feature","properties":{"code":"2230500","name":"静岡県松崎町"},"geometry":{"type":"MultiPolygon","coordinates":[[[[138.848,34.801],[138.849,34.782],[138.875,34.789],[138.897,34.772],[138.888,34.75],[138.858,34.735],[138.852,34.708],[138.811,34.702],[138.777,34.716],[138.741,34.7],[138.739,34.727],[138.761,34.739],[138.755,34.747],[138.848,34.801]]]]}},{"type":"Feature","properties":{"code":"2230600","name":"静岡県西伊豆町"},"geometry":{"type":"MultiPolygon","coordinates":[[[[138.832,34.882],[138.843,34.863],[138.892,34.841],[138.883,34.796],[138.85,34.783],[138.85,34.8],[138.836,34.8],[138.84,34.789],[138.776,34.763],[138.753,34.8],[138.766,34.808],[138.752,34.823],[138.768,34.822],[138.76,34.843],[138.775,34.85],[138.768,34.86],[138.779,34.871],[138.832,34.882]]]]}},{"type":"Feature","properties":{"code":"2232500","name":"静岡県函南町"},"geometry":{"type":"MultiPolygon","coordinates":[[[[139.019,35.182],[139.044,35.125],[139.033,35.084],[138.913,35.062],[139.019,35.182]]]]}},{"type":"Feature","properties":{"code":"2234100","name":"静岡県清水町"},"geometry":{"type":"MultiPolygon","coordinates":[[[[138.906,35.119],[138.915,35.093],[138.891,35.077],[138.888,35.116],[138.906,35.119]]]]}},{"type":"Feature","properties":{"code":"2234200","name":"静岡県長泉町"},"geometry":{"type":"MultiPolygon","coordinates":[[[[138.816,35.22],[138.901,35.161],[138.904,35.119],[138.887,35.114],[138.891,35.135],[138.865,35.152],[138.816,35.22]]]]}},{"type":"Feature","properties":{"code":"2234400","name":"静岡県小山町"},"geometry":{"type":"MultiPolygon","coordinates":[[[[138.972,35.405],[139.0,35.402],[139.013,35.359],[139.019,35.328],[138.993,35.285],[138.965,35.311],[138.971,35.329],[138.891,35.347],[138.905,35.354],[138.888,35.361],[138.883,35.333],[138.853,35.348],[138.731,35.362],[138.822,35.374],[138.85,35.39],[138.874,35.379],[138.915,35.4],[138.972,35.405]]]]}},{"type":"Feature","properties":{"code":"2242400","name":"静岡県吉田町"},"geometry":{"type":"MultiPolygon","coordinates":[[[[138.254,34.8],[138.294,34.768],[138.246,34.741],[138.251,34.76],[138.224,34.786],[138.24,34.792],[138.235,34.803],[138.254,34.8]]]]}},{"type":"Feature","properties":{"code":"2242900","name":"静岡県川根本町"},"geometry":{"type":"MultiPolygon","coordinates":[[[[138.071,35.347],[138.087,35.338],[138.084,35.324],[138.098,35.305],[138.137,35.284],[138.145,35.257],[138.178,35.26],[138.203,35.24],[138.184,35.217],[138.183,35.193],[138.198,35.189],[138.215,35.204],[138.239,35.178],[138.231,35.16],[138.184,35.136],[138.188,35.095],[138.209,35.072],[138.2,35.05],[138.175,35.063],[138.161,35.047],[138.15,35.061],[138.12,35.001],[138.089,34.972],[138.072,34.997],[138.036,34.999],[138.014,35.022],[138.047,35.039],[138.039,35.068],[138.059,35.105],[138.028,35.129],[138.011,35.128],[137.999,35.155],[138.036,35.211],[138.036,35.227],[138.001,35.264],[138.026,35.32],[138.071,35.347]]]]}},{"type":"Feature","properties":{"code":"2246100","name":"静岡県森町"},"geometry":{"type":"MultiPolygon","coordinates":[[[[138.01,34.974],[138.013,34.94],[138.044,34.922],[138.011,34.914],[137.921,34.798],[137.885,34.785],[137.891,34.811],[137.874,34.818],[137.873,34.837],[137.921,34.897],[137.904,34.917],[137.908,34.929],[138.01,34.974]]]]}},{"type":"Feature","properties":{"code":"2310000","name":"愛知県名古屋市"},"geometry":{"type":"MultiPolygon","coordinates":[[[[137.052,35.259],[137.06,35.247],[137.019,35.231],[137.002,35.21],[137.013,35.195],[137.031,35.194],[137.018,35.188],[137.023,35.14],[137.0,35.13],[137.021,35.109],[137.021,35.091],[136.975,35.063],[136.971,35.043],[136.932,35.05],[136.913,35.068],[136.884,35.068],[136.896,35.077],[136.89,35.093],[136.868,35.088],[136.863,35.07],[136.855,35.078],[136.858,35.059],[136.847,35.057],[136.847,35.083],[136.825,35.08],[136.799,35.097],[136.804,35.165],[136.836,35.158],[136.879,35.207],[136.861,35.208],[136.857,35.231],[136.875,35.225],[136.93,35.244],[136.936,35.217],[136.97,35.217],[137.013,35.251],[137.052,35.259]]]]}},{"type":"Feature","properties":{"code":"2320100","name":"愛知県豊橋市"},"geometry":{"type":"MultiPolygon","coordinates":[[[[137.473,34.861],[137.501,34.824],[137.487,34.811],[137.493,34.787],[137.477,34.775],[137.492,34.703],[137.484,34.674],[137.342,34.648],[137.337,34.663],[137.307,34.664],[137.309,34.693],[137.325,34.701],[137.309,34.702],[137.309,34.725],[137.352,34.727],[137.321,34.733],[137.321,34.771],[137.331,34.781],[137.306,34.784],[137.331,34.797],[137.34,34.786],[137.35,34.793],[137.349,34.784],[137.386,34.801],[137.408,34.791],[137.404,34.804],[137.443,34.824],[137.424,34.842],[137.473,34.861]]]]}},{"type":"Feature","properties":{"code":"2320200","name":"愛知県岡崎市"},"geometry":{"type":"MultiPolygon","coordinates":[[[[137.215,35.039],[137.237,35.039],[137.261,35.017],[137.268,35.03],[137.345,35.009],[137.372,35.015],[137.389,34.984],[137.405,34.979],[137.391,34.966],[137.408,34.957],[137.402,34.948],[137.421,34.91],[137.394,34.883],[137.351,34.898],[137.303,34.878],[137.269,34.885],[137.256,34.86],[137.211,34.869],[137.207,34.894],[137.186,34.909],[137.168,34.906],[137.155,34.887],[137.103,34.879],[137.115,34.891],[137.105,34.912],[137.118,34.926],[137.106,34.944],[137.12,34.965],[137.109,34.975],[137.126,34.977],[137.117,34.993],[137.159,34.996],[137.161,35.027],[137.215,35.039]]]]}},{"type":"Feature","properties":{"code":"2320300","name":"愛知県一宮市"},"geometry":{"type":"MultiPolygon","coordinates":[[[[136.775,35.37],[136.834,35.356],[136.84,35.327],[136.877,35.302],[136.843,35.274],[136.852,35.267],[136.842,35.252],[136.826,35.276],[136.74,35.258],[136.705,35.276],[136.775,35.37]]]]}},{"type":"Feature","properties":{"code":"2320400","name":"愛知県瀬戸市"},"geometry":{"type":"MultiPolygon","coordinates":[[[[137.108,35.3],[137.145,35.28],[137.165,35.283],[137.188,35.253],[137.168,35.205],[137.126,35.182],[137.092,35.18],[137.05,35.194],[137.067,35.213],[137.051,35.26],[137.108,35.3]]]]}},{"type":"Feature","properties":{"code":"2320500","name":"愛知県半田市"},"geometry":{"type":"MultiPolygon","coordinates":[[[[136.945,34.942],[136.975,34.931],[136.963,34.874],[136.936,34.878],[136.941,34.863],[136.876,34.878],[136.87,34.91],[136.938,34.912],[136.945,34.942]]]]}},{"type":"Feature","properties":{"code":"2320600","name":"愛知県春日井市"},"geometry":{"type":"MultiPolygon","coordinates":[[[[137.047,35.337],[137.068,35.335],[137.067,35.31],[137.098,35.289],[137.068,35.263],[136.992,35.24],[136.972,35.218],[136.928,35.225],[136.931,35.272],[136.946,35.278],[136.943,35.287],[137.012,35.285],[137.019,35.32],[137.047,35.337]]]]}},{"type":"Feature","properties":{"code":"2320700","name":"愛知県豊川市"},"geometry":{"type":"MultiPolygon","coordinates":[[[[137.422,34.908],[137.456,34.88],[137.461,34.857],[137.423,34.841],[137.442,34.823],[137.403,34.803],[137.409,34.791],[137.385,34.8],[137.349,34.784],[137.329,34.797],[137.306,34.784],[137.317,34.798],[137.289,34.824],[137.302,34.826],[137.258,34.851],[137.266,34.884],[137.303,34.878],[137.35,34.898],[137.361,34.886],[137.377,34.893],[137.396,34.884],[137.403,34.903],[137.422,34.908]]]]}},{"type":"Feature","properties":{"code":"2320800","name":"愛知県津島市"},"geometry":{"type":"MultiPolygon","coordinates":[[[[136.764,35.2],[136.787,35.168],[136.763,35.133],[136.737,35.164],[136.71,35.164],[136.707,35.181],[136.731,35.19],[136.75,35.177],[136.764,35.2]]]]}},{"type":"Feature","properties":{"code":"2320900","name":"愛知県碧南市"},"geometry":{"type":"MultiPolygon","coordinates":[[[[137.032,34.92],[137.015,34.897],[137.04,34.888],[137.002,34.868],[136.965,34.823],[136.954,34.848],[136.976,34.874],[136.978,34.907],[137.031,34.936],[137.032,34.92]]]]}},{"type":"Feature","properties":{"code":"2321000","name":"愛知県刈谷市"},"geometry":{"type":"MultiPolygon","coordinates":[[[[137.045,35.068],[137.068,35.058],[137.031,35.008],[137.018,35.006],[137.021,34.987],[137.045,34.981],[137.047,34.961],[137.011,34.948],[136.983,34.957],[136.991,35.022],[137.045,35.068]]]]}},{"type":"Feature","properties":{"code":"2321102","name":"気象庁予報警報規程別表第四の二に示す「豊田市東部」の区域"},"geometry":{"type":"MultiPolygon","coordinates":[[[[137.268,35.03],[137.271,35.05],[137.303,35.068],[137.237,35.095],[137.241,35.106],[137.286,35.124],[137.242,35.16],[137.28,35.198],[137.314,35.204],[137.34,35.227],[137.336,35.26],[137.383,35.26],[137.387,35.241],[137.418,35.24],[137.43,35.223],[137.505,35.263],[137.521,35.284],[137.567,35.29],[137.546,35.253],[137.579,35.219],[137.581,35.19],[137.538,35.191],[137.519,35.178],[137.5,35.185],[137.503,35.197],[137.487,35.193],[137.463,35.161],[137.474,35.146],[137.444,35.136],[137.445,35.112],[137.43,35.104],[137.446,35.072],[137.43,35.051],[137.426,35.009],[137.408,35.013],[137.385,34.991],[137.371,35.015],[137.346,35.009],[137.268,35.03]]]]}},{"type":"Feature","properties":{"code":"2321200","name":"愛知県安城市"},"geometry":{"type":"MultiPolygon","coordinates":[[[[137.086,35.011],[137.11,35.004],[137.127,34.977],[137.108,34.975],[137.119,34.965],[137.107,34.938],[137.119,34.927],[137.107,34.903],[137.066,34.889],[137.064,34.913],[137.036,34.89],[137.016,34.895],[137.036,34.925],[137.011,34.947],[137.032,34.962],[137.045,34.958],[137.044,34.981],[137.072,34.986],[137.086,35.011]]]]}},{"type":"Feature","properties":{"code":"2321300","name":"愛知県西尾市"},"geometry":{"type":"MultiPolygon","coordinates":[[[[137.065,34.913],[137.065,34.889],[137.109,34.904],[137.115,34.891],[137.104,34.879],[137.137,34.891],[137.133,34.87],[137.107,34.864],[137.126,34.863],[137.115,34.86],[137.122,34.846],[137.109,34.855],[137.114,34.844],[137.102,34.843],[137.125,34.844],[137.157,34.824],[137.171,34.812],[137.168,34.785],[137.106,34.791],[137.092,34.776],[137.075,34.787],[137.032,34.775],[136.999,34.815],[136.971,34.821],[137.002,34.868],[137.065,34.913]]]]}},{"type":"Feature","properties":{"code":"2321400","name":"愛知県蒲郡市"},"geometry":{"type":"MultiPolygon","coordinates":[[[[137.226,34.87],[137.256,34.861],[137.274,34.834],[137.295,34.833],[137.298,34.812],[137.273,34.802],[137.217,34.823],[137.215,34.805],[137.195,34.81],[137.189,34.776],[137.169,34.766],[137.178,34.778],[137.165,34.816],[137.199,34.825],[137.194,34.849],[137.226,34.87]]]]}},{"type":"Feature","properties":{"code":"2321500","name":"愛知県犬山市"},"geometry":{"type":"MultiPolygon","coordinates":[[[[136.989,35.422],[136.978,35.404],[137.003,35.381],[137.045,35.367],[137.045,35.339],[136.951,35.313],[136.95,35.323],[136.923,35.32],[136.942,35.358],[136.917,35.371],[136.921,35.379],[136.961,35.399],[136.964,35.42],[136.989,35.422]]]]}},{"type":"Feature","properties":{"code":"2321600","name":"愛知県常滑市"},"geometry":{"type":"MultiPolygon","coordinates":[[[[136.806,34.878],[136.824,34.857],[136.81,34.839],[136.806,34.878]]],[[[136.879,34.942],[136.891,34.936],[136.866,34.901],[136.892,34.854],[136.882,34.851],[136.887,34.813],[136.868,34.813],[136.856,34.865],[136.822,34.884],[136.822,34.933],[136.879,34.942]]]]}},{"type":"Feature","properties":{"code":"2321700","name":"愛知県江南市"},"geometry":{"type":"MultiPolygon","coordinates":[[[[136.895,35.375],[136.9,35.341],[136.882,35.3],[136.84,35.327],[136.842,35.345],[136.832,35.346],[136.865,35.373],[136.895,35.375]]]]}},{"type":"Feature","properties":{"code":"2321900","name":"愛知県小牧市"},"geometry":{"type":"MultiPolygon","coordinates":[[[[137.045,35.337],[137.019,35.321],[137.013,35.285],[136.943,35.287],[136.931,35.256],[136.881,35.265],[136.885,35.304],[136.915,35.326],[136.95,35.323],[136.95,35.313],[137.045,35.337]]]]}},{"type":"Feature","properties":{"code":"2322000","name":"愛知県稲沢市"},"geometry":{"type":"MultiPolygon","coordinates":[[[[136.825,35.276],[136.839,35.229],[136.824,35.215],[136.736,35.194],[136.723,35.201],[136.732,35.219],[136.718,35.221],[136.721,35.235],[136.68,35.228],[136.679,35.244],[136.704,35.275],[136.74,35.258],[136.825,35.276]]]]}},{"type":"Feature","properties":{"code":"2322100","name":"愛知県新城市"},"geometry":{"type":"MultiPolygon","coordinates":[[[[137.449,35.073],[137.452,35.054],[137.501,35.066],[137.509,35.04],[137.58,35.06],[137.604,35.016],[137.621,35.021],[137.638,35.064],[137.701,35.03],[137.707,34.972],[137.659,34.944],[137.641,34.893],[137.597,34.872],[137.587,34.85],[137.552,34.852],[137.496,34.827],[137.482,34.856],[137.453,34.862],[137.456,34.879],[137.423,34.904],[137.402,34.948],[137.408,34.957],[137.391,34.965],[137.406,34.979],[137.384,34.989],[137.407,35.012],[137.426,35.009],[137.43,35.052],[137.449,35.073]]]]}},{"type":"Feature","properties":{"code":"2322200","name":"愛知県東海市"},"geometry":{"type":"MultiPolygon","coordinates":[[[[136.902,35.069],[136.924,35.064],[136.94,35.016],[136.916,35.01],[136.923,34.976],[136.914,34.97],[136.888,35.003],[136.853,35.015],[136.87,35.042],[136.889,35.042],[136.879,35.047],[136.885,35.067],[136.902,35.069]]]]}},{"type":"Feature","properties":{"code":"2322300","name":"愛知県大府市"},"geometry":{"type":"MultiPolygon","coordinates":[[[[136.939,35.053],[136.962,35.04],[136.975,35.048],[137.002,35.027],[136.98,35.002],[136.951,34.999],[136.924,34.976],[136.917,35.01],[136.94,35.015],[136.927,35.03],[136.939,35.053]]]]}},{"type":"Feature","properties":{"code":"2322400","name":"愛知県知多市"},"geometry":{"type":"MultiPolygon","coordinates":[[[[136.858,35.009],[136.888,35.003],[136.917,34.964],[136.847,34.932],[136.826,34.939],[136.821,34.966],[136.839,34.98],[136.825,34.994],[136.837,34.987],[136.858,35.009]]]]}},{"type":"Feature","properties":{"code":"2322500","name":"愛知県知立市"},"geometry":{"type":"MultiPolygon","coordinates":[[[[137.044,35.017],[137.073,35.018],[137.085,35.006],[137.061,34.98],[137.022,34.987],[137.016,35.005],[137.044,35.017]]]]}},{"type":"Feature","properties":{"code":"2322600","name":"愛知県尾張旭市"},"geometry":{"type":"MultiPolygon","coordinates":[[[[137.008,35.207],[137.019,35.231],[137.065,35.241],[137.057,35.222],[137.068,35.214],[137.046,35.192],[137.013,35.195],[137.008,35.207]]]]}},{"type":"Feature","properties":{"code":"2322700","name":"愛知県高浜市"},"geometry":{"type":"MultiPolygon","coordinates":[[[[136.993,34.956],[137.024,34.932],[136.978,34.907],[136.984,34.956],[136.993,34.956]]]]}},{"type":"Feature","properties":{"code":"2322800","name":"愛知県岩倉市"},"geometry":{"type":"MultiPolygon","coordinates":[[[[136.879,35.301],[136.886,35.28],[136.875,35.258],[136.848,35.266],[136.843,35.275],[136.879,35.301]]]]}},{"type":"Feature","properties":{"code":"2322900","name":"愛知県豊明市"},"geometry":{"type":"MultiPolygon","coordinates":[[[[137.019,35.095],[137.043,35.063],[137.003,35.028],[136.973,35.058],[137.008,35.074],[137.019,35.095]]]]}},{"type":"Feature","properties":{"code":"2323000","name":"愛知県日進市"},"geometry":{"type":"MultiPolygon","coordinates":[[[[137.059,35.168],[137.098,35.156],[137.091,35.13],[137.02,35.11],[137.001,35.129],[137.022,35.14],[137.022,35.153],[137.059,35.168]]]]}},{"type":"Feature","properties":{"code":"2323100","name":"愛知県田原市"},"geometry":{"type":"MultiPolygon","coordinates":[[[[137.3,34.728],[137.301,34.696],[137.287,34.681],[137.307,34.681],[137.307,34.665],[137.338,34.662],[137.341,34.648],[137.142,34.59],[137.015,34.58],[137.07,34.662],[137.091,34.657],[137.086,34.647],[137.106,34.643],[137.103,34.633],[137.12,34.635],[137.14,34.645],[137.127,34.655],[137.224,34.676],[137.243,34.689],[137.233,34.699],[137.245,34.708],[137.261,34.696],[137.258,34.716],[137.3,34.728]]]]}},{"type":"Feature","properties":{"code":"2323200","name":"愛知県愛西市"},"geometry":{"type":"MultiPolygon","coordinates":[[[[136.696,35.235],[136.72,35.235],[136.717,35.222],[136.733,35.22],[136.727,35.198],[136.761,35.205],[136.75,35.177],[136.73,35.19],[136.707,35.18],[136.71,35.165],[136.732,35.167],[136.76,35.134],[136.771,35.137],[136.77,35.119],[136.758,35.117],[136.755,35.13],[136.714,35.132],[136.702,35.118],[136.676,35.129],[136.672,35.189],[136.683,35.2],[136.68,35.227],[136.696,35.235]]]]}},{"type":"Feature","properties":{"code":"2323300","name":"愛知県清須市"},"geometry":{"type":"MultiPolygon","coordinates":[[[[136.841,35.252],[136.86,35.208],[136.879,35.207],[136.848,35.181],[136.838,35.205],[136.823,35.205],[136.841,35.252]]]]}},{"type":"Feature","properties":{"code":"2323400","name":"愛知県北名古屋市"},"geometry":{"type":"MultiPolygon","coordinates":[[[[136.892,35.263],[136.901,35.236],[136.875,35.225],[136.839,35.246],[136.852,35.265],[136.892,35.263]]]]}},{"type":"Feature","properties":{"code":"2323500","name":"愛知県弥富市"},"geometry":{"type":"MultiPolygon","coordinates":[[[[136.718,35.132],[136.756,35.129],[136.758,35.118],[136.796,35.1],[136.76,35.091],[136.806,35.06],[136.8,35.029],[136.782,35.034],[136.797,35.012],[136.77,35.022],[136.75,35.08],[136.703,35.117],[136.718,35.132]]]]}},{"type":"Feature","properties":{"code":"2323600","name":"愛知県みよし市"},"geometry":{"type":"MultiPolygon","coordinates":[[[[137.097,35.145],[137.13,35.119],[137.112,35.103],[137.102,35.064],[137.072,35.056],[137.049,35.065],[137.056,35.091],[137.087,35.1],[137.085,35.127],[137.097,35.145]]]]}},{"type":"Feature","properties":{"code":"2323700","name":"愛知県あま市"},"geometry":{"type":"MultiPolygon","coordinates":[[[[136.819,35.218],[136.823,35.205],[136.838,35.204],[136.846,35.178],[136.809,35.19],[136.809,35.148],[136.786,35.151],[136.787,35.171],[136.762,35.205],[136.819,35.218]]]]}},{"type":"Feature","properties":{"code":"2323800","name":"愛知県長久手市"},"geometry":{"type":"MultiPolygon","coordinates":[[[[137.071,35.192],[137.097,35.178],[137.096,35.158],[137.059,35.169],[137.026,35.157],[137.019,35.19],[137.071,35.192]]]]}},{"type":"Feature","properties":{"code":"2330200","name":"愛知県東郷町"},"geometry":{"type":"MultiPolygon","coordinates":[[[[137.088,35.124],[137.087,35.1],[137.056,35.091],[137.043,35.068],[137.022,35.091],[137.031,35.114],[137.088,35.124]]]]}},{"type":"Feature","properties":{"code":"2334200","name":"愛知県豊山町"},"geometry":{"type":"MultiPolygon","coordinates":[[[[136.919,35.264],[136.932,35.249],[136.912,35.236],[136.902,35.255],[136.919,35.264]]]]}},{"type":"Feature","properties":{"code":"2336100","name":"愛知県大口町"},"geometry":{"type":"MultiPolygon","coordinates":[[[[136.941,35.359],[136.921,35.319],[136.914,35.326],[136.895,35.306],[136.884,35.309],[136.902,35.344],[136.941,35.359]]]]}},{"type":"Feature","properties":{"code":"2336200","name":"愛知県扶桑町"},"geometry":{"type":"MultiPolygon","coordinates":[[[[136.893,35.378],[136.921,35.379],[136.922,35.366],[136.936,35.369],[136.937,35.352],[136.894,35.343],[136.893,35.378]]]]}},{"type":"Feature","properties":{"code":"2342400","name":"愛知県大治町"},"geometry":{"type":"MultiPolygon","coordinates":[[[[136.814,35.19],[136.836,35.183],[136.836,35.158],[136.808,35.168],[136.814,35.19]]]]}},{"type":"Feature","properties":{"code":"2342500","name":"愛知県蟹江町"},"geometry":{"type":"MultiPolygon","coordinates":[[[[136.775,35.114],[136.764,35.126],[136.784,35.157],[136.801,35.147],[136.798,35.097],[136.775,35.114]]]]}},{"type":"Feature","properties":{"code":"2342700","name":"愛知県飛島村"},"geometry":{"type":"MultiPolygon","coordinates":[[[[136.831,35.049],[136.839,35.03],[136.811,35.027],[136.808,35.048],[136.831,35.049]]],[[[136.781,35.091],[136.811,35.093],[136.824,35.081],[136.819,35.064],[136.833,35.064],[136.83,35.05],[136.807,35.052],[136.758,35.091],[136.781,35.091]]]]}},{"type":"Feature","properties":{"code":"2344100","name":"愛知県阿久比町"},"geometry":{"type":"MultiPolygon","coordinates":[[[[136.918,34.963],[136.944,34.944],[136.938,34.912],[136.885,34.912],[136.892,34.939],[136.878,34.952],[136.918,34.963]]]]}},{"type":"Feature","properties":{"code":"2344200","name":"愛知県東浦町"},"geometry":{"type":"MultiPolygon","coordinates":[[[[136.972,35.0],[136.981,35.001],[136.983,34.965],[136.975,34.932],[136.914,34.97],[136.951,35.0],[136.972,35.0]]]]}},{"type":"Feature","properties":{"code":"2344500","name":"愛知県南知多町"},"geometry":{"type":"MultiPolygon","coordinates":[[[[136.89,34.765],[136.919,34.727],[136.943,34.748],[136.964,34.734],[136.975,34.698],[136.93,34.703],[136.852,34.748],[136.89,34.765]]]]}},{"type":"Feature","properties":{"code":"2344600","name":"愛知県美浜町"},"geometry":{"type":"MultiPolygon","coordinates":[[[[136.894,34.816],[136.921,34.813],[136.915,34.77],[136.941,34.748],[136.923,34.727],[136.898,34.764],[136.858,34.747],[136.84,34.766],[136.862,34.813],[136.894,34.816]]]]}},{"type":"Feature","properties":{"code":"2344700","name":"愛知県武豊町"},"geometry":{"type":"MultiPolygon","coordinates":[[[[136.877,34.878],[136.941,34.863],[136.928,34.866],[136.935,34.83],[136.922,34.829],[136.938,34.821],[136.885,34.817],[136.882,34.85],[136.892,34.854],[136.877,34.878]]]]}},{"type":"Feature","properties":{"code":"2350100","name":"愛知県幸田町"},"geometry":{"type":"MultiPolygon","coordinates":[[[[137.178,34.91],[137.208,34.893],[137.212,34.868],[137.192,34.835],[137.199,34.825],[137.164,34.815],[137.124,34.844],[137.103,34.842],[137.114,34.844],[137.108,34.855],[137.127,34.853],[137.121,34.866],[137.108,34.864],[137.133,34.871],[137.139,34.89],[137.158,34.889],[137.178,34.91]]]]}},{"type":"Feature","properties":{"code":"2356100","name":"愛知県設楽町"},"geometry":{"type":"MultiPolygon","coordinates":[[[[137.657,35.214],[137.676,35.141],[137.61,35.14],[137.606,35.104],[137.639,35.084],[137.62,35.019],[137.6,35.019],[137.579,35.059],[137.511,35.04],[137.493,35.07],[137.471,35.054],[137.449,35.057],[137.454,35.07],[137.429,35.104],[137.444,35.111],[137.444,35.137],[137.474,35.148],[137.462,35.16],[137.488,35.194],[137.502,35.197],[137.5,35.185],[137.519,35.178],[137.657,35.214]]]]}},{"type":"Feature","properties":{"code":"2356200","name":"愛知県東栄町"},"geometry":{"type":"MultiPolygon","coordinates":[[[[137.649,35.146],[137.662,35.128],[137.719,35.131],[137.766,35.114],[137.778,35.1],[137.776,35.078],[137.705,35.015],[137.701,35.03],[137.645,35.056],[137.633,35.073],[137.639,35.084],[137.606,35.104],[137.61,35.139],[137.649,35.146]]]]}},{"type":"Feature","properties":{"code":"2356300","name":"愛知県豊根村"},"geometry":{"type":"MultiPolygon","coordinates":[[[[137.686,35.231],[137.759,35.222],[137.774,35.203],[137.838,35.213],[137.803,35.184],[137.829,35.154],[137.814,35.152],[137.806,35.131],[137.793,35.135],[137.801,35.107],[137.793,35.096],[137.721,35.131],[137.66,35.13],[137.657,35.14],[137.677,35.141],[137.678,35.151],[137.654,35.225],[137.686,35.231]]]]}},{"type":"Feature","properties":{"code":"2420200","name":"三重県四日市市"},"geometry":{"type":"MultiPolygon","coordinates":[[[[136.673,34.998],[136.662,34.995],[136.677,34.987],[136.666,34.974],[136.65,34.977],[136.652,34.992],[136.673,34.998]]],[[[136.54,35.07],[136.641,35.044],[136.657,35.015],[136.673,35.015],[136.635,34.95],[136.641,34.939],[136.667,34.94],[136.646,34.934],[136.643,34.901],[136.56,34.914],[136.444,34.987],[136.415,34.985],[136.414,34.997],[136.43,35.001],[136.462,34.991],[136.544,35.0],[136.535,35.014],[136.554,35.017],[136.559,35.036],[136.536,35.038],[136.54,35.07]]]]}},{"type":"Feature","properties":{"code":"2420300","name":"三重県伊勢市"},"geometry":{"type":"MultiPolygon","coordinates":[[[[136.661,34.565],[136.816,34.497],[136.782,34.446],[136.788,34.423],[136.759,34.412],[136.751,34.386],[136.643,34.398],[136.633,34.431],[136.671,34.476],[136.645,34.484],[136.658,34.504],[136.639,34.5],[136.649,34.51],[136.641,34.516],[136.661,34.522],[136.645,34.537],[136.661,34.565]]]]}},{"type":"Feature","properties":{"code":"2420500","name":"三重県桑名市"},"geometry":{"type":"MultiPolygon","coordinates":[[[[136.594,35.181],[136.623,35.147],[136.644,35.144],[136.646,35.165],[136.655,35.161],[136.669,35.134],[136.714,35.105],[136.729,35.058],[136.755,35.039],[136.7,35.021],[136.676,35.046],[136.6,35.049],[136.61,35.073],[136.602,35.084],[136.62,35.094],[136.575,35.144],[136.576,35.168],[136.594,35.181]]]]}},{"type":"Feature","properties":{"code":"2420700","name":"三重県鈴鹿市"},"geometry":{"type":"MultiPolygon","coordinates":[[[[136.443,34.987],[136.532,34.927],[136.642,34.901],[136.618,34.855],[136.57,34.805],[136.552,34.814],[136.49,34.801],[136.482,34.836],[136.496,34.865],[136.493,34.901],[136.484,34.911],[136.45,34.907],[136.417,34.947],[136.395,34.952],[136.415,34.984],[136.443,34.987]]]]}},{"type":"Feature","properties":{"code":"2420800","name":"三重県名張市"},"geometry":{"type":"MultiPolygon","coordinates":[[[[136.126,34.683],[136.124,34.668],[136.142,34.671],[136.152,34.646],[136.179,34.627],[136.194,34.574],[136.162,34.548],[136.139,34.56],[136.115,34.546],[136.047,34.585],[136.073,34.636],[136.04,34.663],[136.065,34.653],[136.086,34.676],[136.111,34.67],[136.12,34.688],[136.126,34.683]]]]}},{"type":"Feature","properties":{"code":"2420900","name":"三重県尾鷲市"},"geometry":{"type":"MultiPolygon","coordinates":[[[[136.286,34.111],[136.304,34.097],[136.296,34.086],[136.29,34.097],[136.267,34.082],[136.268,34.103],[136.256,34.088],[136.258,34.102],[136.286,34.111]]],[[[136.147,34.12],[136.173,34.09],[136.236,34.087],[136.202,34.073],[136.21,34.063],[136.244,34.067],[136.245,34.038],[136.281,34.022],[136.243,34.015],[136.272,34.005],[136.257,33.997],[136.273,33.986],[136.271,33.972],[136.238,33.969],[136.237,33.982],[136.252,33.985],[136.214,34.001],[136.214,33.983],[136.192,33.972],[136.203,33.963],[136.222,33.974],[136.231,33.948],[136.177,33.967],[136.167,33.957],[136.14,33.965],[136.132,33.995],[136.152,34.02],[136.101,34.026],[136.094,34.083],[136.118,34.082],[136.103,34.096],[136.107,34.115],[136.147,34.12]]]]}},{"type":"Feature","properties":{"code":"2421000","name":"三重県亀山市"},"geometry":{"type":"MultiPolygon","coordinates":[[[[136.388,34.953],[136.419,34.946],[136.449,34.907],[136.493,34.901],[136.487,34.802],[136.45,34.811],[136.423,34.844],[136.374,34.82],[136.325,34.821],[136.312,34.807],[136.267,34.816],[136.289,34.84],[136.278,34.859],[136.285,34.87],[136.366,34.905],[136.373,34.942],[136.388,34.953]]]]}},{"type":"Feature","properties":{"code":"2421100","name":"三重県鳥羽市"},"geometry":{"type":"MultiPolygon","coordinates":[[[[136.904,34.503],[136.907,34.49],[136.888,34.478],[136.873,34.484],[136.904,34.503]]],[[[136.832,34.506],[136.847,34.481],[136.877,34.475],[136.864,34.46],[136.884,34.45],[136.876,34.43],[136.896,34.453],[136.925,34.444],[136.913,34.376],[136.888,34.392],[136.879,34.381],[136.86,34.394],[136.864,34.406],[136.837,34.399],[136.784,34.426],[136.786,34.456],[136.801,34.459],[136.804,34.48],[136.828,34.487],[136.832,34.506]]],[[[136.899,34.539],[136.903,34.519],[136.847,34.508],[136.899,34.539]]]]}},{"type":"Feature","properties":{"code":"2421200","name":"三重県熊野市"},"geometry":{"type":"MultiPolygon","coordinates":[[[[136.04,34.036],[136.148,34.025],[136.132,33.996],[136.14,33.965],[136.167,33.957],[136.177,33.967],[136.232,33.948],[136.218,33.948],[136.21,33.931],[136.201,33.945],[136.181,33.939],[136.197,33.936],[136.199,33.921],[136.18,33.913],[136.149,33.931],[136.152,33.913],[136.139,33.909],[136.149,33.898],[136.134,33.899],[136.131,33.885],[136.118,33.899],[136.066,33.841],[136.035,33.893],[135.981,33.89],[135.962,33.847],[135.938,33.845],[135.948,33.821],[135.927,33.803],[135.931,33.79],[135.9,33.782],[135.892,33.801],[135.856,33.819],[135.858,33.874],[135.873,33.859],[135.88,33.872],[135.897,33.869],[135.901,33.885],[135.893,33.893],[135.885,33.884],[135.88,33.909],[135.895,33.906],[135.897,33.921],[135.933,33.917],[135.918,33.923],[135.929,33.941],[135.968,33.929],[135.978,33.967],[136.001,33.957],[136.013,33.974],[135.996,34.002],[136.019,34.037],[136.04,34.036]]]]}},{"type":"Feature","properties":{"code":"2421400","name":"三重県いなべ市"},"geometry":{"type":"MultiPolygon","coordinates":[[[[136.531,35.257],[136.548,35.22],[136.594,35.182],[136.578,35.171],[136.573,35.15],[136.594,35.117],[136.562,35.082],[136.563,35.064],[136.518,35.09],[136.443,35.087],[136.447,35.125],[136.436,35.131],[136.454,35.163],[136.409,35.187],[136.415,35.219],[136.429,35.229],[136.442,35.217],[136.465,35.237],[136.506,35.235],[136.531,35.257]]]]}},{"type":"Feature","properties":{"code":"2421500","name":"三重県志摩市"},"geometry":{"type":"MultiPolygon","coordinates":[[[[136.792,34.424],[136.835,34.399],[136.868,34.402],[136.861,34.393],[136.877,34.371],[136.814,34.368],[136.824,34.354],[136.848,34.37],[136.852,34.356],[136.865,34.364],[136.868,34.343],[136.908,34.365],[136.878,34.335],[136.901,34.278],[136.869,34.273],[136.847,34.247],[136.75,34.27],[136.788,34.278],[136.812,34.264],[136.829,34.271],[136.829,34.259],[136.849,34.273],[136.859,34.265],[136.86,34.28],[136.833,34.271],[136.828,34.285],[136.866,34.287],[136.849,34.291],[136.851,34.301],[136.83,34.298],[136.848,34.314],[136.806,34.308],[136.806,34.328],[136.792,34.309],[136.811,34.299],[136.792,34.288],[136.773,34.297],[136.776,34.315],[136.759,34.315],[136.765,34.305],[136.753,34.298],[136.765,34.291],[136.702,34.306],[136.746,34.325],[136.756,34.341],[136.744,34.384],[136.759,34.411],[136.792,34.424]]]]}},{"type":"Feature","properties":{"code":"2421600","name":"三重県伊賀市"},"geometry":{"type":"MultiPolygon","coordinates":[[[[136.113,34.9],[136.131,34.883],[136.178,34.887],[136.227,34.861],[136.254,34.858],[136.28,34.873],[136.29,34.842],[136.267,34.817],[136.311,34.807],[136.317,34.788],[136.342,34.772],[136.301,34.743],[136.31,34.726],[136.27,34.686],[136.275,34.664],[136.246,34.631],[136.256,34.584],[136.227,34.579],[136.22,34.558],[136.195,34.567],[136.179,34.626],[136.152,34.645],[136.143,34.67],[136.124,34.668],[136.131,34.681],[136.12,34.688],[136.112,34.67],[136.086,34.677],[136.075,34.698],[136.054,34.704],[136.07,34.712],[136.068,34.724],[136.029,34.757],[136.034,34.779],[136.02,34.79],[136.09,34.812],[136.087,34.838],[136.126,34.862],[136.124,34.872],[136.086,34.877],[136.088,34.891],[136.113,34.9]]]]}},{"type":"Feature","properties":{"code":"2430300","name":"三重県木曽岬町"},"geometry":{"type":"MultiPolygon","coordinates":[[[[136.718,35.103],[136.75,35.08],[136.771,35.021],[136.728,35.059],[136.718,35.103]]]]}},{"type":"Feature","properties":{"code":"2432400","name":"三重県東員町"},"geometry":{"type":"MultiPolygon","coordinates":[[[[136.597,35.114],[136.619,35.095],[136.603,35.084],[136.61,35.073],[136.6,35.049],[136.563,35.062],[136.562,35.083],[136.597,35.114]]]]}},{"type":"Feature","properties":{"code":"2434100","name":"三重県菰野町"},"geometry":{"type":"MultiPolygon","coordinates":[[[[136.479,35.093],[136.529,35.084],[136.542,35.06],[136.534,35.038],[136.559,35.035],[136.554,35.017],[136.535,35.014],[136.546,35.001],[136.463,34.991],[136.421,35.001],[136.416,35.042],[136.441,35.066],[136.435,35.082],[136.479,35.093]]]]}},{"type":"Feature","properties":{"code":"2434300","name":"三重県朝日町"},"geometry":{"type":"MultiPolygon","coordinates":[[[[136.648,35.042],[136.674,35.046],[136.686,35.032],[136.677,35.039],[136.656,35.025],[136.641,35.035],[136.648,35.042]]]]}},{"type":"Feature","properties":{"code":"2434400","name":"三重県川越町"},"geometry":{"type":"MultiPolygon","coordinates":[[[[136.688,35.034],[136.699,35.007],[136.654,35.018],[136.676,35.039],[136.688,35.034]]]]}},{"type":"Feature","properties":{"code":"2444100","name":"三重県多気町"},"geometry":{"type":"MultiPolygon","coordinates":[[[[136.588,34.523],[136.602,34.5],[136.579,34.48],[136.579,34.452],[136.508,34.455],[136.454,34.421],[136.408,34.417],[136.421,34.461],[136.4,34.471],[136.489,34.488],[136.478,34.499],[136.492,34.508],[136.505,34.5],[136.588,34.523]]]]}},{"type":"Feature","properties":{"code":"2444200","name":"三重県明和町"},"geometry":{"type":"MultiPolygon","coordinates":[[[[136.608,34.6],[136.648,34.588],[136.66,34.561],[136.645,34.537],[136.661,34.523],[136.592,34.506],[136.589,34.525],[136.617,34.562],[136.608,34.6]]]]}},{"type":"Feature","properties":{"code":"2444300","name":"三重県大台町"},"geometry":{"type":"MultiPolygon","coordinates":[[[[136.549,34.457],[136.548,34.439],[136.498,34.434],[136.495,34.421],[136.447,34.394],[136.448,34.368],[136.43,34.379],[136.429,34.398],[136.406,34.391],[136.418,34.382],[136.411,34.355],[136.354,34.319],[136.325,34.319],[136.314,34.299],[136.27,34.289],[136.267,34.271],[136.243,34.262],[136.24,34.248],[136.218,34.246],[136.207,34.22],[136.192,34.217],[136.192,34.194],[136.152,34.185],[136.132,34.165],[136.11,34.168],[136.109,34.184],[136.093,34.19],[136.131,34.244],[136.098,34.29],[136.1,34.305],[136.157,34.313],[136.188,34.324],[136.195,34.346],[136.253,34.355],[136.271,34.369],[136.257,34.383],[136.273,34.407],[136.376,34.403],[136.454,34.421],[136.499,34.439],[136.506,34.454],[136.549,34.457]]]]}},{"type":"Feature","properties":{"code":"2446100","name":"三重県玉城町"},"geometry":{"type":"MultiPolygon","coordinates":[[[[136.649,34.521],[136.639,34.5],[136.657,34.5],[136.645,34.484],[136.671,34.476],[136.65,34.457],[136.582,34.449],[136.585,34.489],[136.614,34.518],[136.649,34.521]]]]}},{"type":"Feature","properties":{"code":"2447000","name":"三重県度会町"},"geometry":{"type":"MultiPolygon","coordinates":[[[[136.616,34.459],[136.653,34.451],[136.633,34.432],[136.645,34.418],[136.631,34.392],[136.637,34.378],[136.614,34.366],[136.606,34.33],[136.586,34.317],[136.548,34.319],[136.513,34.338],[136.534,34.414],[136.528,34.436],[136.616,34.459]]]]}},{"type":"Feature","properties":{"code":"2447100","name":"三重県大紀町"},"geometry":{"type":"MultiPolygon","coordinates":[[[[136.529,34.434],[136.534,34.415],[136.512,34.338],[136.498,34.327],[136.464,34.328],[136.454,34.292],[136.419,34.284],[136.429,34.27],[136.417,34.238],[136.429,34.214],[136.397,34.203],[136.392,34.211],[136.402,34.214],[136.391,34.219],[136.375,34.198],[136.357,34.24],[136.312,34.243],[136.297,34.266],[136.266,34.277],[136.27,34.289],[136.314,34.299],[136.326,34.319],[136.355,34.319],[136.411,34.355],[136.418,34.383],[136.407,34.391],[136.429,34.398],[136.429,34.379],[136.448,34.368],[136.447,34.394],[136.471,34.414],[136.495,34.421],[136.498,34.434],[136.529,34.434]]]]}},{"type":"Feature","properties":{"code":"2447200","name":"三重県南伊勢町"},"geometry":{"type":"MultiPolygon","coordinates":[[[[136.649,34.396],[136.743,34.385],[136.755,34.34],[136.741,34.322],[136.706,34.314],[136.714,34.296],[136.689,34.284],[136.683,34.294],[136.694,34.319],[136.709,34.317],[136.704,34.329],[136.716,34.323],[136.73,34.334],[136.726,34.344],[136.706,34.337],[136.707,34.349],[136.693,34.348],[136.682,34.324],[136.688,34.336],[136.678,34.337],[136.69,34.346],[136.661,34.345],[136.673,34.325],[136.658,34.328],[136.637,34.31],[136.677,34.316],[136.65,34.291],[136.66,34.289],[136.605,34.259],[136.586,34.258],[136.58,34.275],[136.59,34.271],[136.572,34.275],[136.598,34.284],[136.582,34.294],[136.559,34.276],[136.549,34.282],[136.558,34.268],[136.548,34.25],[136.538,34.256],[136.541,34.278],[136.527,34.26],[136.531,34.273],[136.502,34.278],[136.519,34.242],[136.493,34.258],[136.504,34.244],[136.486,34.239],[136.51,34.231],[136.496,34.225],[136.481,34.22],[136.463,34.233],[136.473,34.248],[136.466,34.257],[136.441,34.248],[136.455,34.242],[136.459,34.224],[136.422,34.226],[136.419,34.284],[136.453,34.291],[136.464,34.327],[136.513,34.338],[136.547,34.319],[136.586,34.317],[136.607,34.332],[136.614,34.366],[136.636,34.374],[136.631,34.391],[136.649,34.396]]]]}},{"type":"Feature","properties":{"code":"2454300","name":"三重県紀北町"},"geometry":{"type":"MultiPolygon","coordinates":[[[[136.275,34.272],[136.296,34.267],[136.311,34.243],[136.346,34.244],[136.373,34.223],[136.364,34.189],[136.35,34.195],[136.353,34.212],[136.322,34.195],[136.341,34.2],[136.334,34.181],[136.304,34.18],[136.289,34.157],[136.278,34.161],[136.286,34.149],[136.277,34.138],[136.293,34.127],[136.284,34.119],[136.315,34.115],[136.303,34.1],[136.279,34.113],[136.255,34.089],[136.249,34.103],[136.275,34.121],[136.269,34.129],[136.228,34.101],[136.236,34.087],[136.173,34.09],[136.146,34.12],[136.1,34.117],[136.113,34.167],[136.142,34.167],[136.153,34.186],[136.193,34.194],[136.19,34.213],[136.207,34.22],[136.218,34.246],[136.275,34.272]]]]}},{"type":"Feature","properties":{"code":"2456100","name":"三重県御浜町"},"geometry":{"type":"MultiPolygon","coordinates":[[[[135.997,33.891],[136.035,33.893],[136.045,33.864],[136.068,33.853],[136.031,33.773],[136.007,33.777],[135.984,33.821],[135.965,33.817],[135.936,33.836],[135.962,33.847],[135.974,33.887],[135.997,33.891]]]]}},{"type":"Feature","properties":{"code":"2456200","name":"三重県紀宝町"},"geometry":{"type":"MultiPolygon","coordinates":[[[[135.956,33.823],[135.984,33.82],[136.006,33.778],[136.031,33.773],[136.012,33.724],[135.979,33.737],[135.976,33.723],[135.962,33.725],[135.941,33.736],[135.938,33.757],[135.906,33.768],[135.901,33.781],[135.929,33.788],[135.927,33.803],[135.948,33.829],[135.956,33.823]]]]}},{"type":"Feature","properties":{"code":"2520101","name":"気象庁予報警報規程別表第四の二に示す「大津市南部」の区域"},"geometry":{"type":"MultiPolygon","coordinates":[[[[135.94,35.138],[135.888,35.035],[135.903,34.992],[135.933,34.995],[135.952,34.972],[135.973,34.985],[136.006,34.98],[136.014,34.963],[136.001,34.96],[136.016,34.944],[136.039,34.944],[136.043,34.961],[136.033,34.938],[136.042,34.926],[136.009,34.919],[135.964,34.88],[135.943,34.878],[135.941,34.893],[135.899,34.871],[135.868,34.892],[135.879,34.947],[135.853,34.971],[135.849,34.992],[135.827,34.991],[135.837,35.001],[135.82,35.014],[135.836,35.013],[135.834,35.022],[135.815,35.045],[135.834,35.055],[135.85,35.123],[135.899,35.119],[135.893,35.143],[135.908,35.149],[135.94,35.138]]]]}},{"type":"Feature","properties":{"code":"2520200","name":"滋賀県彦根市"},"geometry":{"type":"MultiPolygon","coordinates":[[[[136.242,35.296],[136.301,35.302],[136.322,35.28],[136.328,35.298],[136.352,35.27],[136.32,35.267],[136.275,35.24],[136.271,35.226],[136.225,35.217],[136.216,35.195],[136.192,35.19],[136.112,35.216],[136.085,35.252],[136.153,35.269],[136.149,35.356],[136.208,35.339],[136.216,35.304],[136.242,35.296]]]]}},{"type":"Feature","properties":{"code":"2520300","name":"滋賀県長浜市"},"geometry":{"type":"MultiPolygon","coordinates":[[[[136.176,35.703],[136.27,35.668],[136.288,35.621],[136.323,35.617],[136.317,35.549],[136.338,35.55],[136.346,35.536],[136.333,35.469],[136.363,35.416],[136.356,35.401],[136.333,35.404],[136.337,35.38],[136.322,35.345],[136.25,35.353],[136.21,35.339],[136.145,35.358],[136.098,35.393],[136.095,35.41],[136.118,35.438],[136.116,35.455],[136.092,35.465],[136.108,35.568],[136.115,35.583],[136.17,35.567],[136.177,35.596],[136.15,35.659],[136.135,35.669],[136.151,35.698],[136.176,35.703]]]]}},{"type":"Feature","properties":{"code":"2520400","name":"滋賀県近江八幡市"},"geometry":{"type":"MultiPolygon","coordinates":[[[[136.098,35.197],[136.13,35.182],[136.14,35.155],[136.182,35.128],[136.163,35.105],[136.147,35.112],[136.126,35.102],[136.14,35.074],[136.122,35.092],[136.078,35.092],[136.035,35.114],[136.005,35.15],[135.996,35.19],[136.027,35.239],[136.083,35.259],[136.098,35.197]]]]}},{"type":"Feature","properties":{"code":"2520600","name":"滋賀県草津市"},"geometry":{"type":"MultiPolygon","coordinates":[[[[135.951,35.061],[135.964,35.055],[135.97,35.016],[135.998,34.999],[135.988,34.978],[135.974,34.986],[135.951,34.972],[135.939,34.993],[135.901,34.997],[135.888,35.035],[135.915,35.079],[135.923,35.088],[135.941,35.081],[135.951,35.061]]]]}},{"type":"Feature","properties":{"code":"2520700","name":"滋賀県守山市"},"geometry":{"type":"MultiPolygon","coordinates":[[[[135.983,35.122],[136.009,35.086],[135.997,35.063],[136.015,35.052],[135.993,35.037],[135.923,35.088],[135.94,35.138],[135.958,35.147],[135.983,35.122]]]]}},{"type":"Feature","properties":{"code":"2520800","name":"滋賀県栗東市"},"geometry":{"type":"MultiPolygon","coordinates":[[[[135.967,35.049],[135.995,35.037],[136.017,35.05],[136.039,35.026],[136.042,34.986],[136.061,34.966],[136.046,34.947],[136.042,34.961],[136.031,34.94],[136.002,34.958],[136.014,34.963],[136.01,34.975],[135.989,34.98],[135.997,35.0],[135.971,35.015],[135.959,35.046],[135.967,35.049]]]]}},{"type":"Feature","properties":{"code":"2520900","name":"滋賀県甲賀市"},"geometry":{"type":"MultiPolygon","coordinates":[[[[136.168,35.023],[136.216,34.985],[136.22,34.969],[136.248,34.957],[136.302,34.984],[136.336,34.984],[136.342,35.016],[136.354,35.023],[136.419,35.017],[136.421,35.001],[136.395,34.953],[136.374,34.943],[136.365,34.905],[136.293,34.87],[136.228,34.861],[136.179,34.886],[136.13,34.884],[136.111,34.902],[136.085,34.878],[136.123,34.872],[136.126,34.862],[136.086,34.838],[136.091,34.812],[136.028,34.791],[136.012,34.796],[136.029,34.817],[136.005,34.826],[136.004,34.844],[135.97,34.838],[135.962,34.854],[135.946,34.852],[135.943,34.878],[135.987,34.889],[136.01,34.92],[136.041,34.923],[136.033,34.938],[136.052,34.961],[136.07,34.966],[136.111,34.947],[136.123,34.955],[136.132,34.968],[136.122,34.996],[136.139,35.004],[136.142,35.025],[136.168,35.023]]]]}},{"type":"Feature","properties":{"code":"2521000","name":"滋賀県野洲市"},"geometry":{"type":"MultiPolygon","coordinates":[[[[136.016,35.137],[136.033,35.114],[136.078,35.092],[136.079,35.059],[136.056,35.056],[136.042,35.026],[135.997,35.063],[136.01,35.078],[136.003,35.103],[135.959,35.147],[135.973,35.181],[136.0,35.187],[136.016,35.137]]]]}},{"type":"Feature","properties":{"code":"2521100","name":"滋賀県湖南市"},"geometry":{"type":"MultiPolygon","coordinates":[[[[136.06,35.056],[136.101,35.022],[136.123,35.022],[136.123,35.037],[136.142,35.026],[136.139,35.003],[136.123,34.996],[136.132,34.964],[136.114,34.948],[136.061,34.964],[136.042,34.986],[136.037,35.024],[136.06,35.056]]]]}},{"type":"Feature","properties":{"code":"2521200","name":"滋賀県高島市"},"geometry":{"type":"MultiPolygon","coordinates":[[[[136.087,35.539],[136.105,35.529],[136.092,35.465],[136.116,35.455],[136.118,35.438],[136.095,35.41],[136.098,35.393],[136.149,35.356],[136.153,35.269],[136.122,35.256],[136.071,35.259],[136.017,35.232],[135.984,35.272],[135.956,35.277],[135.928,35.258],[135.858,35.289],[135.834,35.275],[135.809,35.316],[135.764,35.345],[135.791,35.386],[135.807,35.385],[135.814,35.413],[135.853,35.412],[135.861,35.395],[135.891,35.404],[135.893,35.42],[135.914,35.432],[135.916,35.471],[135.94,35.52],[135.981,35.487],[136.009,35.495],[136.026,35.529],[136.069,35.526],[136.087,35.539]]]]}},{"type":"Feature","properties":{"code":"2521300","name":"滋賀県東近江市"},"geometry":{"type":"MultiPolygon","coordinates":[[[[136.122,35.213],[136.192,35.19],[136.204,35.148],[136.227,35.144],[136.233,35.16],[136.246,35.151],[136.303,35.157],[136.319,35.138],[136.354,35.132],[136.391,35.151],[136.375,35.177],[136.388,35.196],[136.43,35.181],[136.455,35.153],[136.436,35.131],[136.448,35.124],[136.441,35.067],[136.419,35.05],[136.421,35.021],[136.343,35.017],[136.295,35.057],[136.238,35.069],[136.216,35.06],[136.219,35.038],[136.175,35.017],[136.155,35.03],[136.15,35.072],[136.126,35.101],[136.147,35.112],[136.164,35.106],[136.183,35.127],[136.14,35.156],[136.13,35.182],[136.1,35.197],[136.085,35.252],[136.122,35.213]]]]}},{"type":"Feature","properties":{"code":"2521400","name":"滋賀県米原市"},"geometry":{"type":"MultiPolygon","coordinates":[[[[136.37,35.559],[136.405,35.514],[136.387,35.489],[136.42,35.467],[136.426,35.448],[136.412,35.419],[136.444,35.389],[136.413,35.371],[136.411,35.354],[136.422,35.349],[136.406,35.305],[136.352,35.274],[136.327,35.298],[136.322,35.28],[136.301,35.302],[136.262,35.294],[136.216,35.304],[136.21,35.339],[136.225,35.348],[136.325,35.347],[136.333,35.404],[136.356,35.401],[136.362,35.412],[136.333,35.47],[136.347,35.538],[136.37,35.559]]]]}},{"type":"Feature","properties":{"code":"2538300","name":"滋賀県日野町"},"geometry":{"type":"MultiPolygon","coordinates":[[[[136.239,35.069],[136.296,35.057],[136.332,35.032],[136.345,35.009],[136.339,34.986],[136.301,34.984],[136.252,34.957],[136.22,34.969],[136.181,35.016],[136.221,35.038],[136.215,35.059],[136.239,35.069]]]]}},{"type":"Feature","properties":{"code":"2538400","name":"滋賀県竜王町"},"geometry":{"type":"MultiPolygon","coordinates":[[[[136.093,35.096],[136.149,35.074],[136.159,35.022],[136.125,35.037],[136.121,35.021],[136.086,35.03],[136.073,35.053],[136.076,35.085],[136.093,35.096]]]]}},{"type":"Feature","properties":{"code":"2542500","name":"滋賀県愛荘町"},"geometry":{"type":"MultiPolygon","coordinates":[[[[136.209,35.196],[136.229,35.177],[136.237,35.18],[136.23,35.196],[136.292,35.182],[136.296,35.167],[136.335,35.143],[136.32,35.139],[136.304,35.157],[136.205,35.148],[136.192,35.192],[136.209,35.196]]]]}},{"type":"Feature","properties":{"code":"2544100","name":"滋賀県豊郷町"},"geometry":{"type":"MultiPolygon","coordinates":[[[[136.227,35.218],[136.257,35.192],[136.23,35.196],[136.235,35.177],[136.214,35.196],[136.227,35.218]]]]}},{"type":"Feature","properties":{"code":"2544200","name":"滋賀県甲良町"},"geometry":{"type":"MultiPolygon","coordinates":[[[[136.262,35.225],[136.288,35.2],[136.29,35.182],[136.243,35.199],[136.238,35.214],[136.262,35.225]]]]}},{"type":"Feature","properties":{"code":"2544300","name":"滋賀県多賀町"},"geometry":{"type":"MultiPolygon","coordinates":[[[[136.378,35.286],[136.393,35.286],[136.396,35.258],[136.379,35.242],[136.416,35.217],[136.417,35.203],[136.408,35.187],[136.389,35.197],[136.377,35.186],[136.391,35.15],[136.351,35.132],[136.295,35.167],[136.289,35.2],[136.258,35.228],[136.271,35.226],[136.275,35.24],[136.321,35.268],[136.338,35.264],[136.378,35.286]]]]}},{"type":"Feature","properties":{"code":"2620200","name":"京都府舞鶴市"},"geometry":{"type":"MultiPolygon","coordinates":[[[[135.463,35.604],[135.45,35.571],[135.485,35.558],[135.461,35.548],[135.449,35.526],[135.476,35.506],[135.458,35.468],[135.471,35.456],[135.446,35.432],[135.408,35.427],[135.408,35.396],[135.392,35.383],[135.359,35.397],[135.311,35.383],[135.285,35.399],[135.229,35.396],[135.201,35.427],[135.169,35.43],[135.173,35.449],[135.161,35.457],[135.185,35.462],[135.234,35.511],[135.283,35.49],[135.288,35.515],[135.311,35.512],[135.324,35.525],[135.335,35.506],[135.316,35.478],[135.318,35.451],[135.347,35.475],[135.347,35.493],[135.378,35.491],[135.372,35.477],[135.398,35.479],[135.394,35.517],[135.381,35.503],[135.344,35.504],[135.339,35.548],[135.426,35.567],[135.434,35.59],[135.463,35.604]]]]}},{"type":"Feature","properties":{"code":"2620300","name":"京都府綾部市"},"geometry":{"type":"MultiPolygon","coordinates":[[[[135.471,35.454],[135.498,35.437],[135.502,35.42],[135.521,35.423],[135.53,35.41],[135.535,35.372],[135.501,35.361],[135.499,35.343],[135.428,35.342],[135.332,35.271],[135.292,35.265],[135.238,35.265],[135.203,35.284],[135.186,35.311],[135.189,35.339],[135.173,35.346],[135.188,35.362],[135.174,35.373],[135.204,35.373],[135.209,35.394],[135.284,35.399],[135.31,35.383],[135.359,35.397],[135.377,35.394],[135.384,35.38],[135.408,35.396],[135.408,35.428],[135.444,35.432],[135.471,35.454]]]]}},{"type":"Feature","properties":{"code":"2620400","name":"京都府宇治市"},"geometry":{"type":"MultiPolygon","coordinates":[[[[135.851,34.957],[135.877,34.947],[135.879,34.936],[135.859,34.884],[135.823,34.858],[135.76,34.869],[135.761,34.908],[135.79,34.918],[135.797,34.938],[135.818,34.927],[135.846,34.931],[135.851,34.957]]]]}},{"type":"Feature","properties":{"code":"2620500","name":"京都府宮津市"},"geometry":{"type":"MultiPolygon","coordinates":[[[[135.27,35.693],[135.274,35.667],[135.193,35.571],[135.188,35.548],[135.206,35.54],[135.205,35.56],[135.256,35.599],[135.251,35.57],[135.275,35.56],[135.254,35.552],[135.243,35.561],[135.237,35.546],[135.287,35.517],[135.284,35.49],[135.235,35.511],[135.174,35.457],[135.126,35.47],[135.167,35.518],[135.165,35.532],[135.139,35.548],[135.175,35.568],[135.183,35.613],[135.159,35.634],[135.163,35.653],[135.181,35.67],[135.205,35.664],[135.206,35.687],[135.27,35.693]]]]}},{"type":"Feature","properties":{"code":"2620600","name":"京都府亀岡市"},"geometry":{"type":"MultiPolygon","coordinates":[[[[135.576,35.098],[135.598,35.094],[135.59,35.077],[135.602,35.063],[135.622,35.065],[135.618,35.042],[135.647,35.007],[135.64,34.975],[135.572,34.97],[135.579,34.956],[135.557,34.939],[135.582,34.936],[135.573,34.917],[135.541,34.916],[135.514,34.944],[135.482,34.949],[135.487,34.992],[135.378,35.017],[135.383,35.031],[135.435,35.025],[135.476,35.072],[135.552,35.061],[135.552,35.085],[135.576,35.098]]]]}},{"type":"Feature","properties":{"code":"2620700","name":"京都府城陽市"},"geometry":{"type":"MultiPolygon","coordinates":[[[[135.784,34.869],[135.833,34.858],[135.848,34.825],[135.791,34.822],[135.763,34.835],[135.75,34.868],[135.784,34.869]]]]}},{"type":"Feature","properties":{"code":"2620800","name":"京都府向日市"},"geometry":{"type":"MultiPolygon","coordinates":[[[[135.683,34.965],[135.71,34.961],[135.715,34.93],[135.701,34.929],[135.683,34.965]]]]}},{"type":"Feature","properties":{"code":"2620900","name":"京都府長岡京市"},"geometry":{"type":"MultiPolygon","coordinates":[[[[135.696,34.946],[135.7,34.929],[135.717,34.925],[135.708,34.909],[135.648,34.91],[135.644,34.929],[135.696,34.946]]]]}},{"type":"Feature","properties":{"code":"2621000","name":"京都府八幡市"},"geometry":{"type":"MultiPolygon","coordinates":[[[[135.705,34.895],[135.751,34.867],[135.751,34.849],[135.734,34.854],[135.719,34.832],[135.695,34.849],[135.68,34.883],[135.705,34.895]]]]}},{"type":"Feature","properties":{"code":"2621100","name":"京都府京田辺市"},"geometry":{"type":"MultiPolygon","coordinates":[[[[135.735,34.853],[135.802,34.808],[135.799,34.79],[135.761,34.78],[135.762,34.764],[135.737,34.752],[135.729,34.779],[135.747,34.802],[135.719,34.831],[135.735,34.853]]]]}},{"type":"Feature","properties":{"code":"2630300","name":"京都府大山崎町"},"geometry":{"type":"MultiPolygon","coordinates":[[[[135.667,34.904],[135.677,34.914],[135.706,34.908],[135.682,34.888],[135.667,34.904]]]]}},{"type":"Feature","properties":{"code":"2632200","name":"京都府久御山町"},"geometry":{"type":"MultiPolygon","coordinates":[[[[135.746,34.912],[135.765,34.903],[135.76,34.869],[135.733,34.875],[135.714,34.901],[135.746,34.912]]]]}},{"type":"Feature","properties":{"code":"2634300","name":"京都府井手町"},"geometry":{"type":"MultiPolygon","coordinates":[[[[135.822,34.826],[135.852,34.826],[135.877,34.805],[135.869,34.799],[135.865,34.813],[135.868,34.803],[135.801,34.79],[135.791,34.821],[135.822,34.826]]]]}},{"type":"Feature","properties":{"code":"2634400","name":"京都府宇治田原町"},"geometry":{"type":"MultiPolygon","coordinates":[[[[135.94,34.888],[135.947,34.853],[135.898,34.823],[135.861,34.814],[135.835,34.848],[135.83,34.865],[135.862,34.891],[135.897,34.871],[135.94,34.888]]]]}},{"type":"Feature","properties":{"code":"2636400","name":"京都府笠置町"},"geometry":{"type":"MultiPolygon","coordinates":[[[[135.952,34.797],[135.979,34.78],[135.972,34.744],[135.931,34.738],[135.928,34.756],[135.912,34.762],[135.942,34.774],[135.952,34.797]]]]}},{"type":"Feature","properties":{"code":"2636500","name":"京都府和束町"},"geometry":{"type":"MultiPolygon","coordinates":[[[[135.959,34.855],[135.97,34.838],[136.005,34.844],[136.005,34.827],[136.028,34.82],[135.994,34.825],[135.954,34.808],[135.942,34.774],[135.919,34.765],[135.9,34.763],[135.9,34.779],[135.891,34.769],[135.869,34.788],[135.861,34.811],[135.868,34.799],[135.876,34.805],[135.861,34.813],[135.959,34.855]]]]}},{"type":"Feature","properties":{"code":"2636600","name":"京都府精華町"},"geometry":{"type":"MultiPolygon","coordinates":[[[[135.793,34.79],[135.803,34.786],[135.805,34.752],[135.775,34.743],[135.794,34.738],[135.777,34.723],[135.756,34.728],[135.737,34.751],[135.762,34.764],[135.76,34.779],[135.793,34.79]]]]}},{"type":"Feature","properties":{"code":"2636700","name":"京都府南山城村"},"geometry":{"type":"MultiPolygon","coordinates":[[[[135.999,34.824],[136.028,34.819],[136.011,34.797],[136.034,34.779],[136.029,34.757],[136.054,34.739],[136.027,34.706],[135.986,34.716],[135.97,34.741],[135.979,34.781],[135.952,34.798],[135.999,34.824]]]]}},{"type":"Feature","properties":{"code":"2646300","name":"京都府伊根町"},"geometry":{"type":"MultiPolygon","coordinates":[[[[135.233,35.769],[135.274,35.743],[135.286,35.705],[135.308,35.696],[135.303,35.662],[135.288,35.665],[135.294,35.674],[135.271,35.669],[135.277,35.689],[135.267,35.695],[135.237,35.685],[135.193,35.698],[135.198,35.733],[135.219,35.743],[135.233,35.769]]]]}},{"type":"Feature","properties":{"code":"2710000","name":"大阪府大阪市"},"geometry":{"type":"MultiPolygon","coordinates":[[[[135.417,34.645],[135.438,34.642],[135.442,34.629],[135.423,34.622],[135.408,34.628],[135.412,34.637],[135.397,34.629],[135.417,34.645]]],[[[135.547,34.768],[135.57,34.709],[135.583,34.723],[135.587,34.711],[135.598,34.715],[135.557,34.668],[135.577,34.627],[135.562,34.618],[135.587,34.608],[135.58,34.594],[135.571,34.587],[135.537,34.599],[135.503,34.586],[135.423,34.612],[135.441,34.626],[135.447,34.616],[135.453,34.635],[135.45,34.647],[135.42,34.66],[135.416,34.652],[135.426,34.668],[135.408,34.672],[135.421,34.679],[135.408,34.698],[135.446,34.718],[135.448,34.734],[135.469,34.731],[135.491,34.751],[135.527,34.748],[135.547,34.768]]]]}},{"type":"Feature","properties":{"code":"2714000","name":"大阪府堺市"},"geometry":{"type":"MultiPolygon","coordinates":[[[[135.459,34.605],[135.501,34.586],[135.523,34.593],[135.522,34.577],[135.553,34.554],[135.568,34.559],[135.587,34.532],[135.582,34.51],[135.557,34.529],[135.555,34.518],[135.533,34.515],[135.545,34.463],[135.519,34.43],[135.5,34.435],[135.466,34.483],[135.459,34.52],[135.439,34.541],[135.444,34.557],[135.41,34.558],[135.402,34.6],[135.422,34.57],[135.426,34.59],[135.451,34.565],[135.45,34.583],[135.466,34.584],[135.451,34.588],[135.463,34.592],[135.433,34.59],[135.424,34.605],[135.459,34.605]]]]}},{"type":"Feature","properties":{"code":"2720200","name":"大阪府岸和田市"},"geometry":{"type":"MultiPolygon","coordinates":[[[[135.381,34.495],[135.442,34.46],[135.45,34.391],[135.464,34.377],[135.452,34.349],[135.433,34.349],[135.409,34.414],[135.388,34.417],[135.381,34.445],[135.354,34.463],[135.37,34.468],[135.365,34.48],[135.377,34.475],[135.372,34.5],[135.381,34.495]]]]}},{"type":"Feature","properties":{"code":"2720300","name":"大阪府豊中市"},"geometry":{"type":"MultiPolygon","coordinates":[[[[135.499,34.823],[135.508,34.811],[135.492,34.79],[135.5,34.777],[135.482,34.739],[135.462,34.733],[135.443,34.8],[135.499,34.823]]]]}},{"type":"Feature","properties":{"code":"2720400","name":"大阪府池田市"},"geometry":{"type":"MultiPolygon","coordinates":[[[[135.439,34.874],[135.461,34.851],[135.441,34.792],[135.416,34.819],[135.418,34.851],[135.439,34.874]]]]}},{"type":"Feature","properties":{"code":"2720500","name":"大阪府吹田市"},"geometry":{"type":"MultiPolygon","coordinates":[[[[135.507,34.83],[135.555,34.805],[135.537,34.786],[135.551,34.769],[135.507,34.745],[135.487,34.753],[135.507,34.83]]]]}},{"type":"Feature","properties":{"code":"2720600","name":"大阪府泉大津市"},"geometry":{"type":"MultiPolygon","coordinates":[[[[135.381,34.53],[135.39,34.505],[135.411,34.522],[135.433,34.515],[135.428,34.49],[135.412,34.482],[135.378,34.508],[135.368,34.519],[135.381,34.53]]]]}},{"type":"Feature","properties":{"code":"2720700","name":"大阪府高槻市"},"geometry":{"type":"MultiPolygon","coordinates":[[[[135.584,34.976],[135.614,34.97],[135.618,34.958],[135.6,34.929],[135.629,34.933],[135.636,34.891],[135.672,34.869],[135.602,34.781],[135.606,34.818],[135.587,34.824],[135.563,34.871],[135.582,34.935],[135.557,34.939],[135.584,34.976]]]]}},{"type":"Feature","properties":{"code":"2720800","name":"大阪府貝塚市"},"geometry":{"type":"MultiPolygon","coordinates":[[[[135.351,34.462],[135.353,34.451],[135.359,34.46],[135.381,34.446],[135.388,34.417],[135.409,34.414],[135.434,34.348],[135.426,34.341],[135.392,34.347],[135.382,34.367],[135.388,34.386],[135.368,34.417],[135.329,34.434],[135.351,34.462]]]]}},{"type":"Feature","properties":{"code":"2720900","name":"大阪府守口市"},"geometry":{"type":"MultiPolygon","coordinates":[[[[135.595,34.763],[135.607,34.749],[135.572,34.741],[135.584,34.723],[135.57,34.709],[135.555,34.725],[135.557,34.75],[135.595,34.763]]]]}},{"type":"Feature","properties":{"code":"2721000","name":"大阪府枚方市"},"geometry":{"type":"MultiPolygon","coordinates":[[[[135.689,34.869],[135.696,34.848],[135.707,34.849],[135.746,34.804],[135.74,34.788],[135.721,34.774],[135.708,34.798],[135.677,34.803],[135.664,34.796],[135.671,34.779],[135.653,34.773],[135.614,34.792],[135.68,34.881],[135.689,34.869]]]]}},{"type":"Feature","properties":{"code":"2721100","name":"大阪府茨木市"},"geometry":{"type":"MultiPolygon","coordinates":[[[[135.53,34.927],[135.542,34.915],[135.576,34.913],[135.567,34.856],[135.582,34.847],[135.587,34.824],[135.606,34.818],[135.567,34.775],[135.555,34.807],[135.524,34.824],[135.513,34.873],[135.496,34.882],[135.53,34.927]]]]}},{"type":"Feature","properties":{"code":"2721200","name":"大阪府八尾市"},"geometry":{"type":"MultiPolygon","coordinates":[[[[135.601,34.651],[135.663,34.643],[135.649,34.6],[135.604,34.583],[135.577,34.593],[135.587,34.608],[135.562,34.622],[135.575,34.618],[135.575,34.632],[135.601,34.651]]]]}},{"type":"Feature","properties":{"code":"2721300","name":"大阪府泉佐野市"},"geometry":{"type":"MultiPolygon","coordinates":[[[[135.325,34.437],[135.357,34.418],[135.336,34.401],[135.343,34.387],[135.407,34.347],[135.406,34.334],[135.347,34.331],[135.31,34.38],[135.289,34.38],[135.3,34.39],[135.293,34.414],[135.32,34.422],[135.325,34.437]]]]}},{"type":"Feature","properties":{"code":"2721400","name":"大阪府富田林市"},"geometry":{"type":"MultiPolygon","coordinates":[[[[135.59,34.532],[135.627,34.525],[135.617,34.51],[135.627,34.488],[135.613,34.489],[135.616,34.453],[135.603,34.439],[135.558,34.486],[135.561,34.513],[135.582,34.51],[135.59,34.532]]]]}},{"type":"Feature","properties":{"code":"2721500","name":"大阪府寝屋川市"},"geometry":{"type":"MultiPolygon","coordinates":[[[[135.617,34.791],[135.662,34.77],[135.657,34.747],[135.627,34.745],[135.633,34.728],[135.587,34.768],[135.617,34.791]]]]}},{"type":"Feature","properties":{"code":"2721600","name":"大阪府河内長野市"},"geometry":{"type":"MultiPolygon","coordinates":[[[[135.559,34.48],[135.662,34.393],[135.577,34.376],[135.505,34.336],[135.485,34.363],[135.519,34.388],[135.519,34.436],[135.559,34.48]]]]}},{"type":"Feature","properties":{"code":"2721700","name":"大阪府松原市"},"geometry":{"type":"MultiPolygon","coordinates":[[[[135.539,34.599],[135.586,34.59],[135.561,34.554],[135.522,34.577],[135.522,34.594],[135.539,34.599]]]]}},{"type":"Feature","properties":{"code":"2721800","name":"大阪府大東市"},"geometry":{"type":"MultiPolygon","coordinates":[[[[135.64,34.732],[135.673,34.716],[135.673,34.701],[135.618,34.696],[135.591,34.707],[135.64,34.732]]]]}},{"type":"Feature","properties":{"code":"2721900","name":"大阪府和泉市"},"geometry":{"type":"MultiPolygon","coordinates":[[[[135.457,34.515],[135.5,34.435],[135.527,34.425],[135.52,34.388],[135.466,34.347],[135.454,34.35],[135.464,34.378],[135.45,34.391],[135.442,34.46],[135.416,34.473],[135.432,34.513],[135.457,34.515]]]]}},{"type":"Feature","properties":{"code":"2722000","name":"大阪府箕面市"},"geometry":{"type":"MultiPolygon","coordinates":[[[[135.473,34.91],[135.487,34.898],[135.482,34.875],[135.511,34.875],[135.526,34.831],[135.45,34.807],[135.459,34.861],[135.438,34.88],[135.473,34.91]]]]}},{"type":"Feature","properties":{"code":"2722100","name":"大阪府柏原市"},"geometry":{"type":"MultiPolygon","coordinates":[[[[135.654,34.603],[135.675,34.602],[135.681,34.583],[135.655,34.548],[135.623,34.552],[135.627,34.578],[135.608,34.591],[135.654,34.603]]]]}},{"type":"Feature","properties":{"code":"2722200","name":"大阪府羽曳野市"},"geometry":{"type":"MultiPolygon","coordinates":[[[[135.581,34.581],[135.598,34.554],[135.621,34.564],[135.623,34.552],[135.637,34.557],[135.659,34.541],[135.628,34.525],[135.583,34.534],[135.567,34.561],[135.567,34.577],[135.581,34.581]]]]}},{"type":"Feature","properties":{"code":"2722300","name":"大阪府門真市"},"geometry":{"type":"MultiPolygon","coordinates":[[[[135.608,34.747],[135.624,34.722],[135.587,34.711],[135.572,34.74],[135.608,34.747]]]]}},{"type":"Feature","properties":{"code":"2722400","name":"大阪府摂津市"},"geometry":{"type":"MultiPolygon","coordinates":[[[[135.599,34.794],[135.601,34.779],[135.561,34.754],[135.537,34.785],[135.562,34.793],[135.568,34.776],[135.599,34.794]]]]}},{"type":"Feature","properties":{"code":"2722500","name":"大阪府高石市"},"geometry":{"type":"MultiPolygon","coordinates":[[[[135.439,34.54],[135.46,34.519],[135.453,34.512],[135.419,34.519],[135.439,34.54]]],[[[135.418,34.539],[135.436,34.543],[135.42,34.525],[135.4,34.536],[135.405,34.547],[135.418,34.539]]]]}},{"type":"Feature","properties":{"code":"2722600","name":"大阪府藤井寺市"},"geometry":{"type":"MultiPolygon","coordinates":[[[[135.586,34.588],[135.627,34.576],[135.6,34.554],[135.586,34.588]]]]}},{"type":"Feature","properties":{"code":"2722700","name":"大阪府東大阪市"},"geometry":{"type":"MultiPolygon","coordinates":[[[[135.629,34.702],[135.673,34.699],[135.679,34.679],[135.665,34.643],[135.594,34.651],[135.584,34.632],[135.561,34.641],[135.566,34.688],[135.595,34.703],[135.629,34.702]]]]}},{"type":"Feature","properties":{"code":"2722800","name":"大阪府泉南市"},"geometry":{"type":"MultiPolygon","coordinates":[[[[135.279,34.396],[135.29,34.379],[135.31,34.38],[135.34,34.337],[135.331,34.317],[135.305,34.314],[135.293,34.299],[135.25,34.365],[135.279,34.396]]]]}},{"type":"Feature","properties":{"code":"2722900","name":"大阪府四條畷市"},"geometry":{"type":"MultiPolygon","coordinates":[[[[135.661,34.749],[135.696,34.744],[135.703,34.723],[135.674,34.703],[135.655,34.727],[135.625,34.736],[135.63,34.749],[135.661,34.749]]]]}},{"type":"Feature","properties":{"code":"2723000","name":"大阪府交野市"},"geometry":{"type":"MultiPolygon","coordinates":[[[[135.677,34.802],[135.715,34.793],[135.71,34.754],[135.696,34.743],[135.659,34.752],[135.661,34.775],[135.672,34.778],[135.664,34.795],[135.677,34.802]]]]}},{"type":"Feature","properties":{"code":"2723100","name":"大阪府大阪狭山市"},"geometry":{"type":"MultiPolygon","coordinates":[[[[135.559,34.529],[135.564,34.491],[135.541,34.467],[135.533,34.515],[135.544,34.511],[135.559,34.529]]]]}},{"type":"Feature","properties":{"code":"2723200","name":"大阪府阪南市"},"geometry":{"type":"MultiPolygon","coordinates":[[[[135.251,34.377],[135.283,34.318],[135.226,34.301],[135.192,34.312],[135.193,34.338],[135.223,34.348],[135.251,34.377]]]]}},{"type":"Feature","properties":{"code":"2730100","name":"大阪府島本町"},"geometry":{"type":"MultiPolygon","coordinates":[[[[135.631,34.935],[135.683,34.888],[135.673,34.87],[135.635,34.892],[135.631,34.935]]]]}},{"type":"Feature","properties":{"code":"2732100","name":"大阪府豊能町"},"geometry":{"type":"MultiPolygon","coordinates":[[[[135.487,34.947],[135.514,34.944],[135.526,34.927],[135.499,34.878],[135.482,34.875],[135.487,34.897],[135.472,34.911],[135.432,34.892],[135.42,34.907],[135.44,34.921],[135.464,34.919],[135.487,34.947]]]]}},{"type":"Feature","properties":{"code":"2732200","name":"大阪府能勢町"},"geometry":{"type":"MultiPolygon","coordinates":[[[[135.357,35.05],[135.38,35.039],[135.383,35.01],[135.437,35.008],[135.493,34.989],[135.475,34.931],[135.418,34.934],[135.346,34.966],[135.359,34.982],[135.354,35.024],[135.331,35.035],[135.357,35.05]]]]}},{"type":"Feature","properties":{"code":"2734100","name":"大阪府忠岡町"},"geometry":{"type":"MultiPolygon","coordinates":[[[[135.378,34.508],[135.389,34.499],[135.404,34.495],[135.409,34.484],[135.418,34.48],[135.415,34.474],[135.395,34.489],[135.371,34.5],[135.374,34.507],[135.378,34.508]]]]}},{"type":"Feature","properties":{"code":"2736100","name":"大阪府熊取町"},"geometry":{"type":"MultiPolygon","coordinates":[[[[135.36,34.419],[135.387,34.386],[135.387,34.355],[135.336,34.397],[135.36,34.419]]]]}},{"type":"Feature","properties":{"code":"2736200","name":"大阪府田尻町"},"geometry":{"type":"MultiPolygon","coordinates":[[[[135.232,34.433],[135.241,34.437],[135.251,34.43],[135.24,34.423],[135.218,34.438],[135.229,34.446],[135.24,34.439],[135.232,34.433]]]]}},{"type":"Feature","properties":{"code":"2736600","name":"大阪府岬町"},"geometry":{"type":"MultiPolygon","coordinates":[[[[135.181,34.341],[135.194,34.337],[135.191,34.313],[135.208,34.308],[135.204,34.288],[135.11,34.273],[135.097,34.296],[135.106,34.309],[135.092,34.315],[135.131,34.326],[135.142,34.319],[135.181,34.341]]]]}},{"type":"Feature","properties":{"code":"2738100","name":"大阪府太子町"},"geometry":{"type":"MultiPolygon","coordinates":[[[[135.661,34.533],[135.677,34.525],[135.676,34.506],[135.649,34.498],[135.621,34.515],[135.661,34.533]]]]}},{"type":"Feature","properties":{"code":"2738200","name":"大阪府河南町"},"geometry":{"type":"MultiPolygon","coordinates":[[[[135.625,34.515],[135.649,34.498],[135.675,34.506],[135.682,34.465],[135.654,34.46],[135.667,34.447],[135.617,34.474],[135.625,34.515]]]]}},{"type":"Feature","properties":{"code":"2738300","name":"大阪府千早赤阪村"},"geometry":{"type":"MultiPolygon","coordinates":[[[[135.626,34.477],[135.666,34.446],[135.658,34.467],[135.682,34.465],[135.686,34.448],[135.665,34.424],[135.675,34.399],[135.656,34.396],[135.603,34.437],[135.626,34.477]]]]}},{"type":"Feature","properties":{"code":"2820100","name":"兵庫県姫路市"},"geometry":{"type":"MultiPolygon","coordinates":[[[[134.487,34.672],[134.5,34.645],[134.458,34.646],[134.463,34.664],[134.482,34.658],[134.487,34.672]]],[[[134.573,34.677],[134.591,34.666],[134.575,34.651],[134.562,34.668],[134.573,34.677]]],[[[134.536,34.687],[134.528,34.678],[134.546,34.68],[134.542,34.658],[134.508,34.677],[134.536,34.687]]],[[[134.677,35.093],[134.7,35.077],[134.706,35.055],[134.719,35.054],[134.721,35.036],[134.695,35.013],[134.712,34.994],[134.705,34.979],[134.717,34.953],[134.73,34.938],[134.767,34.936],[134.769,34.925],[134.793,34.919],[134.786,34.888],[134.813,34.867],[134.795,34.866],[134.804,34.844],[134.765,34.83],[134.779,34.818],[134.765,34.797],[134.743,34.801],[134.75,34.774],[134.757,34.794],[134.766,34.783],[134.759,34.759],[134.708,34.777],[134.686,34.778],[134.68,34.767],[134.66,34.774],[134.664,34.785],[134.65,34.771],[134.657,34.788],[134.646,34.767],[134.629,34.764],[134.644,34.782],[134.623,34.784],[134.624,34.769],[134.605,34.779],[134.57,34.758],[134.573,34.789],[134.558,34.809],[134.578,34.808],[134.596,34.828],[134.627,34.821],[134.632,34.837],[134.585,34.86],[134.596,34.897],[134.564,34.903],[134.575,34.964],[134.566,34.98],[134.579,34.988],[134.592,35.045],[134.613,35.061],[134.606,35.068],[134.618,35.085],[134.659,35.081],[134.677,35.093]]]]}},{"type":"Feature","properties":{"code":"2820200","name":"兵庫県尼崎市"},"geometry":{"type":"MultiPolygon","coordinates":[[[[135.374,34.781],[135.416,34.757],[135.421,34.771],[135.442,34.773],[135.46,34.733],[135.376,34.677],[135.401,34.699],[135.369,34.683],[135.384,34.723],[135.374,34.781]]]]}},{"type":"Feature","properties":{"code":"2820300","name":"兵庫県明石市"},"geometry":{"type":"MultiPolygon","coordinates":[[[[134.945,34.662],[134.871,34.703],[134.898,34.725],[134.93,34.699],[134.961,34.714],[134.977,34.659],[135.032,34.659],[135.017,34.641],[134.983,34.64],[134.945,34.662]]]]}},{"type":"Feature","properties":{"code":"2820500","name":"兵庫県洲本市"},"geometry":{"type":"MultiPolygon","coordinates":[[[[134.792,34.427],[134.84,34.422],[134.852,34.402],[134.869,34.413],[134.879,34.394],[134.895,34.398],[134.894,34.353],[134.944,34.298],[134.952,34.267],[134.871,34.24],[134.835,34.269],[134.844,34.29],[134.836,34.318],[134.847,34.334],[134.814,34.356],[134.741,34.352],[134.792,34.427]]]]}},{"type":"Feature","properties":{"code":"2820600","name":"兵庫県芦屋市"},"geometry":{"type":"MultiPolygon","coordinates":[[[[135.285,34.781],[135.317,34.746],[135.324,34.719],[135.307,34.715],[135.285,34.744],[135.267,34.78],[135.285,34.781]]]]}},{"type":"Feature","properties":{"code":"2820700","name":"兵庫県伊丹市"},"geometry":{"type":"MultiPolygon","coordinates":[[[[135.395,34.806],[135.434,34.798],[135.444,34.769],[135.422,34.771],[135.416,34.757],[135.383,34.77],[135.37,34.791],[135.383,34.796],[135.375,34.811],[135.395,34.806]]]]}},{"type":"Feature","properties":{"code":"2820800","name":"兵庫県相生市"},"geometry":{"type":"MultiPolygon","coordinates":[[[[134.486,34.922],[134.48,34.912],[134.496,34.894],[134.464,34.851],[134.487,34.826],[134.499,34.83],[134.503,34.784],[134.477,34.772],[134.474,34.756],[134.466,34.809],[134.464,34.765],[134.451,34.754],[134.459,34.769],[134.442,34.775],[134.442,34.791],[134.426,34.789],[134.409,34.849],[134.434,34.904],[134.486,34.922]]]]}},{"type":"Feature","properties":{"code":"2820900","name":"兵庫県豊岡市"},"geometry":{"type":"MultiPolygon","coordinates":[[[[134.764,35.675],[134.765,35.661],[134.799,35.67],[134.837,35.657],[134.84,35.643],[134.867,35.659],[134.874,35.621],[134.854,35.589],[134.915,35.545],[134.929,35.512],[135.037,35.539],[135.048,35.407],[135.03,35.41],[134.991,35.386],[134.918,35.422],[134.901,35.404],[134.85,35.408],[134.809,35.452],[134.748,35.443],[134.743,35.422],[134.637,35.432],[134.631,35.455],[134.644,35.479],[134.619,35.502],[134.618,35.524],[134.636,35.527],[134.662,35.572],[134.692,35.578],[134.714,35.602],[134.713,35.634],[134.764,35.675]]]]}},{"type":"Feature","properties":{"code":"2821000","name":"兵庫県加古川市"},"geometry":{"type":"MultiPolygon","coordinates":[[[[134.817,34.862],[134.817,34.853],[134.858,34.854],[134.891,34.829],[134.92,34.824],[134.936,34.78],[134.933,34.769],[134.896,34.776],[134.88,34.756],[134.9,34.726],[134.853,34.725],[134.829,34.71],[134.832,34.698],[134.809,34.718],[134.812,34.733],[134.807,34.718],[134.807,34.756],[134.821,34.779],[134.794,34.813],[134.764,34.825],[134.805,34.844],[134.795,34.865],[134.817,34.862]]]]}},{"type":"Feature","properties":{"code":"2821200","name":"兵庫県赤穂市"},"geometry":{"type":"MultiPolygon","coordinates":[[[[134.373,34.856],[134.386,34.84],[134.411,34.852],[134.409,34.824],[134.425,34.81],[134.426,34.79],[134.444,34.789],[134.441,34.777],[134.458,34.763],[134.451,34.755],[134.455,34.768],[134.432,34.766],[134.433,34.747],[134.408,34.726],[134.374,34.731],[134.359,34.751],[134.353,34.745],[134.364,34.741],[134.338,34.738],[134.322,34.722],[134.313,34.738],[134.335,34.769],[134.295,34.817],[134.322,34.827],[134.326,34.849],[134.364,34.842],[134.373,34.856]]]]}},{"type":"Feature","properties":{"code":"2821300","name":"兵庫県西脇市"},"geometry":{"type":"MultiPolygon","coordinates":[[[[135.027,35.071],[135.039,35.052],[135.101,35.049],[135.047,34.999],[135.043,34.97],[134.973,34.953],[134.895,34.964],[134.895,34.984],[134.922,34.983],[134.928,35.007],[134.948,35.023],[134.944,35.037],[134.972,35.038],[134.964,35.056],[134.979,35.07],[135.027,35.071]]]]}},{"type":"Feature","properties":{"code":"2821400","name":"兵庫県宝塚市"},"geometry":{"type":"MultiPolygon","coordinates":[[[[135.312,34.959],[135.342,34.912],[135.322,34.899],[135.34,34.876],[135.373,34.858],[135.37,34.85],[135.412,34.841],[135.398,34.824],[135.403,34.809],[135.375,34.811],[135.383,34.797],[135.37,34.793],[135.371,34.775],[135.302,34.788],[135.303,34.802],[135.338,34.816],[135.315,34.858],[135.293,34.859],[135.275,34.917],[135.304,34.922],[135.312,34.959]]]]}},{"type":"Feature","properties":{"code":"2821500","name":"兵庫県三木市"},"geometry":{"type":"MultiPolygon","coordinates":[[[[135.145,34.943],[135.168,34.889],[135.155,34.883],[135.158,34.848],[135.14,34.835],[135.112,34.846],[135.076,34.816],[135.093,34.778],[135.061,34.764],[135.001,34.776],[134.964,34.762],[134.963,34.777],[134.934,34.781],[134.929,34.811],[134.941,34.806],[134.999,34.829],[135.008,34.853],[135.053,34.863],[135.062,34.884],[135.091,34.889],[135.112,34.924],[135.145,34.943]]]]}},{"type":"Feature","properties":{"code":"2821600","name":"兵庫県高砂市"},"geometry":{"type":"MultiPolygon","coordinates":[[[[134.782,34.814],[134.823,34.774],[134.81,34.766],[134.808,34.732],[134.758,34.751],[134.767,34.782],[134.759,34.793],[134.75,34.774],[134.746,34.785],[134.746,34.806],[134.764,34.797],[134.782,34.814]]]]}},{"type":"Feature","properties":{"code":"2821700","name":"兵庫県川西市"},"geometry":{"type":"MultiPolygon","coordinates":[[[[135.444,34.937],[135.469,34.926],[135.419,34.909],[135.431,34.892],[135.446,34.897],[135.431,34.856],[135.417,34.852],[135.424,34.802],[135.404,34.801],[135.398,34.824],[135.412,34.841],[135.37,34.85],[135.362,34.865],[135.383,34.877],[135.382,34.892],[135.408,34.927],[135.444,34.937]]]]}},{"type":"Feature","properties":{"code":"2821800","name":"兵庫県小野市"},"geometry":{"type":"MultiPolygon","coordinates":[[[[134.911,34.912],[134.937,34.903],[134.93,34.88],[135.002,34.9],[135.023,34.88],[135.025,34.853],[135.009,34.854],[134.999,34.829],[134.942,34.806],[134.916,34.826],[134.891,34.829],[134.883,34.84],[134.911,34.912]]]]}},{"type":"Feature","properties":{"code":"2821900","name":"兵庫県三田市"},"geometry":{"type":"MultiPolygon","coordinates":[[[[135.242,35.034],[135.255,35.012],[135.286,35.015],[135.286,34.998],[135.309,34.985],[135.298,34.974],[135.309,34.933],[135.303,34.921],[135.276,34.919],[135.28,34.886],[135.202,34.876],[135.16,34.893],[135.146,34.943],[135.107,34.931],[135.093,34.964],[135.126,34.956],[135.141,34.991],[135.177,34.998],[135.196,35.027],[135.242,35.034]]]]}},{"type":"Feature","properties":{"code":"2822000","name":"兵庫県加西市"},"geometry":{"type":"MultiPolygon","coordinates":[[[[134.852,35.01],[134.866,34.982],[134.892,34.981],[134.894,34.965],[134.934,34.949],[134.933,34.933],[134.902,34.929],[134.905,34.884],[134.887,34.84],[134.859,34.854],[134.816,34.853],[134.809,34.874],[134.786,34.889],[134.796,34.953],[134.833,35.005],[134.846,35.018],[134.852,35.01]]]]}},{"type":"Feature","properties":{"code":"2822100","name":"兵庫県丹波篠山市"},"geometry":{"type":"MultiPolygon","coordinates":[[[[135.253,35.177],[135.29,35.171],[135.279,35.15],[135.288,35.143],[135.34,35.15],[135.343,35.136],[135.39,35.129],[135.4,35.076],[135.377,35.065],[135.371,35.045],[135.337,35.042],[135.34,35.027],[135.322,35.014],[135.255,35.012],[135.243,35.035],[135.22,35.035],[135.196,35.027],[135.175,34.996],[135.139,34.99],[135.127,34.956],[135.098,34.959],[135.094,34.991],[135.08,34.989],[135.06,35.009],[135.096,35.055],[135.13,35.051],[135.129,35.082],[135.109,35.112],[135.151,35.13],[135.209,35.129],[135.228,35.15],[135.232,35.177],[135.253,35.177]]]]}},{"type":"Feature","properties":{"code":"2822200","name":"兵庫県養父市"},"geometry":{"type":"MultiPolygon","coordinates":[[[[134.81,35.451],[134.863,35.388],[134.798,35.357],[134.805,35.337],[134.773,35.319],[134.795,35.284],[134.771,35.267],[134.739,35.28],[134.717,35.275],[134.705,35.289],[134.686,35.273],[134.7,35.254],[134.682,35.242],[134.628,35.281],[134.6,35.267],[134.58,35.296],[134.507,35.338],[134.504,35.374],[134.53,35.394],[134.578,35.396],[134.605,35.382],[134.608,35.4],[134.645,35.412],[134.645,35.43],[134.744,35.422],[134.749,35.443],[134.81,35.451]]]]}},{"type":"Feature","properties":{"code":"2822300","name":"兵庫県丹波市"},"geometry":{"type":"MultiPolygon","coordinates":[[[[134.942,35.308],[135.0,35.29],[135.01,35.27],[135.056,35.264],[135.069,35.238],[135.109,35.266],[135.157,35.261],[135.167,35.241],[135.155,35.227],[135.2,35.196],[135.187,35.191],[135.188,35.172],[135.225,35.164],[135.229,35.151],[135.208,35.129],[135.151,35.131],[135.109,35.113],[135.128,35.082],[135.128,35.05],[135.112,35.061],[135.065,35.047],[135.026,35.058],[135.026,35.072],[134.948,35.069],[134.93,35.109],[134.961,35.146],[134.947,35.172],[134.957,35.19],[134.949,35.213],[134.918,35.213],[134.9,35.226],[134.909,35.233],[134.903,35.254],[134.942,35.308]]]]}},{"type":"Feature","properties":{"code":"2822400","name":"兵庫県南あわじ市"},"geometry":{"type":"MultiPolygon","coordinates":[[[[134.816,34.353],[134.847,34.333],[134.835,34.317],[134.844,34.29],[134.835,34.269],[134.871,34.24],[134.797,34.198],[134.734,34.189],[134.73,34.208],[134.7,34.221],[134.723,34.255],[134.701,34.242],[134.659,34.241],[134.676,34.255],[134.654,34.294],[134.687,34.331],[134.71,34.321],[134.744,34.353],[134.816,34.353]]]]}},{"type":"Feature","properties":{"code":"2822500","name":"兵庫県朝来市"},"geometry":{"type":"MultiPolygon","coordinates":[[[[134.924,35.417],[134.934,35.408],[134.917,35.341],[134.928,35.33],[134.921,35.316],[134.939,35.304],[134.902,35.25],[134.909,35.233],[134.899,35.227],[134.915,35.205],[134.845,35.162],[134.826,35.135],[134.791,35.143],[134.775,35.126],[134.767,35.146],[134.735,35.142],[134.718,35.179],[134.728,35.192],[134.699,35.214],[134.691,35.234],[134.699,35.258],[134.685,35.272],[134.704,35.289],[134.762,35.265],[134.789,35.276],[134.796,35.296],[134.773,35.319],[134.805,35.336],[134.798,35.357],[134.853,35.377],[134.863,35.388],[134.858,35.408],[134.902,35.404],[134.915,35.422],[134.924,35.417]]]]}},{"type":"Feature","properties":{"code":"2822600","name":"兵庫県淡路市"},"geometry":{"type":"MultiPolygon","coordinates":[[[[135.004,34.608],[135.024,34.574],[134.995,34.545],[134.989,34.512],[134.906,34.433],[134.894,34.399],[134.88,34.394],[134.866,34.414],[134.852,34.402],[134.84,34.422],[134.788,34.428],[134.818,34.469],[134.842,34.472],[134.878,34.525],[134.936,34.55],[134.976,34.598],[135.004,34.608]]]]}},{"type":"Feature","properties":{"code":"2822700","name":"兵庫県宍粟市"},"geometry":{"type":"MultiPolygon","coordinates":[[[[134.525,35.325],[134.58,35.296],[134.6,35.267],[134.628,35.281],[134.655,35.253],[134.668,35.256],[134.682,35.242],[134.694,35.249],[134.698,35.215],[134.727,35.194],[134.67,35.168],[134.656,35.111],[134.672,35.093],[134.659,35.081],[134.618,35.085],[134.607,35.07],[134.613,35.061],[134.6,35.059],[134.591,35.014],[134.565,34.978],[134.568,34.954],[134.549,34.957],[134.552,34.975],[134.516,34.975],[134.511,35.001],[134.488,35.0],[134.468,35.035],[134.436,35.039],[134.445,35.105],[134.413,35.123],[134.412,35.185],[134.383,35.195],[134.38,35.209],[134.403,35.241],[134.434,35.23],[134.462,35.237],[134.515,35.278],[134.505,35.337],[134.525,35.325]]]]}},{"type":"Feature","properties":{"code":"2822800","name":"兵庫県加東市"},"geometry":{"type":"MultiPolygon","coordinates":[[[[135.063,35.006],[135.093,34.991],[135.093,34.956],[135.118,34.929],[135.094,34.891],[135.063,34.884],[135.053,34.863],[135.025,34.853],[135.023,34.88],[135.002,34.9],[134.93,34.88],[134.93,34.913],[134.897,34.911],[134.909,34.918],[134.905,34.933],[134.934,34.934],[134.93,34.958],[134.973,34.953],[135.042,34.969],[135.052,34.981],[135.045,34.997],[135.063,35.006]]]]}},{"type":"Feature","properties":{"code":"2822900","name":"兵庫県たつの市"},"geometry":{"type":"MultiPolygon","coordinates":[[[[134.489,35.008],[134.512,35.001],[134.518,34.974],[134.553,34.975],[134.549,34.957],[134.57,34.954],[134.574,34.939],[134.563,34.903],[134.598,34.894],[134.577,34.846],[134.557,34.829],[134.573,34.79],[134.57,34.758],[134.528,34.783],[134.505,34.762],[134.5,34.774],[134.475,34.756],[134.476,34.771],[134.503,34.785],[134.503,34.814],[134.464,34.861],[134.496,34.893],[134.48,34.913],[134.485,34.922],[134.449,34.909],[134.449,34.931],[134.427,34.95],[134.476,34.979],[134.489,35.008]]]]}},{"type":"Feature","properties":{"code":"2830100","name":"兵庫県猪名川町"},"geometry":{"type":"MultiPolygon","coordinates":[[[[135.35,35.026],[135.359,34.984],[135.346,34.965],[135.418,34.935],[135.381,34.891],[135.384,34.878],[135.361,34.864],[135.32,34.899],[135.341,34.915],[135.302,34.963],[135.308,34.988],[135.285,34.999],[135.29,35.013],[135.35,35.026]]]]}},{"type":"Feature","properties":{"code":"2836500","name":"兵庫県多可町"},"geometry":{"type":"MultiPolygon","coordinates":[[[[134.936,35.216],[134.951,35.209],[134.948,35.155],[134.961,35.148],[134.93,35.108],[134.945,35.094],[134.947,35.069],[134.978,35.07],[134.964,35.055],[134.971,35.039],[134.942,35.036],[134.948,35.024],[134.928,35.008],[134.922,34.983],[134.866,34.981],[134.836,35.065],[134.855,35.089],[134.854,35.113],[134.903,35.161],[134.902,35.194],[134.936,35.216]]]]}},{"type":"Feature","properties":{"code":"2838100","name":"兵庫県稲美町"},"geometry":{"type":"MultiPolygon","coordinates":[[[[134.945,34.778],[134.963,34.777],[134.966,34.752],[134.949,34.733],[134.911,34.722],[134.886,34.737],[134.88,34.758],[134.896,34.777],[134.932,34.769],[134.945,34.778]]]]}},{"type":"Feature","properties":{"code":"2838200","name":"兵庫県播磨町"},"geometry":{"type":"MultiPolygon","coordinates":[[[[134.883,34.728],[134.891,34.721],[134.871,34.703],[134.848,34.715],[134.883,34.728]]]]}},{"type":"Feature","properties":{"code":"2844200","name":"兵庫県市川町"},"geometry":{"type":"MultiPolygon","coordinates":[[[[134.838,35.058],[134.848,35.022],[134.806,34.97],[134.762,34.964],[134.763,34.978],[134.732,34.987],[134.706,35.019],[134.72,35.053],[134.766,35.036],[134.838,35.058]]]]}},{"type":"Feature","properties":{"code":"2844300","name":"兵庫県福崎町"},"geometry":{"type":"MultiPolygon","coordinates":[[[[134.712,35.018],[134.732,34.987],[134.763,34.977],[134.763,34.964],[134.805,34.97],[134.795,34.918],[134.769,34.925],[134.767,34.935],[134.729,34.939],[134.695,35.012],[134.712,35.018]]]]}},{"type":"Feature","properties":{"code":"2844600","name":"兵庫県神河町"},"geometry":{"type":"MultiPolygon","coordinates":[[[[134.891,35.194],[134.908,35.189],[134.904,35.161],[134.853,35.113],[134.856,35.09],[134.836,35.06],[134.795,35.039],[134.745,35.04],[134.706,35.055],[134.7,35.077],[134.656,35.11],[134.67,35.167],[134.699,35.184],[134.721,35.186],[134.732,35.145],[134.756,35.137],[134.768,35.145],[134.774,35.126],[134.79,35.142],[134.835,35.14],[134.845,35.162],[134.879,35.175],[134.891,35.194]]]]}},{"type":"Feature","properties":{"code":"2846400","name":"兵庫県太子町"},"geometry":{"type":"MultiPolygon","coordinates":[[[[134.589,34.856],[134.617,34.853],[134.631,34.837],[134.627,34.821],[134.596,34.828],[134.578,34.808],[134.557,34.81],[134.56,34.838],[134.589,34.856]]]]}},{"type":"Feature","properties":{"code":"2848100","name":"兵庫県上郡町"},"geometry":{"type":"MultiPolygon","coordinates":[[[[134.433,34.945],[134.452,34.92],[134.421,34.888],[134.413,34.852],[134.385,34.84],[134.369,34.859],[134.365,34.842],[134.327,34.849],[134.314,34.823],[134.264,34.827],[134.253,34.851],[134.263,34.884],[134.289,34.898],[134.314,34.933],[134.332,34.938],[134.337,34.925],[134.358,34.942],[134.388,34.935],[134.433,34.945]]]]}},{"type":"Feature","properties":{"code":"2850100","name":"兵庫県佐用町"},"geometry":{"type":"MultiPolygon","coordinates":[[[[134.395,35.152],[134.414,35.145],[134.413,35.124],[134.445,35.105],[134.436,35.04],[134.477,35.028],[134.486,35.014],[134.475,34.979],[134.439,34.966],[134.425,34.942],[134.358,34.942],[134.339,34.925],[134.327,34.938],[134.293,34.908],[134.254,34.938],[134.286,34.995],[134.265,35.015],[134.282,35.037],[134.316,35.043],[134.319,35.083],[134.35,35.091],[134.367,35.147],[134.395,35.152]]]]}},{"type":"Feature","properties":{"code":"2858500","name":"兵庫県香美町"},"geometry":{"type":"MultiPolygon","coordinates":[[[[134.539,35.67],[134.56,35.65],[134.607,35.656],[134.616,35.639],[134.663,35.667],[134.662,35.648],[134.688,35.665],[134.704,35.653],[134.707,35.666],[134.733,35.66],[134.713,35.634],[134.714,35.601],[134.688,35.575],[134.662,35.572],[134.637,35.527],[134.617,35.523],[134.618,35.502],[134.644,35.479],[134.631,35.446],[134.649,35.422],[134.644,35.411],[134.618,35.407],[134.606,35.382],[134.577,35.396],[134.529,35.394],[134.502,35.366],[134.471,35.38],[134.491,35.448],[134.487,35.475],[134.517,35.508],[134.549,35.511],[134.543,35.556],[134.586,35.582],[134.574,35.617],[134.523,35.636],[134.528,35.653],[134.518,35.665],[134.539,35.67]]]]}},{"type":"Feature","properties":{"code":"2858600","name":"兵庫県新温泉町"},"geometry":{"type":"MultiPolygon","coordinates":[[[[134.517,35.666],[134.532,35.627],[134.574,35.617],[134.584,35.577],[134.543,35.556],[134.551,35.514],[134.518,35.507],[134.493,35.487],[134.487,35.436],[134.475,35.429],[134.44,35.443],[134.43,35.504],[134.413,35.515],[134.422,35.563],[134.408,35.565],[134.408,35.589],[134.37,35.614],[134.433,35.621],[134.439,35.636],[134.453,35.629],[134.517,35.666]]]]}},{"type":"Feature","properties":{"code":"2920200","name":"奈良県大和高田市"},"geometry":{"type":"MultiPolygon","coordinates":[[[[135.76,34.532],[135.766,34.484],[135.754,34.477],[135.714,34.519],[135.721,34.531],[135.76,34.532]]]]}},{"type":"Feature","properties":{"code":"2920300","name":"奈良県大和郡山市"},"geometry":{"type":"MultiPolygon","coordinates":[[[[135.733,34.666],[135.794,34.661],[135.824,34.637],[135.813,34.621],[135.821,34.613],[135.768,34.597],[135.76,34.619],[135.727,34.634],[135.733,34.666]]]]}},{"type":"Feature","properties":{"code":"2920400","name":"奈良県天理市"},"geometry":{"type":"MultiPolygon","coordinates":[[[[135.931,34.642],[135.951,34.623],[135.934,34.611],[135.939,34.596],[135.91,34.591],[135.868,34.549],[135.826,34.549],[135.806,34.589],[135.787,34.579],[135.795,34.612],[135.821,34.615],[135.813,34.622],[135.825,34.637],[135.847,34.638],[135.873,34.607],[135.894,34.611],[135.896,34.635],[135.924,34.629],[135.931,34.642]]]]}},{"type":"Feature","properties":{"code":"2920500","name":"奈良県橿原市"},"geometry":{"type":"MultiPolygon","coordinates":[[[[135.804,34.538],[135.825,34.526],[135.83,34.488],[135.81,34.495],[135.807,34.469],[135.752,34.465],[135.766,34.485],[135.757,34.497],[135.764,34.529],[135.804,34.538]]]]}},{"type":"Feature","properties":{"code":"2920600","name":"奈良県桜井市"},"geometry":{"type":"MultiPolygon","coordinates":[[[[135.921,34.591],[135.944,34.567],[135.942,34.539],[135.91,34.518],[135.912,34.505],[135.887,34.477],[135.889,34.455],[135.867,34.443],[135.869,34.458],[135.824,34.482],[135.831,34.502],[135.819,34.512],[135.819,34.544],[135.867,34.549],[135.921,34.591]]]]}},{"type":"Feature","properties":{"code":"2920701","name":"気象庁予報警報規程別表第四の二に示す「五條市北部」の区域"},"geometry":{"type":"MultiPolygon","coordinates":[[[[135.748,34.232],[135.731,34.228],[135.717,34.265],[135.674,34.281],[135.651,34.382],[135.68,34.408],[135.772,34.379],[135.775,34.289],[135.845,34.266],[135.804,34.235],[135.773,34.241],[135.748,34.232]]]]}},{"type":"Feature","properties":{"code":"2920800","name":"奈良県御所市"},"geometry":{"type":"MultiPolygon","coordinates":[[[[135.752,34.481],[135.771,34.442],[135.76,34.432],[135.765,34.42],[135.74,34.403],[135.742,34.387],[135.667,34.417],[135.687,34.449],[135.683,34.465],[135.741,34.471],[135.752,34.481]]]]}},{"type":"Feature","properties":{"code":"2920900","name":"奈良県生駒市"},"geometry":{"type":"MultiPolygon","coordinates":[[[[135.713,34.781],[135.728,34.777],[135.736,34.75],[135.757,34.736],[135.713,34.706],[135.729,34.659],[135.722,34.647],[135.67,34.663],[135.673,34.701],[135.704,34.723],[135.698,34.748],[135.71,34.754],[135.713,34.781]]]]}},{"type":"Feature","properties":{"code":"2921000","name":"奈良県香芝市"},"geometry":{"type":"MultiPolygon","coordinates":[[[[135.656,34.542],[135.658,34.563],[135.685,34.576],[135.704,34.574],[135.706,34.548],[135.719,34.551],[135.73,34.537],[135.708,34.519],[135.694,34.536],[135.675,34.541],[135.663,34.53],[135.656,34.542]]]]}},{"type":"Feature","properties":{"code":"2921100","name":"奈良県葛城市"},"geometry":{"type":"MultiPolygon","coordinates":[[[[135.677,34.539],[135.73,34.51],[135.749,34.474],[135.683,34.465],[135.666,34.534],[135.677,34.539]]]]}},{"type":"Feature","properties":{"code":"2921200","name":"奈良県宇陀市"},"geometry":{"type":"MultiPolygon","coordinates":[[[[136.024,34.636],[136.062,34.619],[136.047,34.601],[136.06,34.569],[136.107,34.556],[136.102,34.528],[136.089,34.526],[136.093,34.515],[136.069,34.489],[136.073,34.478],[136.039,34.48],[136.05,34.47],[136.031,34.457],[135.944,34.427],[135.919,34.445],[135.897,34.443],[135.888,34.477],[135.913,34.506],[135.91,34.518],[135.939,34.535],[135.947,34.559],[135.973,34.559],[135.97,34.589],[136.0,34.619],[135.992,34.628],[136.024,34.636]]]]}},{"type":"Feature","properties":{"code":"2932200","name":"奈良県山添村"},"geometry":{"type":"MultiPolygon","coordinates":[[[[136.06,34.7],[136.075,34.698],[136.082,34.666],[136.064,34.652],[136.04,34.662],[136.064,34.652],[136.068,34.622],[136.023,34.636],[135.993,34.628],[135.992,34.668],[135.955,34.654],[135.953,34.682],[135.98,34.699],[135.989,34.685],[136.011,34.684],[136.033,34.701],[136.06,34.7]]]]}},{"type":"Feature","properties":{"code":"2934200","name":"奈良県平群町"},"geometry":{"type":"MultiPolygon","coordinates":[[[[135.658,34.616],[135.673,34.662],[135.72,34.646],[135.712,34.611],[135.674,34.606],[135.658,34.616]]]]}},{"type":"Feature","properties":{"code":"2934300","name":"奈良県三郷町"},"geometry":{"type":"MultiPolygon","coordinates":[[[[135.652,34.607],[135.697,34.616],[135.712,34.605],[135.682,34.585],[135.676,34.601],[135.652,34.607]]]]}},{"type":"Feature","properties":{"code":"2934400","name":"奈良県斑鳩町"},"geometry":{"type":"MultiPolygon","coordinates":[[[[135.723,34.643],[135.756,34.618],[135.742,34.593],[135.71,34.599],[135.723,34.643]]]]}},{"type":"Feature","properties":{"code":"2934500","name":"奈良県安堵町"},"geometry":{"type":"MultiPolygon","coordinates":[[[[135.759,34.619],[135.767,34.598],[135.742,34.593],[135.759,34.619]]]]}},{"type":"Feature","properties":{"code":"2936100","name":"奈良県川西町"},"geometry":{"type":"MultiPolygon","coordinates":[[[[135.785,34.598],[135.795,34.591],[135.785,34.58],[135.751,34.581],[135.751,34.592],[135.785,34.598]]]]}},{"type":"Feature","properties":{"code":"2936200","name":"奈良県三宅町"},"geometry":{"type":"MultiPolygon","coordinates":[[[[135.758,34.575],[135.785,34.58],[135.794,34.569],[135.763,34.562],[135.758,34.575]]]]}},{"type":"Feature","properties":{"code":"2936300","name":"奈良県田原本町"},"geometry":{"type":"MultiPolygon","coordinates":[[[[135.806,34.59],[135.826,34.55],[135.818,34.535],[135.766,34.537],[135.763,34.561],[135.794,34.567],[135.79,34.579],[135.806,34.59]]]]}},{"type":"Feature","properties":{"code":"2938500","name":"奈良県曽爾村"},"geometry":{"type":"MultiPolygon","coordinates":[[[[136.14,34.559],[136.156,34.559],[136.172,34.535],[136.152,34.5],[136.073,34.477],[136.069,34.489],[136.102,34.529],[136.107,34.556],[136.114,34.546],[136.14,34.559]]]]}},{"type":"Feature","properties":{"code":"2938600","name":"奈良県御杖村"},"geometry":{"type":"MultiPolygon","coordinates":[[[[136.212,34.529],[136.215,34.501],[136.23,34.492],[136.206,34.449],[136.096,34.435],[136.081,34.473],[136.116,34.495],[136.151,34.499],[136.168,34.52],[136.212,34.529]]]]}},{"type":"Feature","properties":{"code":"2940100","name":"奈良県高取町"},"geometry":{"type":"MultiPolygon","coordinates":[[[[135.778,34.47],[135.806,34.443],[135.826,34.445],[135.846,34.428],[135.818,34.413],[135.812,34.423],[135.765,34.42],[135.763,34.465],[135.778,34.47]]]]}},{"type":"Feature","properties":{"code":"2940200","name":"奈良県明日香村"},"geometry":{"type":"MultiPolygon","coordinates":[[[[135.781,34.462],[135.809,34.471],[135.809,34.496],[135.868,34.459],[135.867,34.445],[135.847,34.429],[135.781,34.462]]]]}},{"type":"Feature","properties":{"code":"2942400","name":"奈良県上牧町"},"geometry":{"type":"MultiPolygon","coordinates":[[[[135.725,34.555],[135.706,34.548],[135.712,34.582],[135.726,34.577],[135.725,34.555]]]]}},{"type":"Feature","properties":{"code":"2942500","name":"奈良県王寺町"},"geometry":{"type":"MultiPolygon","coordinates":[[[[135.716,34.591],[135.704,34.574],[135.671,34.574],[135.698,34.601],[135.716,34.591]]]]}},{"type":"Feature","properties":{"code":"2942600","name":"奈良県広陵町"},"geometry":{"type":"MultiPolygon","coordinates":[[[[135.745,34.578],[135.763,34.572],[135.767,34.53],[135.73,34.529],[135.721,34.547],[135.745,34.578]]]]}},{"type":"Feature","properties":{"code":"2942700","name":"奈良県河合町"},"geometry":{"type":"MultiPolygon","coordinates":[[[[135.723,34.595],[135.751,34.593],[135.753,34.58],[135.727,34.555],[135.727,34.577],[135.709,34.587],[135.723,34.595]]]]}},{"type":"Feature","properties":{"code":"2944100","name":"奈良県吉野町"},"geometry":{"type":"MultiPolygon","coordinates":[[[[135.888,34.453],[135.939,34.428],[135.971,34.438],[135.979,34.43],[135.939,34.397],[135.932,34.369],[135.922,34.376],[135.925,34.365],[135.879,34.333],[135.818,34.387],[135.856,34.401],[135.848,34.43],[135.888,34.453]]]]}},{"type":"Feature","properties":{"code":"2944200","name":"奈良県大淀町"},"geometry":{"type":"MultiPolygon","coordinates":[[[[135.847,34.428],[135.858,34.411],[135.843,34.393],[135.76,34.377],[135.743,34.389],[135.74,34.403],[135.763,34.42],[135.811,34.423],[135.816,34.413],[135.847,34.428]]]]}},{"type":"Feature","properties":{"code":"2944300","name":"奈良県下市町"},"geometry":{"type":"MultiPolygon","coordinates":[[[[135.819,34.385],[135.868,34.346],[135.822,34.323],[135.823,34.28],[135.783,34.285],[135.774,34.29],[135.78,34.325],[135.768,34.333],[135.772,34.38],[135.819,34.385]]]]}},{"type":"Feature","properties":{"code":"2944400","name":"奈良県黒滝村"},"geometry":{"type":"MultiPolygon","coordinates":[[[[135.87,34.343],[135.904,34.33],[135.915,34.285],[135.902,34.293],[135.844,34.27],[135.822,34.277],[135.822,34.323],[135.87,34.343]]]]}},{"type":"Feature","properties":{"code":"2944600","name":"奈良県天川村"},"geometry":{"type":"MultiPolygon","coordinates":[[[[135.902,34.292],[135.963,34.274],[135.973,34.256],[135.942,34.18],[135.86,34.176],[135.856,34.194],[135.795,34.176],[135.747,34.195],[135.75,34.233],[135.804,34.235],[135.853,34.282],[135.902,34.292]]]]}},{"type":"Feature","properties":{"code":"2944700","name":"奈良県野迫川村"},"geometry":{"type":"MultiPolygon","coordinates":[[[[135.671,34.224],[135.714,34.207],[135.691,34.185],[135.728,34.161],[135.73,34.139],[135.632,34.067],[135.593,34.079],[135.542,34.073],[135.547,34.099],[135.578,34.116],[135.588,34.147],[135.621,34.158],[135.642,34.184],[135.642,34.214],[135.671,34.224]]]]}},{"type":"Feature","properties":{"code":"2944900","name":"奈良県十津川村"},"geometry":{"type":"MultiPolygon","coordinates":[[[[135.758,34.153],[135.791,34.134],[135.878,34.151],[135.913,34.133],[135.891,34.067],[135.911,34.03],[135.899,33.983],[135.915,33.967],[135.892,33.946],[135.909,33.919],[135.894,33.92],[135.893,33.906],[135.866,33.922],[135.86,33.89],[135.882,33.88],[135.873,33.86],[135.852,33.894],[135.816,33.906],[135.756,33.885],[135.724,33.903],[135.685,33.904],[135.62,33.872],[135.622,33.898],[135.601,33.903],[135.617,33.954],[135.637,33.951],[135.639,33.984],[135.623,34.009],[135.594,34.013],[135.594,34.045],[135.553,34.069],[135.595,34.079],[135.622,34.065],[135.71,34.088],[135.758,34.153]]]]}},{"type":"Feature","properties":{"code":"2945000","name":"奈良県下北山村"},"geometry":{"type":"MultiPolygon","coordinates":[[[[135.924,34.127],[135.967,34.102],[135.973,34.063],[136.006,34.076],[136.055,34.035],[136.02,34.037],[135.975,33.986],[135.916,33.973],[135.9,33.982],[135.911,34.03],[135.891,34.067],[135.902,34.114],[135.924,34.127]]]]}},{"type":"Feature","properties":{"code":"2945100","name":"奈良県上北山村"},"geometry":{"type":"MultiPolygon","coordinates":[[[[136.025,34.234],[136.036,34.208],[136.108,34.185],[136.114,34.161],[136.1,34.119],[136.118,34.083],[136.094,34.083],[136.1,34.024],[136.056,34.034],[136.007,34.075],[135.972,34.064],[135.966,34.102],[135.915,34.127],[135.905,34.144],[135.904,34.171],[135.943,34.18],[135.956,34.226],[136.025,34.234]]]]}},{"type":"Feature","properties":{"code":"2945200","name":"奈良県川上村"},"geometry":{"type":"MultiPolygon","coordinates":[[[[135.974,34.378],[135.981,34.355],[135.998,34.35],[136.017,34.356],[136.047,34.344],[136.064,34.347],[136.068,34.364],[136.095,34.361],[136.102,34.337],[136.129,34.317],[136.095,34.302],[136.131,34.253],[136.11,34.228],[136.115,34.211],[136.092,34.196],[136.035,34.209],[136.02,34.237],[135.966,34.225],[135.973,34.257],[135.963,34.274],[135.914,34.285],[135.91,34.32],[135.888,34.341],[135.926,34.366],[135.922,34.376],[135.974,34.378]]]]}},{"type":"Feature","properties":{"code":"2945300","name":"奈良県東吉野村"},"geometry":{"type":"MultiPolygon","coordinates":[[[[136.039,34.48],[136.077,34.477],[136.086,34.464],[136.095,34.435],[136.07,34.391],[136.09,34.362],[136.069,34.364],[136.063,34.346],[136.046,34.344],[135.983,34.354],[135.97,34.381],[135.937,34.375],[135.94,34.398],[135.96,34.406],[135.976,34.437],[136.042,34.463],[136.05,34.469],[136.039,34.48]]]]}},{"type":"Feature","properties":{"code":"3020100","name":"和歌山県和歌山市"},"geometry":{"type":"MultiPolygon","coordinates":[[[[135.256,34.316],[135.271,34.311],[135.273,34.254],[135.306,34.253],[135.314,34.24],[135.274,34.222],[135.285,34.204],[135.277,34.176],[135.242,34.183],[135.185,34.157],[135.178,34.187],[135.18,34.17],[135.165,34.187],[135.139,34.19],[135.137,34.202],[135.15,34.197],[135.135,34.214],[135.144,34.219],[135.128,34.217],[135.14,34.225],[135.1,34.236],[135.128,34.227],[135.124,34.241],[135.062,34.263],[135.077,34.307],[135.103,34.311],[135.097,34.297],[135.11,34.273],[135.132,34.272],[135.147,34.284],[135.152,34.275],[135.184,34.279],[135.205,34.289],[135.208,34.307],[135.225,34.301],[135.256,34.316]]]]}},{"type":"Feature","properties":{"code":"3020200","name":"和歌山県海南市"},"geometry":{"type":"MultiPolygon","coordinates":[[[[135.285,34.203],[135.318,34.194],[135.291,34.167],[135.303,34.164],[135.302,34.147],[135.285,34.119],[135.239,34.122],[135.231,34.107],[135.166,34.094],[135.14,34.094],[135.113,34.113],[135.145,34.111],[135.132,34.133],[135.122,34.13],[135.128,34.137],[135.199,34.143],[135.209,34.152],[135.184,34.148],[135.202,34.173],[135.285,34.179],[135.285,34.203]]]]}},{"type":"Feature","properties":{"code":"3020300","name":"和歌山県橋本市"},"geometry":{"type":"MultiPolygon","coordinates":[[[[135.621,34.384],[135.65,34.383],[135.663,34.356],[135.66,34.327],[135.68,34.272],[135.655,34.241],[135.632,34.249],[135.644,34.267],[135.627,34.284],[135.574,34.284],[135.571,34.3],[135.55,34.298],[135.527,34.329],[135.539,34.357],[135.621,34.384]]]]}},{"type":"Feature","properties":{"code":"3020400","name":"和歌山県有田市"},"geometry":{"type":"MultiPolygon","coordinates":[[[[135.119,34.113],[135.141,34.094],[135.186,34.098],[135.191,34.066],[135.139,34.057],[135.079,34.073],[135.119,34.113]]]]}},{"type":"Feature","properties":{"code":"3020500","name":"和歌山県御坊市"},"geometry":{"type":"MultiPolygon","coordinates":[[[[135.176,33.95],[135.173,33.913],[135.216,33.869],[135.179,33.87],[135.209,33.837],[135.199,33.813],[135.163,33.845],[135.141,33.915],[135.158,33.921],[135.161,33.95],[135.176,33.95]]]]}},{"type":"Feature","properties":{"code":"3020700","name":"和歌山県新宮市"},"geometry":{"type":"MultiPolygon","coordinates":[[[[135.81,33.906],[135.852,33.894],[135.856,33.818],[135.892,33.8],[135.906,33.768],[135.938,33.757],[135.942,33.735],[135.975,33.723],[135.981,33.737],[136.012,33.723],[135.976,33.669],[135.93,33.691],[135.909,33.68],[135.864,33.723],[135.824,33.692],[135.808,33.71],[135.751,33.698],[135.747,33.716],[135.723,33.727],[135.746,33.737],[135.773,33.772],[135.799,33.77],[135.829,33.803],[135.792,33.846],[135.81,33.906]]],[[[135.875,33.918],[135.885,33.884],[135.892,33.894],[135.902,33.883],[135.875,33.862],[135.882,33.88],[135.858,33.897],[135.866,33.922],[135.875,33.918]]]]}},{"type":"Feature","properties":{"code":"3020800","name":"和歌山県紀の川市"},"geometry":{"type":"MultiPolygon","coordinates":[[[[135.437,34.348],[135.469,34.313],[135.448,34.281],[135.485,34.241],[135.48,34.202],[135.432,34.176],[135.283,34.203],[135.275,34.222],[135.334,34.248],[135.327,34.313],[135.338,34.335],[135.396,34.331],[135.437,34.348]]]]}},{"type":"Feature","properties":{"code":"3020900","name":"和歌山県岩出市"},"geometry":{"type":"MultiPolygon","coordinates":[[[[135.326,34.319],[135.336,34.305],[135.334,34.249],[135.315,34.239],[135.307,34.253],[135.273,34.254],[135.271,34.311],[135.284,34.317],[135.292,34.3],[135.326,34.319]]]]}},{"type":"Feature","properties":{"code":"3030400","name":"和歌山県紀美野町"},"geometry":{"type":"MultiPolygon","coordinates":[[[[135.48,34.202],[135.508,34.173],[135.431,34.116],[135.382,34.121],[135.317,34.105],[135.297,34.135],[135.303,34.165],[135.291,34.167],[135.318,34.194],[135.348,34.196],[135.363,34.183],[135.406,34.189],[135.434,34.176],[135.48,34.202]]]]}},{"type":"Feature","properties":{"code":"3034300","name":"和歌山県九度山町"},"geometry":{"type":"MultiPolygon","coordinates":[[[[135.551,34.297],[135.571,34.299],[135.575,34.283],[135.591,34.278],[135.627,34.284],[135.646,34.267],[135.616,34.234],[135.589,34.245],[135.579,34.273],[135.573,34.248],[135.534,34.239],[135.526,34.256],[135.543,34.284],[135.532,34.298],[135.551,34.297]]]]}},{"type":"Feature","properties":{"code":"3034400","name":"和歌山県高野町"},"geometry":{"type":"MultiPolygon","coordinates":[[[[135.704,34.271],[135.718,34.264],[135.727,34.222],[135.709,34.208],[135.678,34.223],[135.647,34.218],[135.634,34.2],[135.645,34.188],[135.622,34.159],[135.574,34.161],[135.565,34.193],[135.555,34.163],[135.537,34.157],[135.515,34.171],[135.529,34.204],[135.516,34.213],[135.522,34.237],[135.574,34.249],[135.574,34.273],[135.589,34.245],[135.615,34.234],[135.635,34.25],[135.661,34.245],[135.692,34.278],[135.704,34.271]]]]}},{"type":"Feature","properties":{"code":"3036100","name":"和歌山県湯浅町"},"geometry":{"type":"MultiPolygon","coordinates":[[[[135.167,34.063],[135.186,34.062],[135.196,34.035],[135.231,34.031],[135.239,34.01],[135.211,34.011],[135.14,34.057],[135.167,34.063]]]]}},{"type":"Feature","properties":{"code":"3036200","name":"和歌山県広川町"},"geometry":{"type":"MultiPolygon","coordinates":[[[[135.175,34.032],[135.218,34.008],[135.269,34.015],[135.279,34.005],[135.232,33.948],[135.178,33.956],[135.175,33.995],[135.144,33.989],[135.135,33.999],[135.151,34.008],[135.139,34.019],[135.175,34.032]]]]}},{"type":"Feature","properties":{"code":"3038100","name":"和歌山県美浜町"},"geometry":{"type":"MultiPolygon","coordinates":[[[[135.138,33.916],[135.153,33.876],[135.114,33.893],[135.059,33.88],[135.078,33.9],[135.13,33.903],[135.138,33.916]]]]}},{"type":"Feature","properties":{"code":"3038200","name":"和歌山県日高町"},"geometry":{"type":"MultiPolygon","coordinates":[[[[135.175,33.984],[135.178,33.956],[135.157,33.942],[135.158,33.92],[135.132,33.915],[135.131,33.904],[135.078,33.9],[135.058,33.88],[135.06,33.905],[135.084,33.911],[135.068,33.932],[135.102,33.954],[135.123,33.946],[135.175,33.984]]]]}},{"type":"Feature","properties":{"code":"3038300","name":"和歌山県由良町"},"geometry":{"type":"MultiPolygon","coordinates":[[[[135.129,34.001],[135.144,33.99],[135.174,33.995],[135.176,33.984],[135.121,33.946],[135.108,33.945],[135.117,33.96],[135.103,33.966],[135.073,33.958],[135.086,33.969],[135.068,33.977],[135.129,34.001]]]]}},{"type":"Feature","properties":{"code":"3039000","name":"和歌山県印南町"},"geometry":{"type":"MultiPolygon","coordinates":[[[[135.383,33.917],[135.396,33.915],[135.401,33.888],[135.322,33.874],[135.3,33.823],[135.264,33.807],[135.265,33.783],[135.236,33.781],[135.234,33.799],[135.2,33.814],[135.208,33.838],[135.179,33.869],[135.215,33.865],[135.2,33.882],[135.264,33.872],[135.315,33.905],[135.383,33.917]]]]}},{"type":"Feature","properties":{"code":"3039100","name":"和歌山県みなべ町"},"geometry":{"type":"MultiPolygon","coordinates":[[[[135.401,33.888],[135.464,33.853],[135.461,33.839],[135.391,33.838],[135.349,33.81],[135.334,33.743],[135.317,33.768],[135.299,33.764],[135.266,33.783],[135.267,33.811],[135.3,33.823],[135.324,33.876],[135.401,33.888]]]]}},{"type":"Feature","properties":{"code":"3040100","name":"和歌山県白浜町"},"geometry":{"type":"MultiPolygon","coordinates":[[[[135.522,33.704],[135.524,33.691],[135.545,33.692],[135.556,33.679],[135.553,33.657],[135.578,33.66],[135.603,33.645],[135.668,33.65],[135.636,33.621],[135.543,33.636],[135.527,33.608],[135.493,33.604],[135.49,33.584],[135.459,33.546],[135.393,33.589],[135.392,33.642],[135.33,33.67],[135.344,33.682],[135.333,33.693],[135.356,33.696],[135.36,33.68],[135.382,33.691],[135.406,33.676],[135.418,33.687],[135.499,33.667],[135.496,33.682],[135.522,33.704]]]]}},{"type":"Feature","properties":{"code":"3040400","name":"和歌山県上富田町"},"geometry":{"type":"MultiPolygon","coordinates":[[[[135.486,33.748],[135.479,33.715],[135.512,33.701],[135.499,33.667],[135.417,33.687],[135.4,33.681],[135.402,33.702],[135.444,33.744],[135.466,33.749],[135.47,33.769],[135.486,33.748]]]]}},{"type":"Feature","properties":{"code":"3040600","name":"和歌山県すさみ町"},"geometry":{"type":"MultiPolygon","coordinates":[[[[135.561,33.634],[135.644,33.623],[135.667,33.594],[135.661,33.576],[135.63,33.577],[135.629,33.554],[135.643,33.551],[135.623,33.532],[135.638,33.521],[135.627,33.503],[135.519,33.522],[135.488,33.551],[135.461,33.548],[135.494,33.605],[135.526,33.608],[135.543,33.635],[135.561,33.634]]]]}},{"type":"Feature","properties":{"code":"3042100","name":"和歌山県那智勝浦町"},"geometry":{"type":"MultiPolygon","coordinates":[[[[135.864,33.722],[135.908,33.68],[135.931,33.691],[135.977,33.659],[135.989,33.662],[135.98,33.65],[135.938,33.645],[135.953,33.622],[135.949,33.63],[135.946,33.618],[135.931,33.619],[135.922,33.596],[135.94,33.574],[135.892,33.558],[135.923,33.562],[135.902,33.545],[135.883,33.552],[135.876,33.581],[135.822,33.587],[135.823,33.612],[135.796,33.675],[135.779,33.683],[135.779,33.703],[135.807,33.709],[135.831,33.692],[135.864,33.722]]]]}},{"type":"Feature","properties":{"code":"3042200","name":"和歌山県太地町"},"geometry":{"type":"MultiPolygon","coordinates":[[[[135.945,33.605],[135.946,33.59],[135.961,33.595],[135.954,33.578],[135.923,33.588],[135.923,33.599],[135.936,33.594],[135.945,33.605]]]]}},{"type":"Feature","properties":{"code":"3042400","name":"和歌山県古座川町"},"geometry":{"type":"MultiPolygon","coordinates":[[[[135.718,33.728],[135.747,33.716],[135.751,33.698],[135.778,33.702],[135.78,33.683],[135.797,33.674],[135.824,33.611],[135.822,33.588],[135.84,33.578],[135.824,33.523],[135.81,33.537],[135.744,33.517],[135.721,33.532],[135.686,33.521],[135.667,33.531],[135.662,33.556],[135.631,33.575],[135.66,33.576],[135.668,33.591],[135.64,33.63],[135.668,33.65],[135.65,33.664],[135.655,33.689],[135.711,33.711],[135.718,33.728]]]]}},{"type":"Feature","properties":{"code":"3042700","name":"和歌山県北山村"},"geometry":{"type":"MultiPolygon","coordinates":[[[[136.007,34.007],[135.996,34.0],[136.013,33.968],[136.0,33.956],[135.977,33.967],[135.968,33.928],[135.929,33.941],[135.917,33.924],[135.932,33.917],[135.899,33.926],[135.894,33.95],[135.922,33.978],[135.975,33.986],[136.007,34.007]]]]}},{"type":"Feature","properties":{"code":"3042800","name":"和歌山県串本町"},"geometry":{"type":"MultiPolygon","coordinates":[[[[135.812,33.481],[135.863,33.472],[135.83,33.449],[135.823,33.462],[135.798,33.464],[135.812,33.481]]],[[[135.855,33.586],[135.88,33.579],[135.884,33.551],[135.898,33.545],[135.799,33.5],[135.781,33.464],[135.797,33.461],[135.788,33.438],[135.771,33.447],[135.763,33.434],[135.753,33.438],[135.751,33.451],[135.776,33.461],[135.775,33.478],[135.663,33.491],[135.622,33.53],[135.643,33.549],[135.629,33.555],[135.632,33.572],[135.663,33.555],[135.667,33.531],[135.686,33.521],[135.723,33.531],[135.745,33.517],[135.809,33.537],[135.824,33.523],[135.84,33.581],[135.855,33.586]]]]}},{"type":"Feature","properties":{"code":"3120200","name":"鳥取県米子市"},"geometry":{"type":"MultiPolygon","coordinates":[[[[133.266,35.497],[133.307,35.472],[133.372,35.457],[133.368,35.434],[133.378,35.431],[133.392,35.454],[133.432,35.47],[133.435,35.46],[133.455,35.461],[133.48,35.43],[133.442,35.414],[133.44,35.39],[133.416,35.389],[133.402,35.405],[133.389,35.384],[133.343,35.389],[133.324,35.375],[133.309,35.431],[133.227,35.477],[133.266,35.497]]]]}},{"type":"Feature","properties":{"code":"3120300","name":"鳥取県倉吉市"},"geometry":{"type":"MultiPolygon","coordinates":[[[[133.83,35.481],[133.865,35.474],[133.86,35.444],[133.888,35.424],[133.851,35.408],[133.829,35.355],[133.759,35.308],[133.697,35.327],[133.677,35.319],[133.577,35.36],[133.637,35.385],[133.667,35.419],[133.733,35.442],[133.761,35.471],[133.818,35.458],[133.83,35.481]]]]}},{"type":"Feature","properties":{"code":"3120400","name":"鳥取県境港市"},"geometry":{"type":"MultiPolygon","coordinates":[[[[133.272,35.552],[133.245,35.534],[133.263,35.501],[133.226,35.478],[133.201,35.535],[133.272,35.552]]]]}},{"type":"Feature","properties":{"code":"3130200","name":"鳥取県岩美町"},"geometry":{"type":"MultiPolygon","coordinates":[[[[134.37,35.614],[134.408,35.589],[134.408,35.565],[134.422,35.562],[134.413,35.516],[134.431,35.503],[134.435,35.471],[134.394,35.5],[134.35,35.478],[134.32,35.486],[134.328,35.533],[134.278,35.571],[134.295,35.589],[134.337,35.593],[134.339,35.608],[134.367,35.602],[134.37,35.614]]]]}},{"type":"Feature","properties":{"code":"3132500","name":"鳥取県若桜町"},"geometry":{"type":"MultiPolygon","coordinates":[[[[134.442,35.443],[134.48,35.427],[134.472,35.379],[134.514,35.354],[134.502,35.326],[134.515,35.279],[134.464,35.237],[134.436,35.229],[134.381,35.249],[134.384,35.292],[134.354,35.307],[134.376,35.361],[134.39,35.355],[134.39,35.378],[134.434,35.396],[134.442,35.443]]]]}},{"type":"Feature","properties":{"code":"3132800","name":"鳥取県智頭町"},"geometry":{"type":"MultiPolygon","coordinates":[[[[134.326,35.312],[134.383,35.292],[134.387,35.256],[134.369,35.232],[134.321,35.202],[134.28,35.197],[134.261,35.211],[134.167,35.172],[134.153,35.196],[134.164,35.228],[134.137,35.239],[134.15,35.259],[134.14,35.281],[134.159,35.272],[134.195,35.279],[134.22,35.301],[134.252,35.296],[134.271,35.309],[134.326,35.312]]]]}},{"type":"Feature","properties":{"code":"3132900","name":"鳥取県八頭町"},"geometry":{"type":"MultiPolygon","coordinates":[[[[134.278,35.45],[134.349,35.425],[134.38,35.44],[134.442,35.44],[134.446,35.421],[134.433,35.396],[134.389,35.378],[134.389,35.354],[134.375,35.361],[134.354,35.307],[134.308,35.314],[134.278,35.303],[134.242,35.335],[134.236,35.387],[134.214,35.412],[134.262,35.431],[134.278,35.45]]]]}},{"type":"Feature","properties":{"code":"3136400","name":"鳥取県三朝町"},"geometry":{"type":"MultiPolygon","coordinates":[[[[133.944,35.432],[133.996,35.423],[133.992,35.393],[134.041,35.374],[134.013,35.35],[133.934,35.335],[133.925,35.308],[133.863,35.293],[133.866,35.273],[133.845,35.25],[133.819,35.252],[133.8,35.292],[133.764,35.317],[133.829,35.356],[133.838,35.39],[133.867,35.422],[133.944,35.432]]]]}},{"type":"Feature","properties":{"code":"3137000","name":"鳥取県湯梨浜町"},"geometry":{"type":"MultiPolygon","coordinates":[[[[133.961,35.525],[133.971,35.513],[133.946,35.462],[133.951,35.428],[133.896,35.422],[133.86,35.444],[133.866,35.471],[133.847,35.478],[133.856,35.505],[133.926,35.51],[133.961,35.525]]]]}},{"type":"Feature","properties":{"code":"3137100","name":"鳥取県琴浦町"},"geometry":{"type":"MultiPolygon","coordinates":[[[[133.611,35.521],[133.717,35.504],[133.724,35.464],[133.637,35.385],[133.573,35.356],[133.559,35.364],[133.561,35.381],[133.583,35.389],[133.575,35.43],[133.599,35.449],[133.598,35.511],[133.611,35.521]]]]}},{"type":"Feature","properties":{"code":"3137200","name":"鳥取県北栄町"},"geometry":{"type":"MultiPolygon","coordinates":[[[[133.855,35.505],[133.85,35.482],[133.828,35.481],[133.818,35.458],[133.762,35.471],[133.73,35.441],[133.671,35.42],[133.723,35.462],[133.717,35.503],[133.855,35.505]]]]}},{"type":"Feature","properties":{"code":"3138400","name":"鳥取県日吉津村"},"geometry":{"type":"MultiPolygon","coordinates":[[[[133.378,35.456],[133.391,35.45],[133.38,35.43],[133.368,35.436],[133.378,35.456]]]]}},{"type":"Feature","properties":{"code":"3138600","name":"鳥取県大山町"},"geometry":{"type":"MultiPolygon","coordinates":[[[[133.592,35.532],[133.608,35.522],[133.599,35.449],[133.576,35.43],[133.583,35.389],[133.562,35.381],[133.55,35.346],[133.526,35.361],[133.515,35.397],[133.445,35.398],[133.442,35.414],[133.466,35.416],[133.48,35.437],[133.454,35.462],[133.435,35.46],[133.431,35.48],[133.498,35.516],[133.592,35.532]]]]}},{"type":"Feature","properties":{"code":"3138900","name":"鳥取県南部町"},"geometry":{"type":"MultiPolygon","coordinates":[[[[133.347,35.385],[133.391,35.374],[133.428,35.347],[133.408,35.32],[133.384,35.323],[133.386,35.275],[133.356,35.261],[133.357,35.239],[133.34,35.232],[133.332,35.258],[133.31,35.27],[133.293,35.321],[133.308,35.366],[133.347,35.385]]]]}},{"type":"Feature","properties":{"code":"3140100","name":"鳥取県日南町"},"geometry":{"type":"MultiPolygon","coordinates":[[[[133.316,35.267],[133.333,35.257],[133.336,35.235],[133.351,35.237],[133.354,35.219],[133.312,35.203],[133.303,35.212],[133.296,35.193],[133.343,35.163],[133.367,35.16],[133.376,35.176],[133.395,35.177],[133.412,35.121],[133.356,35.101],[133.339,35.107],[133.324,35.094],[133.293,35.101],[133.291,35.071],[133.27,35.058],[133.249,35.079],[133.229,35.068],[133.136,35.07],[133.149,35.14],[133.195,35.169],[133.182,35.201],[133.152,35.205],[133.153,35.219],[133.254,35.26],[133.316,35.267]]]]}},{"type":"Feature","properties":{"code":"3140200","name":"鳥取県日野町"},"geometry":{"type":"MultiPolygon","coordinates":[[[[133.444,35.271],[133.468,35.248],[133.47,35.23],[133.506,35.236],[133.526,35.184],[133.502,35.192],[133.448,35.171],[133.408,35.186],[133.375,35.176],[133.366,35.159],[133.336,35.166],[133.294,35.197],[133.303,35.213],[133.309,35.203],[133.351,35.215],[133.356,35.261],[133.391,35.236],[133.444,35.271]]]]}},{"type":"Feature","properties":{"code":"3140300","name":"鳥取県江府町"},"geometry":{"type":"MultiPolygon","coordinates":[[[[133.561,35.362],[133.596,35.345],[133.577,35.315],[133.567,35.256],[133.535,35.237],[133.47,35.23],[133.468,35.249],[133.445,35.266],[133.445,35.296],[133.508,35.328],[133.527,35.359],[133.549,35.348],[133.561,35.362]]]]}},{"type":"Feature","properties":{"code":"3220100","name":"島根県松江市"},"geometry":{"type":"MultiPolygon","coordinates":[[[[133.095,35.604],[133.121,35.579],[133.14,35.581],[133.131,35.576],[133.142,35.561],[133.16,35.572],[133.191,35.562],[133.192,35.58],[133.196,35.567],[133.211,35.567],[133.218,35.581],[133.234,35.579],[133.224,35.571],[133.292,35.578],[133.327,35.568],[133.201,35.535],[133.222,35.481],[133.186,35.461],[133.182,35.404],[133.066,35.33],[133.046,35.352],[133.045,35.375],[133.012,35.378],[133.004,35.366],[132.882,35.375],[132.875,35.398],[132.934,35.445],[132.91,35.47],[132.903,35.512],[132.972,35.516],[132.97,35.544],[133.028,35.539],[133.028,35.554],[133.06,35.565],[133.047,35.578],[133.098,35.58],[133.084,35.6],[133.095,35.604]]]]}},{"type":"Feature","properties":{"code":"3220200","name":"島根県浜田市"},"geometry":{"type":"MultiPolygon","coordinates":[[[[132.147,34.953],[132.166,34.946],[132.186,34.956],[132.19,34.93],[132.224,34.915],[132.236,34.941],[132.249,34.937],[132.26,34.896],[132.289,34.908],[132.339,34.862],[132.38,34.858],[132.393,34.837],[132.383,34.795],[132.335,34.79],[132.317,34.801],[132.298,34.777],[132.28,34.784],[132.277,34.799],[132.242,34.806],[132.243,34.783],[132.225,34.77],[132.222,34.75],[132.136,34.707],[132.108,34.719],[132.071,34.706],[132.037,34.719],[132.039,34.707],[132.021,34.701],[132.003,34.719],[131.983,34.712],[131.948,34.724],[131.931,34.749],[131.895,34.759],[131.897,34.775],[131.913,34.774],[131.929,34.794],[131.926,34.781],[131.946,34.792],[131.955,34.816],[131.99,34.829],[132.015,34.859],[132.007,34.866],[132.037,34.882],[132.057,34.873],[132.056,34.893],[132.069,34.891],[132.064,34.904],[132.082,34.912],[132.073,34.918],[132.105,34.935],[132.112,34.953],[132.143,34.963],[132.147,34.953]]]]}},{"type":"Feature","properties":{"code":"3220300","name":"島根県出雲市"},"geometry":{"type":"MultiPolygon","coordinates":[[[[132.866,35.513],[132.902,35.512],[132.912,35.467],[132.934,35.445],[132.875,35.398],[132.886,35.368],[132.864,35.354],[132.868,35.324],[132.84,35.319],[132.843,35.299],[132.813,35.299],[132.796,35.281],[132.792,35.247],[132.764,35.225],[132.764,35.2],[132.741,35.169],[132.695,35.16],[132.667,35.171],[132.649,35.21],[132.632,35.202],[132.581,35.232],[132.576,35.271],[132.629,35.288],[132.672,35.356],[132.673,35.399],[132.624,35.418],[132.628,35.434],[132.675,35.448],[132.686,35.441],[132.684,35.451],[132.71,35.441],[132.755,35.448],[132.757,35.457],[132.727,35.47],[132.8,35.484],[132.866,35.513]]]]}},{"type":"Feature","properties":{"code":"3220400","name":"島根県益田市"},"geometry":{"type":"MultiPolygon","coordinates":[[[[131.889,34.763],[131.932,34.748],[131.948,34.724],[131.983,34.712],[132.003,34.719],[132.02,34.701],[132.04,34.707],[132.038,34.719],[132.082,34.705],[132.109,34.718],[132.159,34.691],[132.116,34.613],[132.129,34.594],[132.115,34.565],[132.084,34.537],[132.053,34.53],[132.037,34.502],[132.06,34.492],[132.068,34.468],[132.04,34.475],[131.991,34.453],[131.995,34.472],[131.968,34.474],[131.957,34.516],[131.933,34.509],[131.905,34.525],[131.904,34.545],[131.925,34.563],[131.899,34.601],[131.869,34.596],[131.86,34.57],[131.827,34.589],[131.814,34.577],[131.803,34.587],[131.764,34.583],[131.763,34.571],[131.738,34.561],[131.726,34.568],[131.718,34.613],[131.695,34.622],[131.691,34.681],[131.739,34.675],[131.829,34.7],[131.871,34.733],[131.865,34.756],[131.889,34.763]]]]}},{"type":"Feature","properties":{"code":"3220500","name":"島根県大田市"},"geometry":{"type":"MultiPolygon","coordinates":[[[[132.575,35.272],[132.581,35.232],[132.631,35.202],[132.648,35.211],[132.66,35.199],[132.667,35.173],[132.629,35.137],[132.672,35.118],[132.667,35.097],[132.613,35.09],[132.605,35.117],[132.549,35.123],[132.522,35.101],[132.486,35.096],[132.475,35.075],[132.483,35.058],[132.457,35.017],[132.409,35.019],[132.384,34.999],[132.368,35.007],[132.356,35.045],[132.314,35.064],[132.325,35.09],[132.345,35.092],[132.341,35.103],[132.388,35.13],[132.381,35.146],[132.404,35.159],[132.418,35.19],[132.575,35.272]]]]}},{"type":"Feature","properties":{"code":"3220600","name":"島根県安来市"},"geometry":{"type":"MultiPolygon","coordinates":[[[[133.306,35.433],[133.324,35.374],[133.296,35.347],[133.293,35.32],[133.311,35.268],[133.254,35.26],[133.13,35.209],[133.106,35.216],[133.107,35.239],[133.073,35.251],[133.063,35.327],[133.179,35.4],[133.191,35.433],[133.186,35.461],[133.221,35.481],[133.306,35.433]]]]}},{"type":"Feature","properties":{"code":"3220700","name":"島根県江津市"},"geometry":{"type":"MultiPolygon","coordinates":[[[[132.314,35.064],[132.356,35.045],[132.387,34.977],[132.426,34.977],[132.464,34.948],[132.44,34.945],[132.421,34.926],[132.369,34.941],[132.31,34.909],[132.308,34.897],[132.289,34.908],[132.26,34.896],[132.249,34.937],[132.236,34.94],[132.224,34.915],[132.19,34.93],[132.186,34.956],[132.149,34.948],[132.151,34.976],[132.235,35.038],[132.275,35.041],[132.314,35.064]]]]}},{"type":"Feature","properties":{"code":"3220900","name":"島根県雲南市"},"geometry":{"type":"MultiPolygon","coordinates":[[[[132.914,35.374],[133.003,35.365],[133.011,35.378],[133.048,35.374],[133.045,35.353],[133.065,35.331],[133.072,35.249],[132.96,35.247],[132.966,35.219],[132.943,35.201],[132.95,35.16],[132.926,35.149],[132.906,35.155],[132.898,35.147],[132.91,35.131],[132.893,35.105],[132.86,35.093],[132.842,35.11],[132.814,35.105],[132.809,35.131],[132.77,35.113],[132.714,35.125],[132.701,35.162],[132.74,35.169],[132.763,35.198],[132.764,35.226],[132.792,35.246],[132.796,35.281],[132.813,35.299],[132.843,35.299],[132.84,35.318],[132.867,35.324],[132.864,35.353],[132.883,35.374],[132.914,35.374]]]]}},{"type":"Feature","properties":{"code":"3234300","name":"島根県奥出雲町"},"geometry":{"type":"MultiPolygon","coordinates":[[[[133.077,35.25],[133.108,35.239],[133.107,35.215],[133.172,35.209],[133.194,35.178],[133.191,35.162],[133.148,35.14],[133.14,35.076],[133.095,35.085],[133.033,35.068],[132.991,35.101],[132.949,35.076],[132.909,35.087],[132.893,35.105],[132.91,35.13],[132.899,35.14],[132.906,35.155],[132.925,35.149],[132.95,35.161],[132.943,35.201],[132.966,35.218],[132.961,35.248],[133.077,35.25]]]]}},{"type":"Feature","properties":{"code":"3238600","name":"島根県飯南町"},"geometry":{"type":"MultiPolygon","coordinates":[[[[132.676,35.174],[132.703,35.159],[132.715,35.124],[132.768,35.112],[132.809,35.131],[132.814,35.105],[132.841,35.11],[132.86,35.092],[132.828,35.062],[132.837,35.048],[132.814,35.041],[132.787,35.004],[132.766,34.997],[132.768,34.983],[132.745,34.976],[132.749,34.96],[132.721,34.948],[132.684,34.951],[132.685,34.965],[132.657,34.969],[132.649,34.984],[132.665,34.987],[132.663,35.006],[132.687,35.025],[132.717,35.023],[132.721,35.051],[132.659,35.085],[132.671,35.118],[132.63,35.136],[132.676,35.174]]]]}},{"type":"Feature","properties":{"code":"3244100","name":"島根県川本町"},"geometry":{"type":"MultiPolygon","coordinates":[[[[132.484,35.058],[132.501,35.053],[132.493,35.035],[132.524,35.009],[132.528,34.989],[132.564,34.994],[132.572,34.968],[132.561,34.95],[132.541,34.962],[132.509,34.941],[132.466,34.947],[132.425,34.977],[132.388,34.977],[132.389,35.009],[132.423,35.022],[132.459,35.017],[132.484,35.058]]]]}},{"type":"Feature","properties":{"code":"3244800","name":"島根県美郷町"},"geometry":{"type":"MultiPolygon","coordinates":[[[[132.549,35.123],[132.605,35.117],[132.613,35.09],[132.654,35.092],[132.722,35.051],[132.717,35.023],[132.687,35.025],[132.664,35.009],[132.665,34.987],[132.649,34.986],[132.657,34.969],[132.684,34.966],[132.685,34.949],[132.641,34.904],[132.615,34.932],[132.591,34.928],[132.564,34.994],[132.526,34.991],[132.524,35.009],[132.494,35.035],[132.501,35.052],[132.475,35.073],[132.487,35.097],[132.521,35.101],[132.549,35.123]]]]}},{"type":"Feature","properties":{"code":"3244900","name":"島根県邑南町"},"geometry":{"type":"MultiPolygon","coordinates":[[[[132.572,34.968],[132.591,34.928],[132.615,34.932],[132.635,34.899],[132.701,34.882],[132.71,34.85],[132.681,34.852],[132.668,34.832],[132.616,34.843],[132.539,34.795],[132.455,34.802],[132.436,34.821],[132.398,34.78],[132.382,34.786],[132.393,34.838],[132.381,34.857],[132.341,34.861],[132.306,34.893],[132.311,34.909],[132.369,34.941],[132.421,34.926],[132.446,34.947],[132.508,34.941],[132.54,34.962],[132.555,34.948],[132.572,34.968]]]]}},{"type":"Feature","properties":{"code":"3250100","name":"島根県津和野町"},"geometry":{"type":"MultiPolygon","coordinates":[[[[131.902,34.598],[131.925,34.563],[131.905,34.546],[131.905,34.526],[131.933,34.509],[131.957,34.516],[131.967,34.478],[131.939,34.463],[131.918,34.476],[131.898,34.47],[131.852,34.484],[131.83,34.457],[131.789,34.435],[131.697,34.436],[131.699,34.477],[131.682,34.479],[131.668,34.504],[131.707,34.533],[131.703,34.564],[131.72,34.573],[131.738,34.561],[131.765,34.583],[131.802,34.588],[131.814,34.577],[131.827,34.589],[131.859,34.57],[131.869,34.596],[131.902,34.598]]]]}},{"type":"Feature","properties":{"code":"3250500","name":"島根県吉賀町"},"geometry":{"type":"MultiPolygon","coordinates":[[[[131.864,34.483],[131.939,34.463],[131.964,34.477],[131.993,34.473],[131.995,34.451],[132.016,34.467],[132.054,34.471],[132.025,34.462],[132.016,34.437],[131.998,34.429],[131.99,34.413],[132.012,34.368],[131.974,34.341],[131.959,34.306],[131.92,34.337],[131.9,34.319],[131.887,34.326],[131.881,34.309],[131.82,34.302],[131.775,34.337],[131.763,34.381],[131.785,34.4],[131.799,34.447],[131.864,34.483]]]]}},{"type":"Feature","properties":{"code":"3252500","name":"島根県海士町"},"geometry":{"type":"MultiPolygon","coordinates":[[[[133.113,36.12],[133.136,36.102],[133.118,36.082],[133.152,36.075],[133.116,36.079],[133.117,36.064],[133.098,36.072],[133.108,36.064],[133.097,36.057],[133.103,36.051],[133.068,36.036],[133.08,36.068],[133.064,36.1],[133.082,36.103],[133.082,36.114],[133.091,36.096],[133.094,36.118],[133.113,36.12]]]]}},{"type":"Feature","properties":{"code":"3252600","name":"島根県西ノ島町"},"geometry":{"type":"MultiPolygon","coordinates":[[[[133.069,36.143],[133.092,36.137],[133.07,36.114],[133.042,36.11],[133.057,36.083],[133.046,36.061],[133.007,36.075],[133.005,36.106],[133.005,36.093],[132.977,36.084],[132.998,36.039],[132.947,36.064],[132.946,36.079],[132.978,36.114],[133.005,36.108],[133.014,36.138],[133.056,36.127],[133.069,36.143]]]]}},{"type":"Feature","properties":{"code":"3252700","name":"島根県知夫村"},"geometry":{"type":"MultiPolygon","coordinates":[[[[133.004,36.033],[133.073,36.011],[133.061,35.994],[133.042,36.012],[133.038,36.002],[133.009,36.002],[133.004,36.033]]]]}},{"type":"Feature","properties":{"code":"3252800","name":"島根県隠岐の島町"},"geometry":{"type":"MultiPolygon","coordinates":[[[[133.279,36.349],[133.308,36.32],[133.321,36.326],[133.325,36.308],[133.363,36.297],[133.363,36.279],[133.386,36.269],[133.373,36.251],[133.368,36.205],[133.34,36.196],[133.351,36.212],[133.343,36.224],[133.336,36.201],[133.306,36.198],[133.335,36.197],[133.34,36.17],[133.29,36.18],[133.288,36.171],[133.28,36.188],[133.278,36.17],[133.259,36.164],[133.259,36.173],[133.25,36.159],[133.249,36.175],[133.23,36.17],[133.245,36.189],[133.223,36.189],[133.208,36.209],[133.184,36.212],[133.193,36.244],[133.177,36.251],[133.188,36.275],[133.181,36.288],[133.205,36.281],[133.199,36.287],[133.216,36.29],[133.191,36.29],[133.196,36.302],[133.232,36.318],[133.226,36.328],[133.271,36.332],[133.279,36.349]]]]}},{"type":"Feature","properties":{"code":"3310000","name":"岡山県岡山市"},"geometry":{"type":"MultiPolygon","coordinates":[[[[133.91,34.948],[133.895,34.908],[133.938,34.884],[133.928,34.872],[133.958,34.872],[133.962,34.85],[133.994,34.85],[133.986,34.808],[133.962,34.786],[133.986,34.768],[133.971,34.75],[133.993,34.721],[134.044,34.749],[134.07,34.783],[134.087,34.782],[134.091,34.761],[134.122,34.753],[134.052,34.66],[134.083,34.65],[134.075,34.635],[134.1,34.64],[134.118,34.624],[134.108,34.614],[134.112,34.588],[134.092,34.581],[134.054,34.587],[134.063,34.608],[134.047,34.598],[134.042,34.608],[133.997,34.614],[133.98,34.6],[133.95,34.602],[133.96,34.584],[134.033,34.598],[134.046,34.576],[133.986,34.578],[133.971,34.558],[133.939,34.576],[133.92,34.545],[133.892,34.542],[133.885,34.525],[133.859,34.519],[133.817,34.547],[133.843,34.58],[133.835,34.662],[133.798,34.666],[133.804,34.686],[133.784,34.698],[133.798,34.707],[133.796,34.725],[133.746,34.749],[133.74,34.768],[133.748,34.786],[133.774,34.787],[133.795,34.819],[133.818,34.806],[133.818,34.835],[133.844,34.845],[133.848,34.885],[133.878,34.903],[133.849,34.917],[133.85,34.943],[133.868,34.933],[133.883,34.948],[133.91,34.948]]]]}},{"type":"Feature","properties":{"code":"3320200","name":"岡山県倉敷市"},"geometry":{"type":"MultiPolygon","coordinates":[[[[133.825,34.669],[133.839,34.635],[133.802,34.609],[133.825,34.591],[133.838,34.599],[133.843,34.581],[133.816,34.547],[133.866,34.52],[133.87,34.493],[133.859,34.483],[133.881,34.458],[133.829,34.475],[133.808,34.458],[133.821,34.429],[133.787,34.435],[133.757,34.473],[133.74,34.525],[133.734,34.499],[133.719,34.496],[133.737,34.491],[133.742,34.47],[133.705,34.477],[133.705,34.522],[133.688,34.525],[133.679,34.524],[133.69,34.505],[133.659,34.52],[133.647,34.504],[133.604,34.496],[133.649,34.545],[133.623,34.578],[133.649,34.596],[133.633,34.643],[133.694,34.664],[133.716,34.659],[133.729,34.626],[133.745,34.623],[133.764,34.645],[133.799,34.64],[133.802,34.663],[133.825,34.669]]]]}},{"type":"Feature","properties":{"code":"3320300","name":"岡山県津山市"},"geometry":{"type":"MultiPolygon","coordinates":[[[[134.087,35.307],[134.14,35.278],[134.151,35.258],[134.137,35.239],[134.164,35.228],[134.153,35.197],[134.169,35.18],[134.141,35.162],[134.131,35.104],[134.104,35.083],[134.102,35.051],[134.079,35.051],[134.084,35.019],[134.043,35.025],[134.031,35.017],[134.039,35.002],[133.99,35.026],[133.952,35.009],[133.949,35.051],[133.931,35.04],[133.935,35.023],[133.908,34.993],[133.895,34.984],[133.878,34.992],[133.874,35.042],[133.822,35.047],[133.836,35.098],[133.86,35.105],[133.881,35.081],[133.94,35.066],[133.996,35.178],[133.997,35.219],[134.011,35.231],[134.0,35.256],[134.019,35.269],[134.019,35.29],[134.03,35.305],[134.069,35.298],[134.087,35.307]]]]}},{"type":"Feature","properties":{"code":"3320400","name":"岡山県玉野市"},"geometry":{"type":"MultiPolygon","coordinates":[[[[134.031,34.576],[134.032,34.552],[134.009,34.55],[133.996,34.534],[134.003,34.512],[133.988,34.53],[133.963,34.526],[133.964,34.494],[133.935,34.479],[133.937,34.452],[133.881,34.457],[133.86,34.482],[133.87,34.494],[133.866,34.519],[133.887,34.525],[133.893,34.543],[133.92,34.545],[133.939,34.576],[133.97,34.558],[133.986,34.577],[134.031,34.576]]]]}},{"type":"Feature","properties":{"code":"3320500","name":"岡山県笠岡市"},"geometry":{"type":"MultiPolygon","coordinates":[[[[133.543,34.402],[133.557,34.396],[133.545,34.38],[133.559,34.367],[133.517,34.383],[133.543,34.402]]],[[[133.551,34.599],[133.571,34.583],[133.559,34.555],[133.541,34.551],[133.549,34.526],[133.53,34.497],[133.562,34.493],[133.573,34.466],[133.539,34.462],[133.486,34.514],[133.527,34.471],[133.527,34.453],[133.473,34.443],[133.49,34.459],[133.456,34.455],[133.446,34.483],[133.456,34.499],[133.445,34.506],[133.45,34.543],[133.505,34.563],[133.511,34.591],[133.551,34.599]]]]}},{"type":"Feature","properties":{"code":"3320700","name":"岡山県井原市"},"geometry":{"type":"MultiPolygon","coordinates":[[[[133.37,34.742],[133.403,34.736],[133.427,34.696],[133.453,34.684],[133.5,34.695],[133.529,34.717],[133.521,34.732],[133.537,34.743],[133.559,34.74],[133.563,34.719],[133.608,34.706],[133.571,34.68],[133.56,34.646],[133.522,34.65],[133.536,34.641],[133.536,34.631],[133.52,34.63],[133.529,34.6],[133.512,34.591],[133.505,34.564],[133.461,34.54],[133.385,34.617],[133.403,34.671],[133.375,34.695],[133.359,34.733],[133.37,34.742]]]]}},{"type":"Feature","properties":{"code":"3320800","name":"岡山県総社市"},"geometry":{"type":"MultiPolygon","coordinates":[[[[133.661,34.781],[133.687,34.744],[133.72,34.776],[133.74,34.768],[133.747,34.749],[133.791,34.731],[133.798,34.706],[133.783,34.699],[133.804,34.687],[133.794,34.673],[133.799,34.641],[133.763,34.645],[133.746,34.623],[133.731,34.622],[133.717,34.658],[133.692,34.664],[133.619,34.644],[133.613,34.671],[133.627,34.701],[133.582,34.719],[133.661,34.781]]]]}},{"type":"Feature","properties":{"code":"3320900","name":"岡山県高梁市"},"geometry":{"type":"MultiPolygon","coordinates":[[[[133.71,34.96],[133.718,34.91],[133.663,34.874],[133.641,34.837],[133.662,34.783],[133.581,34.719],[133.562,34.72],[133.56,34.74],[133.536,34.743],[133.521,34.734],[133.529,34.717],[133.501,34.696],[133.452,34.685],[133.426,34.697],[133.404,34.736],[133.371,34.742],[133.362,34.757],[133.378,34.808],[133.333,34.838],[133.337,34.87],[133.393,34.87],[133.424,34.886],[133.45,34.874],[133.473,34.886],[133.481,34.872],[133.514,34.866],[133.565,34.887],[133.563,34.915],[133.589,34.933],[133.59,34.951],[133.604,34.952],[133.617,34.932],[133.619,34.9],[133.65,34.916],[133.65,34.943],[133.71,34.96]]]]}},{"type":"Feature","properties":{"code":"3321000","name":"岡山県新見市"},"geometry":{"type":"MultiPolygon","coordinates":[[[[133.509,35.192],[133.536,35.175],[133.538,35.152],[133.591,35.138],[133.575,35.095],[133.589,35.079],[133.583,35.034],[133.6,35.02],[133.584,34.998],[133.606,34.996],[133.601,34.986],[133.621,34.962],[133.596,34.958],[133.586,34.929],[133.568,34.928],[133.564,34.886],[133.519,34.868],[133.482,34.872],[133.473,34.886],[133.451,34.874],[133.425,34.887],[133.39,34.869],[133.353,34.877],[133.324,34.859],[133.294,34.903],[133.309,34.937],[133.298,34.957],[133.32,34.984],[133.32,35.007],[133.267,35.052],[133.291,35.071],[133.288,35.095],[133.403,35.114],[133.412,35.134],[133.393,35.168],[133.407,35.186],[133.449,35.171],[133.509,35.192]]]]}},{"type":"Feature","properties":{"code":"3321100","name":"岡山県備前市"},"geometry":{"type":"MultiPolygon","coordinates":[[[[134.298,34.73],[134.322,34.714],[134.335,34.723],[134.347,34.708],[134.275,34.713],[134.298,34.73]]],[[[134.252,34.949],[134.295,34.908],[134.263,34.885],[134.253,34.853],[134.264,34.827],[134.288,34.828],[134.335,34.769],[134.313,34.739],[134.322,34.723],[134.297,34.736],[134.245,34.716],[134.186,34.743],[134.179,34.735],[134.205,34.726],[134.195,34.717],[134.214,34.716],[134.197,34.708],[134.232,34.707],[134.162,34.685],[134.165,34.714],[134.145,34.726],[134.122,34.702],[134.108,34.712],[134.106,34.741],[134.143,34.766],[134.201,34.767],[134.191,34.8],[134.216,34.839],[134.206,34.857],[134.181,34.86],[134.184,34.876],[134.2,34.895],[134.196,34.915],[134.227,34.909],[134.252,34.949]]]]}},{"type":"Feature","properties":{"code":"3321200","name":"岡山県瀬戸内市"},"geometry":{"type":"MultiPolygon","coordinates":[[[[134.111,34.726],[134.107,34.712],[134.122,34.702],[134.127,34.718],[134.152,34.726],[134.165,34.715],[134.163,34.684],[134.233,34.715],[134.245,34.701],[134.213,34.684],[134.223,34.681],[134.188,34.651],[134.17,34.652],[134.175,34.631],[134.187,34.632],[134.17,34.614],[134.147,34.617],[134.113,34.588],[134.111,34.634],[134.079,34.633],[134.084,34.649],[134.052,34.659],[134.111,34.726]]]]}},{"type":"Feature","properties":{"code":"3321300","name":"岡山県赤磐市"},"geometry":{"type":"MultiPolygon","coordinates":[[[[134.026,34.95],[134.049,34.937],[134.089,34.942],[134.1,34.919],[134.085,34.899],[134.104,34.88],[134.08,34.877],[134.062,34.855],[134.044,34.858],[134.039,34.831],[134.085,34.823],[134.152,34.774],[134.121,34.753],[134.091,34.761],[134.087,34.781],[134.071,34.783],[134.044,34.749],[133.994,34.721],[133.971,34.75],[133.986,34.761],[133.98,34.78],[133.962,34.787],[133.987,34.809],[133.994,34.85],[133.962,34.85],[133.956,34.873],[134.004,34.895],[134.026,34.95]]]]}},{"type":"Feature","properties":{"code":"3321400","name":"岡山県真庭市"},"geometry":{"type":"MultiPolygon","coordinates":[[[[133.601,35.343],[133.679,35.319],[133.746,35.319],[133.799,35.293],[133.818,35.259],[133.816,35.219],[133.779,35.222],[133.779,35.177],[133.766,35.16],[133.8,35.133],[133.833,35.128],[133.846,35.102],[133.821,35.068],[133.819,35.035],[133.785,35.02],[133.809,34.952],[133.779,34.961],[133.748,34.945],[133.709,34.96],[133.675,34.951],[133.645,34.938],[133.65,34.915],[133.62,34.9],[133.618,34.931],[133.596,34.956],[133.621,34.962],[133.619,34.972],[133.601,34.986],[133.608,34.994],[133.583,34.998],[133.6,35.02],[133.583,35.034],[133.589,35.081],[133.574,35.1],[133.591,35.136],[133.569,35.148],[133.586,35.158],[133.589,35.184],[133.609,35.192],[133.595,35.242],[133.567,35.255],[133.577,35.314],[133.601,35.343]]]]}},{"type":"Feature","properties":{"code":"3321500","name":"岡山県美作市"},"geometry":{"type":"MultiPolygon","coordinates":[[[[134.264,35.209],[134.281,35.197],[134.294,35.159],[134.32,35.148],[134.339,35.148],[134.383,35.194],[134.412,35.186],[134.412,35.153],[134.368,35.147],[134.35,35.091],[134.319,35.083],[134.316,35.043],[134.283,35.038],[134.268,35.022],[134.265,35.005],[134.286,34.997],[134.271,34.983],[134.276,34.964],[134.246,34.948],[134.227,34.909],[134.197,34.915],[134.198,34.891],[134.173,34.899],[134.165,34.881],[134.128,34.889],[134.127,34.914],[134.111,34.911],[134.103,34.923],[134.121,34.936],[134.089,34.964],[134.107,34.973],[134.1,34.987],[134.11,34.992],[134.087,34.988],[134.087,35.009],[134.138,35.019],[134.138,35.049],[134.176,35.045],[134.186,35.064],[134.17,35.077],[134.176,35.092],[134.232,35.113],[134.217,35.189],[134.264,35.209]]]]}},{"type":"Feature","properties":{"code":"3321600","name":"岡山県浅口市"},"geometry":{"type":"MultiPolygon","coordinates":[[[[133.584,34.59],[133.594,34.577],[133.623,34.58],[133.65,34.545],[133.591,34.487],[133.602,34.474],[133.575,34.466],[133.561,34.494],[133.586,34.53],[133.562,34.538],[133.55,34.528],[133.541,34.55],[133.556,34.552],[133.571,34.587],[133.584,34.59]]]]}},{"type":"Feature","properties":{"code":"3334600","name":"岡山県和気町"},"geometry":{"type":"MultiPolygon","coordinates":[[[[134.106,34.915],[134.128,34.913],[134.129,34.889],[134.165,34.881],[134.172,34.899],[134.196,34.891],[134.181,34.859],[134.206,34.857],[134.216,34.84],[134.191,34.801],[134.2,34.766],[134.15,34.762],[134.15,34.784],[134.094,34.807],[134.08,34.826],[134.04,34.831],[134.044,34.857],[134.063,34.855],[134.081,34.877],[134.103,34.879],[134.097,34.897],[134.085,34.897],[134.099,34.923],[134.106,34.915]]]]}},{"type":"Feature","properties":{"code":"3342300","name":"岡山県早島町"},"geometry":{"type":"MultiPolygon","coordinates":[[[[133.813,34.617],[133.833,34.626],[133.84,34.601],[133.825,34.591],[133.808,34.597],[133.802,34.608],[133.813,34.617]]]]}},{"type":"Feature","properties":{"code":"3344500","name":"岡山県里庄町"},"geometry":{"type":"MultiPolygon","coordinates":[[[[133.563,34.538],[133.586,34.531],[133.563,34.506],[133.567,34.496],[133.53,34.497],[133.563,34.538]]]]}},{"type":"Feature","properties":{"code":"3346100","name":"岡山県矢掛町"},"geometry":{"type":"MultiPolygon","coordinates":[[[[133.613,34.706],[133.628,34.696],[133.613,34.672],[133.619,34.644],[133.633,34.64],[133.649,34.596],[133.61,34.574],[133.545,34.603],[133.53,34.6],[133.533,34.615],[133.519,34.629],[133.537,34.632],[133.536,34.641],[133.522,34.65],[133.56,34.646],[133.571,34.68],[133.613,34.706]]]]}},{"type":"Feature","properties":{"code":"3358600","name":"岡山県新庄村"},"geometry":{"type":"MultiPolygon","coordinates":[[[[133.57,35.254],[133.596,35.242],[133.609,35.192],[133.589,35.184],[133.58,35.153],[133.539,35.151],[133.541,35.167],[133.506,35.228],[133.57,35.254]]]]}},{"type":"Feature","properties":{"code":"3360600","name":"岡山県鏡野町"},"geometry":{"type":"MultiPolygon","coordinates":[[[[133.998,35.353],[134.016,35.347],[134.0,35.314],[134.03,35.305],[134.02,35.27],[134.001,35.256],[134.012,35.231],[133.997,35.218],[133.996,35.178],[133.937,35.064],[133.881,35.081],[133.867,35.102],[133.844,35.103],[133.833,35.128],[133.8,35.133],[133.767,35.158],[133.779,35.176],[133.778,35.221],[133.816,35.218],[133.818,35.252],[133.844,35.249],[133.865,35.272],[133.863,35.293],[133.925,35.307],[133.933,35.335],[133.998,35.353]]]]}},{"type":"Feature","properties":{"code":"3362200","name":"岡山県勝央町"},"geometry":{"type":"MultiPolygon","coordinates":[[[[134.144,35.103],[134.176,35.092],[134.17,35.078],[134.185,35.065],[134.178,35.047],[134.137,35.049],[134.139,35.02],[134.087,35.012],[134.079,35.05],[134.102,35.051],[134.105,35.084],[134.144,35.103]]]]}},{"type":"Feature","properties":{"code":"3362300","name":"岡山県奈義町"},"geometry":{"type":"MultiPolygon","coordinates":[[[[134.216,35.19],[134.231,35.11],[134.183,35.089],[134.133,35.101],[134.141,35.163],[134.216,35.19]]]]}},{"type":"Feature","properties":{"code":"3364300","name":"岡山県西粟倉村"},"geometry":{"type":"MultiPolygon","coordinates":[[[[134.396,35.25],[134.402,35.242],[134.382,35.221],[134.379,35.187],[134.339,35.148],[134.294,35.159],[134.282,35.198],[134.322,35.202],[134.373,35.246],[134.396,35.25]]]]}},{"type":"Feature","properties":{"code":"3366300","name":"岡山県久米南町"},"geometry":{"type":"MultiPolygon","coordinates":[[[[133.948,34.966],[134.004,34.965],[134.003,34.943],[134.016,34.938],[134.004,34.895],[133.945,34.87],[133.928,34.874],[133.938,34.884],[133.923,34.9],[133.894,34.91],[133.936,34.974],[133.948,34.966]]]]}},{"type":"Feature","properties":{"code":"3366600","name":"岡山県美咲町"},"geometry":{"type":"MultiPolygon","coordinates":[[[[133.956,35.044],[133.952,35.009],[133.988,35.026],[134.038,35.002],[134.03,35.016],[134.044,35.026],[134.078,35.025],[134.087,34.988],[134.11,34.992],[134.1,34.988],[134.106,34.972],[134.089,34.964],[134.121,34.931],[134.101,34.923],[134.088,34.943],[134.05,34.937],[134.025,34.951],[134.007,34.937],[134.004,34.964],[133.961,34.961],[133.938,34.975],[133.918,34.948],[133.884,34.948],[133.869,34.933],[133.823,34.953],[133.791,34.928],[133.766,34.937],[133.771,34.96],[133.81,34.954],[133.784,35.017],[133.812,35.027],[133.818,35.045],[133.874,35.042],[133.872,35.007],[133.894,34.984],[133.93,35.014],[133.938,35.032],[133.93,35.039],[133.948,35.051],[133.956,35.044]]]]}},{"type":"Feature","properties":{"code":"3368100","name":"岡山県吉備中央町"},"geometry":{"type":"MultiPolygon","coordinates":[[[[133.719,34.954],[133.762,34.952],[133.788,34.928],[133.832,34.951],[133.852,34.931],[133.851,34.916],[133.878,34.903],[133.851,34.89],[133.844,34.845],[133.818,34.835],[133.818,34.806],[133.796,34.82],[133.773,34.787],[133.748,34.788],[133.739,34.768],[133.72,34.775],[133.687,34.743],[133.64,34.832],[133.664,34.874],[133.718,34.909],[133.719,34.954]]]]}},{"type":"Feature","properties":{"code":"3420200","name":"広島県呉市"},"geometry":{"type":"MultiPolygon","coordinates":[[[[132.795,34.168],[132.772,34.162],[132.772,34.177],[132.786,34.189],[132.795,34.168]]],[[[132.849,34.196],[132.868,34.173],[132.803,34.154],[132.807,34.177],[132.849,34.196]]],[[[132.535,34.2],[132.534,34.189],[132.552,34.187],[132.558,34.173],[132.521,34.157],[132.548,34.142],[132.558,34.151],[132.539,34.107],[132.577,34.127],[132.59,34.109],[132.57,34.116],[132.556,34.08],[132.533,34.104],[132.513,34.091],[132.503,34.103],[132.499,34.091],[132.461,34.082],[132.448,34.109],[132.505,34.134],[132.493,34.153],[132.501,34.181],[132.535,34.2]]],[[[132.675,34.202],[132.684,34.188],[132.676,34.175],[132.645,34.172],[132.655,34.195],[132.675,34.202]]],[[[132.712,34.204],[132.758,34.193],[132.765,34.176],[132.739,34.158],[132.738,34.173],[132.686,34.184],[132.693,34.201],[132.712,34.204]]],[[[132.753,34.333],[132.76,34.296],[132.785,34.277],[132.754,34.282],[132.753,34.26],[132.773,34.256],[132.76,34.241],[132.701,34.238],[132.684,34.21],[132.66,34.219],[132.643,34.202],[132.596,34.231],[132.592,34.211],[132.539,34.194],[132.544,34.21],[132.532,34.223],[132.558,34.238],[132.525,34.246],[132.507,34.293],[132.533,34.303],[132.531,34.314],[132.556,34.313],[132.564,34.325],[132.596,34.305],[132.608,34.316],[132.639,34.315],[132.664,34.289],[132.753,34.333]]]]}},{"type":"Feature","properties":{"code":"3420300","name":"広島県竹原市"},"geometry":{"type":"MultiPolygon","coordinates":[[[[132.904,34.429],[132.905,34.399],[132.935,34.38],[132.941,34.356],[133.005,34.348],[133.011,34.33],[132.951,34.34],[132.929,34.326],[132.889,34.324],[132.853,34.298],[132.854,34.356],[132.786,34.372],[132.8,34.392],[132.817,34.394],[132.786,34.413],[132.788,34.424],[132.835,34.423],[132.877,34.406],[132.904,34.429]]]]}},{"type":"Feature","properties":{"code":"3420400","name":"広島県三原市"},"geometry":{"type":"MultiPolygon","coordinates":[[[[133.117,34.36],[133.127,34.337],[133.109,34.318],[133.095,34.331],[133.103,34.326],[133.104,34.356],[133.117,34.36]]],[[[132.912,34.594],[132.997,34.547],[133.039,34.564],[133.08,34.55],[133.086,34.537],[133.052,34.499],[133.081,34.483],[133.108,34.495],[133.134,34.447],[133.159,34.438],[133.138,34.412],[133.162,34.403],[133.127,34.383],[133.085,34.396],[133.097,34.379],[133.086,34.379],[133.079,34.346],[133.04,34.331],[133.012,34.329],[133.002,34.349],[132.942,34.356],[132.934,34.381],[132.912,34.386],[132.906,34.425],[132.894,34.434],[132.904,34.444],[132.889,34.465],[132.919,34.458],[132.912,34.484],[132.886,34.518],[132.856,34.524],[132.848,34.54],[132.882,34.556],[132.878,34.576],[132.912,34.594]]]]}},{"type":"Feature","properties":{"code":"3420500","name":"広島県尾道市"},"geometry":{"type":"MultiPolygon","coordinates":[[[[133.133,34.317],[133.148,34.303],[133.146,34.287],[133.092,34.257],[133.07,34.262],[133.089,34.313],[133.133,34.317]]],[[[133.079,34.333],[133.087,34.313],[133.069,34.303],[133.063,34.318],[133.079,34.333]]],[[[133.152,34.359],[133.177,34.356],[133.178,34.343],[133.21,34.319],[133.194,34.301],[133.21,34.297],[133.196,34.275],[133.156,34.299],[133.135,34.329],[133.152,34.359]]],[[[133.215,34.409],[133.238,34.405],[133.237,34.391],[133.212,34.357],[133.184,34.359],[133.171,34.391],[133.215,34.409]]],[[[133.281,34.413],[133.297,34.402],[133.285,34.387],[133.28,34.401],[133.245,34.391],[133.281,34.413]]],[[[133.15,34.569],[133.191,34.533],[133.222,34.534],[133.214,34.509],[133.239,34.511],[133.228,34.476],[133.211,34.47],[133.24,34.455],[133.226,34.452],[133.244,34.424],[133.234,34.412],[133.155,34.394],[133.162,34.402],[133.138,34.413],[133.159,34.438],[133.134,34.448],[133.113,34.49],[133.1,34.497],[133.082,34.483],[133.052,34.498],[133.068,34.528],[133.129,34.548],[133.141,34.572],[133.15,34.569]]]]}},{"type":"Feature","properties":{"code":"3420700","name":"広島県福山市"},"geometry":{"type":"MultiPolygon","coordinates":[[[[133.319,34.373],[133.325,34.36],[133.342,34.37],[133.338,34.357],[133.296,34.345],[133.293,34.362],[133.319,34.373]]],[[[133.363,34.712],[133.385,34.678],[133.403,34.672],[133.385,34.617],[133.446,34.555],[133.454,34.532],[133.445,34.506],[133.456,34.499],[133.443,34.483],[133.443,34.445],[133.415,34.459],[133.408,34.478],[133.409,34.456],[133.441,34.436],[133.431,34.424],[133.405,34.436],[133.385,34.42],[133.379,34.376],[133.347,34.365],[133.335,34.381],[133.286,34.386],[133.297,34.401],[133.273,34.414],[133.257,34.442],[133.253,34.423],[133.244,34.436],[133.245,34.423],[133.226,34.448],[133.24,34.455],[133.211,34.471],[133.228,34.477],[133.239,34.51],[133.215,34.509],[133.211,34.519],[133.269,34.555],[133.266,34.576],[133.237,34.602],[133.236,34.641],[133.286,34.669],[133.29,34.646],[133.315,34.637],[133.338,34.679],[133.368,34.69],[133.363,34.712]]]]}},{"type":"Feature","properties":{"code":"3420800","name":"広島県府中市"},"geometry":{"type":"MultiPolygon","coordinates":[[[[133.16,34.757],[133.159,34.728],[133.201,34.694],[133.182,34.677],[133.186,34.662],[133.233,34.646],[133.237,34.602],[133.266,34.576],[133.269,34.553],[133.233,34.528],[133.201,34.54],[133.191,34.533],[133.167,34.55],[133.135,34.582],[133.158,34.604],[133.158,34.63],[133.084,34.665],[133.102,34.694],[133.102,34.732],[133.135,34.756],[133.16,34.757]]]]}},{"type":"Feature","properties":{"code":"3420900","name":"広島県三次市"},"geometry":{"type":"MultiPolygon","coordinates":[[[[132.835,35.004],[132.834,34.951],[132.853,34.939],[132.845,34.927],[132.892,34.889],[132.884,34.856],[132.952,34.793],[132.978,34.824],[132.984,34.809],[133.03,34.786],[133.016,34.763],[133.036,34.751],[133.057,34.756],[133.061,34.774],[133.107,34.765],[133.102,34.694],[133.085,34.661],[133.063,34.652],[133.016,34.679],[132.985,34.677],[132.955,34.652],[132.938,34.682],[132.89,34.683],[132.882,34.646],[132.873,34.647],[132.876,34.615],[132.84,34.605],[132.784,34.64],[132.807,34.691],[132.769,34.703],[132.789,34.742],[132.765,34.755],[132.781,34.806],[132.697,34.816],[132.723,34.834],[132.701,34.882],[132.633,34.902],[132.686,34.951],[132.721,34.949],[132.749,34.96],[132.746,34.977],[132.767,34.991],[132.813,34.988],[132.835,35.004]]]]}},{"type":"Feature","properties":{"code":"3421000","name":"広島県庄原市"},"geometry":{"type":"MultiPolygon","coordinates":[[[[132.891,35.105],[132.91,35.086],[132.949,35.076],[132.99,35.101],[133.037,35.068],[133.096,35.085],[133.122,35.084],[133.142,35.065],[133.251,35.078],[133.321,35.006],[133.32,34.983],[133.297,34.956],[133.309,34.938],[133.295,34.904],[133.331,34.855],[133.278,34.854],[133.274,34.835],[133.246,34.812],[133.215,34.861],[133.163,34.854],[133.135,34.826],[133.145,34.81],[133.136,34.796],[133.166,34.755],[133.134,34.755],[133.118,34.735],[133.106,34.735],[133.107,34.765],[133.083,34.774],[133.056,34.772],[133.049,34.752],[133.016,34.762],[133.03,34.785],[132.983,34.81],[132.978,34.824],[132.951,34.794],[132.884,34.857],[132.892,34.89],[132.845,34.926],[132.852,34.941],[132.834,34.951],[132.831,34.971],[132.841,35.003],[132.813,34.988],[132.763,34.993],[132.817,35.043],[132.836,35.047],[132.828,35.062],[132.861,35.096],[132.891,35.105]]]]}},{"type":"Feature","properties":{"code":"3421100","name":"広島県大竹市"},"geometry":{"type":"MultiPolygon","coordinates":[[[[132.165,34.33],[132.165,34.289],[132.188,34.28],[132.216,34.292],[132.233,34.276],[132.239,34.262],[132.221,34.233],[132.246,34.211],[132.196,34.204],[132.205,34.229],[132.171,34.225],[132.144,34.237],[132.14,34.284],[132.125,34.306],[132.137,34.317],[132.144,34.311],[132.149,34.331],[132.165,34.33]]]]}},{"type":"Feature","properties":{"code":"3421200","name":"広島県東広島市"},"geometry":{"type":"MultiPolygon","coordinates":[[[[132.81,34.624],[132.839,34.605],[132.885,34.614],[132.878,34.604],[132.896,34.585],[132.879,34.576],[132.884,34.558],[132.848,34.541],[132.857,34.524],[132.887,34.518],[132.92,34.468],[132.918,34.457],[132.889,34.465],[132.904,34.445],[132.886,34.407],[132.835,34.423],[132.782,34.42],[132.816,34.395],[132.786,34.371],[132.809,34.374],[132.858,34.351],[132.852,34.293],[132.835,34.316],[132.815,34.317],[132.797,34.312],[132.785,34.277],[132.759,34.296],[132.753,34.333],[132.664,34.289],[132.65,34.311],[132.608,34.316],[132.609,34.343],[132.653,34.368],[132.64,34.399],[132.666,34.43],[132.66,34.441],[132.601,34.457],[132.61,34.478],[132.603,34.487],[132.645,34.506],[132.665,34.531],[132.693,34.53],[132.71,34.554],[132.784,34.581],[132.793,34.615],[132.81,34.624]]]]}},{"type":"Feature","properties":{"code":"3421300","name":"広島県廿日市市"},"geometry":{"type":"MultiPolygon","coordinates":[[[[132.334,34.311],[132.348,34.281],[132.275,34.232],[132.264,34.256],[132.29,34.287],[132.334,34.311]]],[[[132.135,34.572],[132.164,34.542],[132.185,34.542],[132.167,34.523],[132.203,34.486],[132.194,34.45],[132.179,34.441],[132.196,34.415],[132.235,34.431],[132.281,34.409],[132.285,34.389],[132.3,34.384],[132.311,34.419],[132.324,34.405],[132.318,34.382],[132.354,34.35],[132.339,34.342],[132.358,34.346],[132.32,34.339],[132.316,34.321],[132.248,34.264],[132.215,34.292],[132.189,34.28],[132.165,34.289],[132.164,34.331],[132.126,34.307],[132.127,34.333],[132.108,34.328],[132.085,34.358],[132.071,34.356],[132.07,34.417],[132.081,34.443],[132.06,34.492],[132.038,34.502],[132.053,34.53],[132.084,34.537],[132.12,34.58],[132.135,34.572]]]]}},{"type":"Feature","properties":{"code":"3421400","name":"広島県安芸高田市"},"geometry":{"type":"MultiPolygon","coordinates":[[[[132.681,34.851],[132.721,34.843],[132.721,34.831],[132.7,34.828],[132.697,34.816],[132.781,34.806],[132.765,34.755],[132.789,34.742],[132.769,34.703],[132.807,34.691],[132.783,34.642],[132.798,34.622],[132.784,34.58],[132.709,34.554],[132.691,34.535],[132.683,34.566],[132.694,34.584],[132.673,34.611],[132.634,34.596],[132.613,34.601],[132.574,34.563],[132.544,34.584],[132.572,34.598],[132.575,34.631],[132.592,34.652],[132.584,34.665],[132.604,34.685],[132.576,34.696],[132.586,34.734],[132.537,34.792],[132.615,34.843],[132.667,34.832],[132.681,34.851]]]]}},{"type":"Feature","properties":{"code":"3421500","name":"広島県江田島市"},"geometry":{"type":"MultiPolygon","coordinates":[[[[132.385,34.177],[132.412,34.17],[132.414,34.151],[132.387,34.15],[132.385,34.177]]],[[[132.48,34.296],[132.498,34.268],[132.49,34.202],[132.472,34.185],[132.49,34.142],[132.429,34.129],[132.446,34.152],[132.445,34.179],[132.457,34.179],[132.438,34.196],[132.429,34.174],[132.372,34.258],[132.42,34.258],[132.438,34.226],[132.457,34.23],[132.473,34.208],[132.471,34.245],[132.456,34.257],[132.434,34.249],[132.446,34.267],[132.435,34.285],[132.474,34.284],[132.48,34.296]]]]}},{"type":"Feature","properties":{"code":"3430200","name":"広島県府中町"},"geometry":{"type":"MultiPolygon","coordinates":[[[[132.532,34.421],[132.54,34.418],[132.527,34.388],[132.502,34.376],[132.497,34.396],[132.532,34.421]]]]}},{"type":"Feature","properties":{"code":"3430400","name":"広島県海田町"},"geometry":{"type":"MultiPolygon","coordinates":[[[[132.548,34.386],[132.578,34.372],[132.561,34.343],[132.544,34.364],[132.519,34.357],[132.548,34.386]]]]}},{"type":"Feature","properties":{"code":"3430700","name":"広島県熊野町"},"geometry":{"type":"MultiPolygon","coordinates":[[[[132.585,34.38],[132.631,34.362],[132.609,34.342],[132.613,34.327],[132.598,34.305],[132.551,34.334],[132.585,34.38]]]]}},{"type":"Feature","properties":{"code":"3430900","name":"広島県坂町"},"geometry":{"type":"MultiPolygon","coordinates":[[[[132.518,34.354],[132.536,34.315],[132.533,34.303],[132.508,34.297],[132.494,34.316],[132.505,34.335],[132.492,34.338],[132.518,34.354]]]]}},{"type":"Feature","properties":{"code":"3436800","name":"広島県安芸太田町"},"geometry":{"type":"MultiPolygon","coordinates":[[[[132.331,34.714],[132.357,34.697],[132.346,34.657],[132.357,34.616],[132.403,34.609],[132.386,34.554],[132.36,34.538],[132.359,34.559],[132.294,34.548],[132.25,34.53],[132.241,34.508],[132.215,34.515],[132.188,34.499],[132.167,34.522],[132.185,34.541],[132.159,34.547],[132.118,34.602],[132.128,34.642],[132.141,34.654],[132.149,34.641],[132.178,34.645],[132.189,34.674],[132.215,34.664],[132.226,34.681],[132.268,34.661],[132.29,34.685],[132.304,34.678],[132.331,34.714]]]]}},{"type":"Feature","properties":{"code":"3436900","name":"広島県北広島町"},"geometry":{"type":"MultiPolygon","coordinates":[[[[132.437,34.821],[132.454,34.801],[132.537,34.796],[132.587,34.733],[132.575,34.697],[132.603,34.686],[132.583,34.665],[132.592,34.653],[132.566,34.592],[132.539,34.583],[132.525,34.606],[132.5,34.594],[132.472,34.615],[132.44,34.592],[132.359,34.614],[132.345,34.656],[132.358,34.697],[132.332,34.715],[132.304,34.678],[132.29,34.685],[132.268,34.662],[132.246,34.679],[132.226,34.68],[132.206,34.663],[132.19,34.675],[132.179,34.645],[132.148,34.641],[132.14,34.655],[132.162,34.683],[132.131,34.708],[132.221,34.749],[132.242,34.783],[132.242,34.806],[132.278,34.799],[132.28,34.784],[132.298,34.777],[132.318,34.802],[132.334,34.79],[132.375,34.801],[132.397,34.78],[132.437,34.821]]]]}},{"type":"Feature","properties":{"code":"3443100","name":"広島県大崎上島町"},"geometry":{"type":"MultiPolygon","coordinates":[[[[132.931,34.285],[132.942,34.278],[132.915,34.235],[132.92,34.214],[132.865,34.206],[132.842,34.223],[132.84,34.242],[132.882,34.244],[132.887,34.261],[132.903,34.249],[132.931,34.285]]]]}},{"type":"Feature","properties":{"code":"3446200","name":"広島県世羅町"},"geometry":{"type":"MultiPolygon","coordinates":[[[[132.897,34.684],[132.939,34.682],[132.954,34.652],[132.989,34.678],[133.018,34.679],[133.062,34.652],[133.088,34.664],[133.157,34.631],[133.158,34.605],[133.135,34.584],[133.143,34.576],[133.13,34.549],[133.088,34.538],[133.039,34.564],[132.997,34.547],[132.923,34.59],[132.897,34.581],[132.878,34.603],[132.885,34.612],[132.867,34.621],[132.878,34.631],[132.873,34.647],[132.897,34.684]]]]}},{"type":"Feature","properties":{"code":"3454500","name":"広島県神石高原町"},"geometry":{"type":"MultiPolygon","coordinates":[[[[133.216,34.861],[133.245,34.811],[133.276,34.836],[133.273,34.851],[133.289,34.854],[133.33,34.853],[133.334,34.838],[133.378,34.808],[133.359,34.734],[133.371,34.715],[133.358,34.712],[133.368,34.692],[133.338,34.68],[133.314,34.637],[133.29,34.646],[133.288,34.669],[133.239,34.641],[133.186,34.663],[133.182,34.677],[133.201,34.694],[133.159,34.728],[133.167,34.765],[133.138,34.786],[133.145,34.81],[133.135,34.826],[133.163,34.854],[133.216,34.861]]]]}},{"type":"Feature","properties":{"code":"3520100","name":"山口県下関市"},"geometry":{"type":"MultiPolygon","coordinates":[[[[130.912,33.954],[130.928,33.927],[130.911,33.911],[130.901,33.917],[130.91,33.926],[130.9,33.922],[130.875,33.946],[130.912,33.954]]],[[[130.906,34.363],[130.928,34.341],[130.936,34.352],[130.993,34.358],[131.097,34.263],[131.172,34.264],[131.16,34.231],[131.108,34.206],[131.099,34.188],[131.117,34.16],[131.091,34.166],[131.083,34.147],[131.085,34.131],[131.113,34.107],[131.112,34.076],[131.074,34.071],[131.084,34.064],[131.068,34.039],[131.037,34.057],[130.996,33.989],[130.922,33.938],[130.906,33.955],[130.917,33.978],[130.916,34.021],[130.904,34.025],[130.912,34.06],[130.888,34.066],[130.861,34.11],[130.867,34.136],[130.901,34.139],[130.896,34.153],[130.916,34.16],[130.933,34.188],[130.93,34.212],[130.916,34.216],[130.921,34.24],[130.867,34.287],[130.898,34.317],[130.89,34.344],[130.906,34.363]]]]}},{"type":"Feature","properties":{"code":"3520200","name":"山口県宇部市"},"geometry":{"type":"MultiPolygon","coordinates":[[[[131.317,34.167],[131.318,34.15],[131.37,34.138],[131.379,34.121],[131.369,34.107],[131.346,34.108],[131.348,34.071],[131.292,34.002],[131.362,33.998],[131.348,33.981],[131.356,33.968],[131.243,33.92],[131.256,33.932],[131.232,33.928],[131.248,33.943],[131.24,33.951],[131.215,33.937],[131.233,33.954],[131.225,33.948],[131.228,33.963],[131.224,33.95],[131.209,33.959],[131.21,33.945],[131.2,33.943],[131.188,33.958],[131.187,33.99],[131.227,34.027],[131.184,34.054],[131.216,34.075],[131.215,34.12],[131.238,34.127],[131.241,34.14],[131.274,34.141],[131.294,34.167],[131.317,34.167]]]]}},{"type":"Feature","properties":{"code":"3520300","name":"山口県山口市"},"geometry":{"type":"MultiPolygon","coordinates":[[[[131.66,34.504],[131.699,34.477],[131.697,34.436],[131.796,34.433],[131.764,34.381],[131.771,34.356],[131.746,34.329],[131.742,34.293],[131.759,34.274],[131.739,34.249],[131.763,34.194],[131.735,34.19],[131.738,34.168],[131.714,34.133],[131.655,34.136],[131.66,34.153],[131.641,34.16],[131.621,34.139],[131.588,34.153],[131.55,34.096],[131.519,34.086],[131.508,34.098],[131.491,34.094],[131.456,34.062],[131.48,34.012],[131.455,34.004],[131.461,33.988],[131.424,33.989],[131.432,34.007],[131.42,34.016],[131.396,33.985],[131.416,34.021],[131.395,34.026],[131.404,34.042],[131.386,34.051],[131.369,33.999],[131.297,33.996],[131.308,34.032],[131.349,34.075],[131.346,34.108],[131.37,34.108],[131.379,34.121],[131.369,34.151],[131.401,34.182],[131.405,34.208],[131.481,34.245],[131.5,34.241],[131.521,34.288],[131.558,34.308],[131.566,34.327],[131.554,34.362],[131.534,34.37],[131.548,34.389],[131.537,34.41],[131.606,34.41],[131.649,34.47],[131.647,34.499],[131.66,34.504]]]]}},{"type":"Feature","properties":{"code":"3520400","name":"山口県萩市"},"geometry":{"type":"MultiPolygon","coordinates":[[[[131.691,34.681],[131.695,34.622],[131.718,34.614],[131.728,34.577],[131.703,34.564],[131.706,34.532],[131.648,34.499],[131.65,34.47],[131.606,34.41],[131.538,34.411],[131.548,34.389],[131.534,34.369],[131.554,34.361],[131.566,34.325],[131.55,34.3],[131.521,34.289],[131.502,34.242],[131.464,34.238],[131.416,34.21],[131.399,34.216],[131.402,34.268],[131.387,34.273],[131.373,34.309],[131.337,34.309],[131.348,34.354],[131.319,34.37],[131.302,34.363],[131.293,34.38],[131.325,34.393],[131.337,34.418],[131.361,34.411],[131.416,34.428],[131.42,34.443],[131.395,34.456],[131.417,34.45],[131.447,34.477],[131.443,34.485],[131.477,34.492],[131.502,34.484],[131.543,34.517],[131.573,34.48],[131.647,34.513],[131.59,34.557],[131.601,34.582],[131.581,34.603],[131.557,34.604],[131.557,34.615],[131.603,34.623],[131.603,34.634],[131.59,34.632],[131.604,34.662],[131.634,34.665],[131.649,34.641],[131.646,34.653],[131.675,34.665],[131.668,34.676],[131.691,34.681]]],[[[131.131,34.799],[131.164,34.777],[131.16,34.763],[131.136,34.759],[131.131,34.799]]]]}},{"type":"Feature","properties":{"code":"3520600","name":"山口県防府市"},"geometry":{"type":"MultiPolygon","coordinates":[[[[131.586,34.024],[131.601,34.015],[131.591,33.999],[131.556,33.991],[131.586,34.024]]],[[[131.642,34.16],[131.66,34.152],[131.635,34.079],[131.663,34.072],[131.672,34.043],[131.634,34.047],[131.61,34.022],[131.6,34.039],[131.54,33.998],[131.51,34.004],[131.51,34.022],[131.46,34.045],[131.455,34.062],[131.491,34.094],[131.508,34.099],[131.52,34.086],[131.55,34.096],[131.564,34.122],[131.576,34.123],[131.581,34.151],[131.621,34.139],[131.642,34.16]]]]}},{"type":"Feature","properties":{"code":"3520700","name":"山口県下松市"},"geometry":{"type":"MultiPolygon","coordinates":[[[[131.858,33.99],[131.877,33.971],[131.858,33.964],[131.862,33.951],[131.827,33.931],[131.806,33.94],[131.822,33.959],[131.822,33.945],[131.834,33.957],[131.847,33.95],[131.842,33.967],[131.858,33.99]]],[[[131.888,34.111],[131.897,34.112],[131.889,34.091],[131.92,34.089],[131.913,34.08],[131.936,34.06],[131.934,34.007],[131.892,33.979],[131.862,33.988],[131.864,34.006],[131.839,34.009],[131.841,34.028],[131.873,34.055],[131.851,34.091],[131.888,34.111]]]]}},{"type":"Feature","properties":{"code":"3520800","name":"山口県岩国市"},"geometry":{"type":"MultiPolygon","coordinates":[[[[132.046,34.469],[132.068,34.468],[132.081,34.443],[132.069,34.416],[132.077,34.389],[132.07,34.357],[132.095,34.35],[132.107,34.328],[132.127,34.333],[132.124,34.297],[132.14,34.285],[132.144,34.237],[132.205,34.229],[132.184,34.197],[132.193,34.179],[132.224,34.185],[132.229,34.204],[132.233,34.182],[132.25,34.176],[132.249,34.138],[132.258,34.137],[132.248,34.134],[132.257,34.131],[132.199,34.119],[132.209,34.055],[132.221,34.047],[132.199,33.981],[132.191,34.017],[132.162,34.018],[132.121,34.052],[132.095,34.048],[132.061,34.014],[132.028,34.014],[132.027,34.066],[131.998,34.064],[131.996,34.079],[131.968,34.088],[131.953,34.128],[131.96,34.198],[131.941,34.206],[131.937,34.23],[131.92,34.222],[131.888,34.24],[131.894,34.251],[131.879,34.274],[131.886,34.326],[131.899,34.319],[131.919,34.338],[131.959,34.306],[131.974,34.341],[132.013,34.371],[131.99,34.413],[131.997,34.428],[132.016,34.438],[132.023,34.461],[132.046,34.469]]]]}},{"type":"Feature","properties":{"code":"3521000","name":"山口県光市"},"geometry":{"type":"MultiPolygon","coordinates":[[[[131.969,34.031],[132.058,34.012],[132.064,33.991],[132.019,33.987],[131.98,33.951],[132.026,33.913],[132.025,33.902],[131.98,33.93],[131.965,33.919],[131.96,33.947],[131.936,33.947],[131.93,33.962],[131.925,33.953],[131.893,33.978],[131.909,33.997],[131.96,34.015],[131.969,34.031]]]]}},{"type":"Feature","properties":{"code":"3521100","name":"山口県長門市"},"geometry":{"type":"MultiPolygon","coordinates":[[[[131.246,34.438],[131.26,34.417],[131.249,34.425],[131.223,34.417],[131.226,34.427],[131.205,34.398],[131.173,34.408],[131.167,34.429],[131.217,34.426],[131.246,34.438]]],[[[130.974,34.442],[131.019,34.411],[131.074,34.424],[131.113,34.409],[131.132,34.417],[131.156,34.372],[131.188,34.381],[131.198,34.398],[131.216,34.371],[131.225,34.392],[131.249,34.382],[131.278,34.39],[131.302,34.362],[131.318,34.37],[131.343,34.359],[131.343,34.321],[131.316,34.323],[131.306,34.31],[131.281,34.336],[131.219,34.282],[131.187,34.283],[131.166,34.262],[131.14,34.272],[131.097,34.264],[131.075,34.293],[131.036,34.311],[130.981,34.363],[131.001,34.374],[131.035,34.371],[131.016,34.405],[130.957,34.407],[130.954,34.388],[130.935,34.392],[130.974,34.442]]]]}},{"type":"Feature","properties":{"code":"3521200","name":"山口県柳井市"},"geometry":{"type":"MultiPolygon","coordinates":[[[[132.209,33.817],[132.273,33.78],[132.258,33.767],[132.24,33.782],[132.216,33.781],[132.197,33.804],[132.173,33.796],[132.177,33.808],[132.209,33.817]]],[[[132.11,34.052],[132.161,34.019],[132.197,34.011],[132.188,33.964],[132.119,33.953],[132.127,33.891],[132.158,33.86],[132.153,33.844],[132.095,33.913],[132.108,33.923],[132.106,33.952],[132.058,33.958],[132.068,34.023],[132.11,34.052]]]]}},{"type":"Feature","properties":{"code":"3521300","name":"山口県美祢市"},"geometry":{"type":"MultiPolygon","coordinates":[[[[131.284,34.336],[131.306,34.31],[131.327,34.325],[131.348,34.302],[131.373,34.309],[131.405,34.259],[131.4,34.18],[131.379,34.166],[131.37,34.138],[131.318,34.151],[131.317,34.167],[131.294,34.167],[131.274,34.141],[131.242,34.141],[131.211,34.114],[131.183,34.119],[131.165,34.093],[131.126,34.083],[131.083,34.135],[131.091,34.166],[131.117,34.161],[131.099,34.187],[131.107,34.205],[131.16,34.232],[131.183,34.281],[131.227,34.286],[131.284,34.336]]]]}},{"type":"Feature","properties":{"code":"3521500","name":"山口県周南市"},"geometry":{"type":"MultiPolygon","coordinates":[[[[131.709,34.035],[131.711,34.0],[131.732,33.982],[131.72,33.98],[131.692,34.008],[131.705,34.01],[131.709,34.035]]],[[[131.773,34.05],[131.755,34.029],[131.729,34.022],[131.731,34.036],[131.753,34.033],[131.773,34.05]]],[[[131.773,34.355],[131.777,34.333],[131.82,34.303],[131.882,34.308],[131.888,34.24],[131.919,34.222],[131.937,34.23],[131.945,34.201],[131.96,34.198],[131.953,34.129],[131.967,34.09],[131.993,34.082],[131.997,34.065],[132.027,34.067],[132.022,34.026],[131.965,34.033],[131.961,34.016],[131.934,34.009],[131.935,34.063],[131.913,34.079],[131.92,34.088],[131.888,34.092],[131.897,34.111],[131.882,34.113],[131.851,34.09],[131.874,34.056],[131.84,34.027],[131.836,34.008],[131.795,33.987],[131.821,33.977],[131.81,33.968],[131.771,33.979],[131.827,34.024],[131.804,34.043],[131.781,34.028],[131.797,34.059],[131.737,34.046],[131.76,34.067],[131.742,34.071],[131.698,34.047],[131.678,34.054],[131.674,34.043],[131.661,34.053],[131.663,34.072],[131.635,34.079],[131.645,34.134],[131.684,34.132],[131.693,34.142],[131.713,34.133],[131.738,34.168],[131.735,34.191],[131.764,34.194],[131.739,34.248],[131.758,34.273],[131.742,34.293],[131.745,34.329],[131.773,34.355]]]]}},{"type":"Feature","properties":{"code":"3521600","name":"山口県山陽小野田市"},"geometry":{"type":"MultiPolygon","coordinates":[[[[131.191,34.119],[131.218,34.11],[131.216,34.076],[131.184,34.052],[131.227,34.028],[131.186,33.989],[131.199,33.943],[131.181,33.931],[131.158,33.953],[131.174,33.973],[131.161,33.975],[131.17,33.996],[131.157,33.989],[131.151,34.003],[131.134,34.004],[131.133,33.991],[131.101,34.032],[131.068,34.043],[131.083,34.064],[131.075,34.072],[131.111,34.075],[131.107,34.093],[131.128,34.082],[131.158,34.09],[131.191,34.119]]]]}},{"type":"Feature","properties":{"code":"3530500","name":"山口県周防大島町"},"geometry":{"type":"MultiPolygon","coordinates":[[[[132.234,33.968],[132.262,33.949],[132.285,33.956],[132.302,33.92],[132.32,33.922],[132.317,33.905],[132.332,33.901],[132.369,33.928],[132.401,33.928],[132.417,33.953],[132.472,33.947],[132.408,33.91],[132.376,33.914],[132.362,33.896],[132.372,33.862],[132.347,33.87],[132.327,33.858],[132.335,33.885],[132.29,33.891],[132.286,33.902],[132.268,33.89],[132.279,33.871],[132.22,33.875],[132.208,33.857],[132.204,33.879],[132.177,33.894],[132.174,33.927],[132.187,33.934],[132.185,33.954],[132.206,33.949],[132.214,33.965],[132.234,33.968]]]]}},{"type":"Feature","properties":{"code":"3532100","name":"山口県和木町"},"geometry":{"type":"MultiPolygon","coordinates":[[[[132.193,34.207],[132.247,34.205],[132.224,34.201],[132.217,34.181],[132.193,34.179],[132.184,34.196],[132.193,34.207]]]]}},{"type":"Feature","properties":{"code":"3534100","name":"山口県上関町"},"geometry":{"type":"MultiPolygon","coordinates":[[[[132.151,33.764],[132.153,33.727],[132.133,33.714],[132.151,33.764]]],[[[131.971,33.798],[131.993,33.78],[131.951,33.772],[131.947,33.78],[131.971,33.798]]],[[[132.071,33.858],[132.118,33.83],[132.088,33.826],[132.05,33.785],[132.032,33.789],[132.079,33.828],[132.071,33.858]]],[[[132.127,33.862],[132.151,33.846],[132.145,33.834],[132.116,33.833],[132.117,33.859],[132.127,33.862]]]]}},{"type":"Feature","properties":{"code":"3534300","name":"山口県田布施町"},"geometry":{"type":"MultiPolygon","coordinates":[[[[132.063,33.99],[132.063,33.929],[132.025,33.902],[132.027,33.912],[131.981,33.952],[132.019,33.987],[132.063,33.99]]]]}},{"type":"Feature","properties":{"code":"3534400","name":"山口県平生町"},"geometry":{"type":"MultiPolygon","coordinates":[[[[132.095,33.958],[132.11,33.943],[132.095,33.913],[132.133,33.862],[132.113,33.86],[132.12,33.875],[132.083,33.889],[132.075,33.905],[132.045,33.909],[132.063,33.93],[132.06,33.955],[132.095,33.958]]]]}},{"type":"Feature","properties":{"code":"3550200","name":"山口県阿武町"},"geometry":{"type":"MultiPolygon","coordinates":[[[[131.567,34.606],[131.6,34.583],[131.59,34.557],[131.647,34.513],[131.572,34.48],[131.543,34.517],[131.503,34.483],[131.462,34.486],[131.467,34.501],[131.45,34.507],[131.456,34.526],[131.467,34.538],[131.504,34.534],[131.553,34.577],[131.551,34.593],[131.567,34.606]]]]}},{"type":"Feature","properties":{"code":"3620100","name":"徳島県徳島市"},"geometry":{"type":"MultiPolygon","coordinates":[[[[134.592,34.121],[134.607,34.101],[134.584,34.043],[134.599,34.019],[134.562,34.029],[134.547,33.989],[134.567,33.989],[134.573,33.963],[134.537,33.955],[134.488,33.968],[134.481,33.98],[134.499,34.013],[134.483,34.022],[134.459,34.006],[134.427,34.026],[134.426,34.053],[134.469,34.062],[134.464,34.089],[134.453,34.088],[134.459,34.111],[134.495,34.107],[134.534,34.125],[134.555,34.108],[134.576,34.13],[134.592,34.121]]]]}},{"type":"Feature","properties":{"code":"3620200","name":"徳島県鳴門市"},"geometry":{"type":"MultiPolygon","coordinates":[[[[134.644,34.24],[134.624,34.186],[134.59,34.202],[134.59,34.211],[134.622,34.211],[134.617,34.232],[134.644,34.24]]],[[[134.588,34.24],[134.586,34.201],[134.641,34.18],[134.624,34.142],[134.57,34.155],[134.53,34.131],[134.486,34.148],[134.478,34.179],[134.438,34.194],[134.441,34.208],[134.506,34.226],[134.572,34.223],[134.567,34.234],[134.588,34.24]]],[[[134.607,34.252],[134.617,34.233],[134.592,34.215],[134.588,34.231],[134.607,34.252]]]]}},{"type":"Feature","properties":{"code":"3620300","name":"徳島県小松島市"},"geometry":{"type":"MultiPolygon","coordinates":[[[[134.564,34.022],[134.601,34.019],[134.589,34.009],[134.614,33.997],[134.607,33.983],[134.633,33.994],[134.632,34.011],[134.652,33.987],[134.611,33.95],[134.562,33.939],[134.573,33.979],[134.564,33.991],[134.547,33.987],[134.564,34.022]]]]}},{"type":"Feature","properties":{"code":"3620400","name":"徳島県阿南市"},"geometry":{"type":"MultiPolygon","coordinates":[[[[134.653,33.984],[134.668,33.963],[134.698,33.953],[134.712,33.924],[134.675,33.88],[134.653,33.882],[134.66,33.875],[134.637,33.873],[134.63,33.857],[134.646,33.866],[134.643,33.843],[134.692,33.854],[134.72,33.845],[134.68,33.83],[134.741,33.841],[134.75,33.834],[134.688,33.806],[134.675,33.816],[134.587,33.786],[134.548,33.806],[134.511,33.807],[134.511,33.824],[134.557,33.855],[134.556,33.868],[134.471,33.868],[134.476,33.901],[134.612,33.951],[134.653,33.984]]]]}},{"type":"Feature","properties":{"code":"3630100","name":"徳島県勝浦町"},"geometry":{"type":"MultiPolygon","coordinates":[[[[134.498,33.969],[134.535,33.955],[134.566,33.963],[134.569,33.944],[134.476,33.901],[134.468,33.87],[134.431,33.857],[134.457,33.925],[134.432,33.931],[134.431,33.956],[134.464,33.951],[134.498,33.969]]]]}},{"type":"Feature","properties":{"code":"3630200","name":"徳島県上勝町"},"geometry":{"type":"MultiPolygon","coordinates":[[[[134.431,33.956],[134.432,33.93],[134.456,33.925],[134.448,33.881],[134.428,33.859],[134.35,33.85],[134.326,33.865],[134.325,33.887],[134.299,33.91],[134.306,33.928],[134.326,33.934],[134.341,33.925],[134.431,33.956]]]]}},{"type":"Feature","properties":{"code":"3632100","name":"徳島県佐那河内村"},"geometry":{"type":"MultiPolygon","coordinates":[[[[134.488,34.021],[134.497,33.994],[134.468,33.952],[134.401,33.952],[134.411,33.985],[134.437,34.007],[134.488,34.021]]]]}},{"type":"Feature","properties":{"code":"3634100","name":"徳島県石井町"},"geometry":{"type":"MultiPolygon","coordinates":[[[[134.459,34.104],[134.453,34.087],[134.466,34.087],[134.468,34.062],[134.405,34.052],[134.398,34.088],[134.458,34.112],[134.459,34.104]]]]}},{"type":"Feature","properties":{"code":"3634200","name":"徳島県神山町"},"geometry":{"type":"MultiPolygon","coordinates":[[[[134.414,34.057],[134.426,34.053],[134.427,34.026],[134.453,34.015],[134.411,33.985],[134.4,33.945],[134.34,33.925],[134.326,33.934],[134.307,33.928],[134.294,33.907],[134.27,33.917],[134.22,33.91],[134.227,33.95],[134.245,33.959],[134.256,33.986],[134.299,34.006],[134.324,34.003],[134.336,34.031],[134.353,34.039],[134.366,34.029],[134.414,34.057]]]]}},{"type":"Feature","properties":{"code":"3640100","name":"徳島県松茂町"},"geometry":{"type":"MultiPolygon","coordinates":[[[[134.58,34.154],[134.625,34.137],[134.605,34.122],[134.607,34.101],[134.565,34.133],[134.562,34.149],[134.58,34.154]]]]}},{"type":"Feature","properties":{"code":"3640200","name":"徳島県北島町"},"geometry":{"type":"MultiPolygon","coordinates":[[[[134.529,34.125],[134.56,34.143],[134.574,34.131],[134.556,34.108],[134.529,34.125]]]]}},{"type":"Feature","properties":{"code":"3640300","name":"徳島県藍住町"},"geometry":{"type":"MultiPolygon","coordinates":[[[[134.502,34.142],[134.528,34.125],[134.496,34.107],[134.459,34.111],[134.486,34.147],[134.502,34.142]]]]}},{"type":"Feature","properties":{"code":"3640400","name":"徳島県板野町"},"geometry":{"type":"MultiPolygon","coordinates":[[[[134.449,34.192],[134.479,34.178],[134.487,34.148],[134.47,34.119],[134.442,34.114],[134.413,34.157],[134.449,34.192]]]]}},{"type":"Feature","properties":{"code":"3640500","name":"徳島県上板町"},"geometry":{"type":"MultiPolygon","coordinates":[[[[134.382,34.172],[134.412,34.161],[134.43,34.127],[134.456,34.109],[134.397,34.087],[134.4,34.113],[134.386,34.115],[134.368,34.154],[134.382,34.172]]]]}},{"type":"Feature","properties":{"code":"3646802","name":"気象庁予報警報規程別表第四の二に示す「つるぎ町一宇」の区域"},"geometry":{"type":"MultiPolygon","coordinates":[[[[134.099,33.959],[134.1,33.924],[134.126,33.921],[134.126,33.901],[134.08,33.872],[134.05,33.871],[134.047,33.895],[134.002,33.907],[134.002,33.92],[133.966,33.938],[134.084,33.977],[134.099,33.959]]]]}},{"type":"Feature","properties":{"code":"3720100","name":"香川県高松市"},"geometry":{"type":"MultiPolygon","coordinates":[[[[134.136,34.4],[134.163,34.383],[134.154,34.344],[134.165,34.322],[134.155,34.311],[134.124,34.311],[134.105,34.203],[134.139,34.133],[134.123,34.119],[134.06,34.112],[134.025,34.141],[134.026,34.188],[133.985,34.242],[133.995,34.262],[133.944,34.273],[133.925,34.315],[133.953,34.333],[133.937,34.348],[133.928,34.389],[133.94,34.375],[133.959,34.377],[133.965,34.364],[133.978,34.373],[134.0,34.351],[134.037,34.349],[134.052,34.362],[134.059,34.348],[134.07,34.365],[134.07,34.352],[134.077,34.362],[134.084,34.351],[134.093,34.385],[134.12,34.359],[134.116,34.376],[134.129,34.386],[134.12,34.397],[134.136,34.4]]]]}},{"type":"Feature","properties":{"code":"3720200","name":"香川県丸亀市"},"geometry":{"type":"MultiPolygon","coordinates":[[[[133.786,34.305],[133.792,34.295],[133.791,34.309],[133.806,34.31],[133.845,34.275],[133.891,34.288],[133.905,34.269],[133.893,34.246],[133.9,34.208],[133.852,34.202],[133.796,34.259],[133.776,34.257],[133.762,34.3],[133.777,34.289],[133.782,34.302],[133.772,34.306],[133.786,34.305]]],[[[133.71,34.399],[133.73,34.37],[133.699,34.352],[133.684,34.362],[133.71,34.399]]],[[[133.778,34.401],[133.795,34.387],[133.755,34.371],[133.752,34.398],[133.763,34.39],[133.778,34.401]]]]}},{"type":"Feature","properties":{"code":"3720300","name":"香川県坂出市"},"geometry":{"type":"MultiPolygon","coordinates":[[[[133.928,34.39],[133.937,34.348],[133.953,34.332],[133.925,34.315],[133.94,34.3],[133.941,34.273],[133.904,34.264],[133.89,34.29],[133.844,34.275],[133.844,34.306],[133.819,34.352],[133.841,34.361],[133.829,34.342],[133.855,34.36],[133.858,34.346],[133.831,34.332],[133.865,34.327],[133.894,34.354],[133.89,34.379],[133.92,34.378],[133.928,34.39]]]]}},{"type":"Feature","properties":{"code":"3720400","name":"香川県善通寺市"},"geometry":{"type":"MultiPolygon","coordinates":[[[[133.782,34.258],[133.795,34.259],[133.823,34.227],[133.806,34.221],[133.815,34.195],[133.8,34.188],[133.757,34.198],[133.726,34.228],[133.782,34.258]]]]}},{"type":"Feature","properties":{"code":"3720500","name":"香川県観音寺市"},"geometry":{"type":"MultiPolygon","coordinates":[[[[133.666,34.162],[133.668,34.144],[133.712,34.129],[133.708,34.105],[133.732,34.083],[133.74,34.05],[133.709,34.015],[133.68,34.013],[133.665,34.027],[133.599,34.042],[133.631,34.061],[133.639,34.092],[133.628,34.118],[133.639,34.155],[133.666,34.162]]]]}},{"type":"Feature","properties":{"code":"3720600","name":"香川県さぬき市"},"geometry":{"type":"MultiPolygon","coordinates":[[[[134.207,34.37],[134.235,34.337],[134.251,34.351],[134.266,34.336],[134.266,34.32],[134.246,34.306],[134.258,34.285],[134.27,34.29],[134.287,34.276],[134.275,34.256],[134.276,34.216],[134.218,34.209],[134.207,34.2],[134.212,34.177],[134.155,34.167],[134.169,34.238],[134.156,34.309],[134.166,34.326],[134.19,34.332],[134.183,34.353],[134.212,34.349],[134.207,34.37]]]]}},{"type":"Feature","properties":{"code":"3720700","name":"香川県東かがわ市"},"geometry":{"type":"MultiPolygon","coordinates":[[[[134.306,34.278],[134.342,34.253],[134.369,34.25],[134.379,34.262],[134.392,34.253],[134.412,34.235],[134.407,34.225],[134.44,34.208],[134.433,34.168],[134.413,34.157],[134.354,34.185],[134.344,34.172],[134.298,34.169],[134.261,34.184],[134.209,34.175],[134.208,34.202],[134.218,34.209],[134.252,34.221],[134.275,34.215],[134.276,34.263],[134.306,34.278]]]]}},{"type":"Feature","properties":{"code":"3720800","name":"香川県三豊市"},"geometry":{"type":"MultiPolygon","coordinates":[[[[133.572,34.266],[133.612,34.251],[133.617,34.237],[133.651,34.233],[133.673,34.247],[133.674,34.222],[133.709,34.241],[133.756,34.199],[133.8,34.188],[133.802,34.155],[133.817,34.146],[133.819,34.073],[133.778,34.079],[133.74,34.051],[133.732,34.084],[133.708,34.105],[133.712,34.129],[133.668,34.144],[133.662,34.166],[133.646,34.165],[133.649,34.192],[133.605,34.234],[133.573,34.244],[133.575,34.257],[133.558,34.261],[133.572,34.266]]]]}},{"type":"Feature","properties":{"code":"3732200","name":"香川県土庄町"},"geometry":{"type":"MultiPolygon","coordinates":[[[[134.086,34.499],[134.105,34.487],[134.085,34.46],[134.037,34.481],[134.086,34.499]]],[[[134.331,34.564],[134.302,34.518],[134.237,34.511],[134.163,34.462],[134.142,34.47],[134.157,34.492],[134.18,34.487],[134.157,34.505],[134.172,34.528],[134.188,34.516],[134.239,34.53],[134.264,34.553],[134.296,34.547],[134.331,34.564]]]]}},{"type":"Feature","properties":{"code":"3732400","name":"香川県小豆島町"},"geometry":{"type":"MultiPolygon","coordinates":[[[[134.347,34.565],[134.347,34.557],[134.366,34.561],[134.344,34.544],[134.362,34.541],[134.338,34.434],[134.319,34.458],[134.28,34.444],[134.285,34.461],[134.317,34.46],[134.318,34.471],[134.297,34.48],[134.268,34.468],[134.25,34.424],[134.231,34.415],[134.225,34.425],[134.238,34.436],[134.224,34.439],[134.242,34.462],[134.232,34.478],[134.216,34.474],[134.202,34.488],[134.237,34.511],[134.258,34.507],[134.258,34.518],[134.312,34.523],[134.323,34.553],[134.347,34.565]]]]}},{"type":"Feature","properties":{"code":"3734100","name":"香川県三木町"},"geometry":{"type":"MultiPolygon","coordinates":[[[[134.133,34.314],[134.159,34.308],[134.169,34.238],[134.164,34.183],[134.131,34.151],[134.105,34.206],[134.133,34.314]]]]}},{"type":"Feature","properties":{"code":"3736400","name":"香川県直島町"},"geometry":{"type":"MultiPolygon","coordinates":[[[[133.97,34.478],[134.012,34.452],[133.982,34.445],[133.97,34.478]]]]}},{"type":"Feature","properties":{"code":"3738600","name":"香川県宇多津町"},"geometry":{"type":"MultiPolygon","coordinates":[[[[133.823,34.324],[133.844,34.306],[133.835,34.287],[133.808,34.303],[133.823,34.324]]]]}},{"type":"Feature","properties":{"code":"3738700","name":"香川県綾川町"},"geometry":{"type":"MultiPolygon","coordinates":[[[[133.945,34.27],[133.995,34.263],[133.985,34.243],[134.025,34.188],[134.024,34.139],[133.95,34.158],[133.927,34.193],[133.896,34.214],[133.902,34.262],[133.943,34.278],[133.945,34.27]]]]}},{"type":"Feature","properties":{"code":"3740300","name":"香川県琴平町"},"geometry":{"type":"MultiPolygon","coordinates":[[[[133.8,34.188],[133.815,34.195],[133.805,34.216],[133.813,34.222],[133.835,34.185],[133.816,34.175],[133.8,34.188]]]]}},{"type":"Feature","properties":{"code":"3740400","name":"香川県多度津町"},"geometry":{"type":"MultiPolygon","coordinates":[[[[133.763,34.284],[133.777,34.249],[133.72,34.23],[133.711,34.238],[133.738,34.263],[133.731,34.279],[133.744,34.272],[133.742,34.283],[133.763,34.284]]]]}},{"type":"Feature","properties":{"code":"3740600","name":"香川県まんのう町"},"geometry":{"type":"MultiPolygon","coordinates":[[[[133.821,34.225],[133.853,34.202],[133.901,34.209],[133.951,34.157],[134.03,34.14],[134.048,34.116],[134.027,34.086],[133.994,34.073],[133.945,34.093],[133.939,34.115],[133.822,34.092],[133.817,34.146],[133.801,34.156],[133.808,34.182],[133.822,34.175],[133.836,34.186],[133.819,34.207],[133.821,34.225]]]]}},{"type":"Feature","properties":{"code":"3820100","name":"愛媛県松山市"},"geometry":{"type":"MultiPolygon","coordinates":[[[[132.691,33.927],[132.703,33.926],[132.693,33.904],[132.673,33.894],[132.689,33.877],[132.667,33.871],[132.668,33.899],[132.653,33.9],[132.691,33.927]]],[[[132.562,33.994],[132.538,33.963],[132.535,33.988],[132.562,33.994]]],[[[132.646,34.018],[132.644,33.979],[132.63,33.975],[132.641,33.956],[132.614,33.957],[132.599,33.943],[132.579,33.97],[132.646,34.018]]],[[[132.809,34.018],[132.833,33.999],[132.886,33.992],[132.887,33.951],[132.92,33.937],[132.927,33.914],[132.918,33.894],[132.881,33.876],[132.884,33.848],[132.865,33.806],[132.822,33.798],[132.876,33.729],[132.847,33.689],[132.824,33.694],[132.824,33.722],[132.794,33.766],[132.806,33.782],[132.753,33.805],[132.684,33.811],[132.695,33.81],[132.687,33.834],[132.692,33.848],[132.7,33.839],[132.7,33.862],[132.704,33.852],[132.707,33.867],[132.718,33.865],[132.699,33.878],[132.71,33.906],[132.731,33.9],[132.755,33.911],[132.772,33.962],[132.766,33.998],[132.809,34.018]]]]}},{"type":"Feature","properties":{"code":"3820200","name":"愛媛県今治市"},"geometry":{"type":"MultiPolygon","coordinates":[[[[132.942,34.142],[132.969,34.107],[132.978,34.116],[133.006,34.067],[133.033,34.056],[133.067,33.983],[133.042,33.978],[133.034,33.961],[132.987,33.956],[132.973,33.907],[132.937,33.902],[132.924,33.908],[132.92,33.937],[132.887,33.951],[132.885,33.993],[132.834,33.999],[132.809,34.019],[132.864,34.059],[132.921,34.067],[132.926,34.109],[132.891,34.118],[132.924,34.116],[132.942,34.142]]],[[[133.037,34.195],[133.068,34.192],[133.083,34.169],[133.113,34.179],[133.035,34.107],[133.014,34.11],[133.023,34.124],[133.015,34.142],[133.026,34.158],[133.041,34.15],[133.021,34.179],[133.037,34.195]]],[[[133.108,34.242],[133.114,34.218],[133.139,34.221],[133.117,34.205],[133.124,34.194],[133.11,34.191],[133.096,34.205],[133.082,34.193],[133.054,34.212],[133.067,34.219],[133.064,34.235],[133.108,34.242]]],[[[133.012,34.3],[133.056,34.258],[133.058,34.219],[132.949,34.193],[132.942,34.207],[132.954,34.222],[132.991,34.229],[132.991,34.261],[132.965,34.264],[132.985,34.27],[132.984,34.29],[133.012,34.3]]]]}},{"type":"Feature","properties":{"code":"3820300","name":"愛媛県宇和島市"},"geometry":{"type":"MultiPolygon","coordinates":[[[[132.524,33.336],[132.553,33.325],[132.656,33.332],[132.668,33.323],[132.673,33.276],[132.621,33.278],[132.602,33.251],[132.612,33.203],[132.654,33.214],[132.668,33.205],[132.615,33.169],[132.632,33.15],[132.629,33.133],[132.664,33.107],[132.669,33.07],[132.657,33.057],[132.637,33.063],[132.534,33.036],[132.41,33.06],[132.397,33.025],[132.38,33.023],[132.397,33.029],[132.405,33.07],[132.432,33.053],[132.447,33.066],[132.449,33.055],[132.489,33.065],[132.479,33.084],[132.473,33.07],[132.462,33.076],[132.47,33.08],[132.463,33.093],[132.481,33.097],[132.447,33.124],[132.499,33.12],[132.5,33.137],[132.445,33.135],[132.425,33.156],[132.45,33.176],[132.464,33.171],[132.447,33.193],[132.439,33.185],[132.422,33.209],[132.403,33.205],[132.416,33.189],[132.4,33.185],[132.39,33.198],[132.421,33.214],[132.446,33.201],[132.46,33.21],[132.454,33.193],[132.465,33.178],[132.483,33.185],[132.487,33.164],[132.493,33.185],[132.514,33.17],[132.508,33.194],[132.488,33.198],[132.502,33.194],[132.515,33.216],[132.544,33.215],[132.541,33.227],[132.558,33.22],[132.553,33.236],[132.52,33.249],[132.543,33.271],[132.509,33.259],[132.483,33.275],[132.468,33.256],[132.483,33.289],[132.528,33.307],[132.515,33.318],[132.498,33.313],[132.508,33.335],[132.524,33.336]]]]}},{"type":"Feature","properties":{"code":"3820400","name":"愛媛県八幡浜市"},"geometry":{"type":"MultiPolygon","coordinates":[[[[132.425,33.552],[132.438,33.534],[132.466,33.534],[132.482,33.521],[132.462,33.488],[132.488,33.481],[132.502,33.449],[132.477,33.421],[132.481,33.408],[132.452,33.401],[132.425,33.418],[132.398,33.387],[132.379,33.385],[132.397,33.397],[132.393,33.414],[132.38,33.416],[132.405,33.425],[132.416,33.443],[132.384,33.442],[132.408,33.447],[132.421,33.463],[132.392,33.455],[132.389,33.466],[132.402,33.471],[132.391,33.477],[132.373,33.46],[132.376,33.492],[132.358,33.515],[132.425,33.552]]]]}},{"type":"Feature","properties":{"code":"3820500","name":"愛媛県新居浜市"},"geometry":{"type":"MultiPolygon","coordinates":[[[[133.321,33.994],[133.336,33.98],[133.341,33.993],[133.359,33.979],[133.392,33.981],[133.371,33.954],[133.354,33.88],[133.438,33.892],[133.454,33.87],[133.455,33.837],[133.412,33.839],[133.392,33.825],[133.356,33.834],[133.326,33.815],[133.278,33.83],[133.268,33.858],[133.246,33.874],[133.255,33.881],[133.236,33.955],[133.255,33.957],[133.256,33.981],[133.264,33.961],[133.281,33.99],[133.297,33.982],[133.321,33.994]]]]}},{"type":"Feature","properties":{"code":"3820600","name":"愛媛県西条市"},"geometry":{"type":"MultiPolygon","coordinates":[[[[133.066,33.982],[133.088,33.945],[133.101,33.949],[133.094,33.94],[133.119,33.941],[133.119,33.924],[133.125,33.941],[133.133,33.927],[133.167,33.94],[133.172,33.928],[133.178,33.947],[133.2,33.936],[133.199,33.946],[133.229,33.957],[133.255,33.884],[133.246,33.874],[133.277,33.832],[133.256,33.793],[133.222,33.78],[133.194,33.794],[133.183,33.767],[133.157,33.751],[133.108,33.773],[133.083,33.756],[133.02,33.766],[133.013,33.813],[132.986,33.812],[132.973,33.83],[132.959,33.9],[132.973,33.907],[132.987,33.955],[133.036,33.96],[133.041,33.977],[133.066,33.982]]]]}},{"type":"Feature","properties":{"code":"3820700","name":"愛媛県大洲市"},"geometry":{"type":"MultiPolygon","coordinates":[[[[132.531,33.638],[132.56,33.602],[132.582,33.626],[132.613,33.614],[132.64,33.552],[132.632,33.519],[132.666,33.491],[132.77,33.541],[132.79,33.529],[132.819,33.549],[132.839,33.523],[132.821,33.5],[132.811,33.507],[132.791,33.488],[132.755,33.486],[132.745,33.452],[132.712,33.454],[132.704,33.42],[132.654,33.424],[132.628,33.441],[132.59,33.435],[132.574,33.453],[132.554,33.437],[132.53,33.453],[132.503,33.45],[132.488,33.481],[132.462,33.488],[132.481,33.521],[132.466,33.535],[132.432,33.537],[132.426,33.553],[132.48,33.619],[132.531,33.638]]]]}},{"type":"Feature","properties":{"code":"3821000","name":"愛媛県伊予市"},"geometry":{"type":"MultiPolygon","coordinates":[[[[132.771,33.789],[132.737,33.737],[132.759,33.722],[132.782,33.681],[132.745,33.627],[132.709,33.606],[132.66,33.617],[132.652,33.652],[132.64,33.655],[132.619,33.65],[132.603,33.623],[132.582,33.626],[132.554,33.606],[132.532,33.638],[132.586,33.654],[132.653,33.697],[132.677,33.745],[132.699,33.756],[132.699,33.776],[132.732,33.771],[132.771,33.789]]]]}},{"type":"Feature","properties":{"code":"3821300","name":"愛媛県四国中央市"},"geometry":{"type":"MultiPolygon","coordinates":[[[[133.599,34.043],[133.664,34.028],[133.686,34.006],[133.675,33.984],[133.693,33.945],[133.676,33.926],[133.69,33.917],[133.66,33.881],[133.627,33.872],[133.598,33.88],[133.583,33.868],[133.55,33.882],[133.498,33.829],[133.455,33.837],[133.454,33.87],[133.439,33.892],[133.378,33.876],[133.352,33.883],[133.393,33.99],[133.512,33.971],[133.538,33.983],[133.538,33.995],[133.543,33.985],[133.552,33.995],[133.542,34.005],[133.556,34.001],[133.549,34.011],[133.561,34.009],[133.599,34.043]]]]}},{"type":"Feature","properties":{"code":"3821400","name":"愛媛県西予市"},"geometry":{"type":"MultiPolygon","coordinates":[[[[132.843,33.522],[132.866,33.501],[132.895,33.498],[132.9,33.471],[132.848,33.479],[132.81,33.465],[132.81,33.453],[132.827,33.446],[132.836,33.4],[132.856,33.391],[132.803,33.343],[132.781,33.356],[132.754,33.343],[132.671,33.35],[132.643,33.327],[132.555,33.325],[132.52,33.338],[132.507,33.335],[132.498,33.312],[132.493,33.325],[132.454,33.309],[132.433,33.32],[132.421,33.303],[132.37,33.319],[132.377,33.337],[132.42,33.355],[132.407,33.36],[132.419,33.383],[132.385,33.362],[132.381,33.385],[132.423,33.418],[132.452,33.401],[132.472,33.405],[132.49,33.444],[132.53,33.452],[132.554,33.437],[132.572,33.453],[132.591,33.434],[132.629,33.441],[132.669,33.42],[132.706,33.42],[132.711,33.453],[132.738,33.448],[132.755,33.486],[132.79,33.488],[132.843,33.522]]]]}},{"type":"Feature","properties":{"code":"3821500","name":"愛媛県東温市"},"geometry":{"type":"MultiPolygon","coordinates":[[[[132.951,33.907],[132.974,33.857],[132.973,33.831],[132.987,33.812],[133.012,33.814],[133.023,33.762],[132.993,33.759],[132.98,33.74],[132.963,33.747],[132.953,33.734],[132.879,33.722],[132.823,33.799],[132.865,33.806],[132.884,33.847],[132.876,33.863],[132.885,33.881],[132.951,33.907]]]]}},{"type":"Feature","properties":{"code":"3835600","name":"愛媛県上島町"},"geometry":{"type":"MultiPolygon","coordinates":[[[[133.153,34.28],[133.166,34.257],[133.133,34.241],[133.133,34.265],[133.153,34.28]]],[[[133.229,34.292],[133.237,34.278],[133.201,34.24],[133.199,34.268],[133.229,34.292]]]]}},{"type":"Feature","properties":{"code":"3838600","name":"愛媛県久万高原町"},"geometry":{"type":"MultiPolygon","coordinates":[[[[133.11,33.772],[133.157,33.751],[133.161,33.732],[133.12,33.691],[133.116,33.66],[133.075,33.65],[133.067,33.622],[133.079,33.609],[133.047,33.576],[133.064,33.543],[133.038,33.526],[133.014,33.48],[132.959,33.466],[132.899,33.471],[132.9,33.514],[132.921,33.534],[132.926,33.56],[132.897,33.588],[132.847,33.595],[132.857,33.621],[132.831,33.641],[132.836,33.666],[132.822,33.681],[132.853,33.692],[132.874,33.727],[132.892,33.72],[132.953,33.734],[132.962,33.748],[132.98,33.74],[132.993,33.759],[133.084,33.757],[133.11,33.772]]]]}},{"type":"Feature","properties":{"code":"3840100","name":"愛媛県松前町"},"geometry":{"type":"MultiPolygon","coordinates":[[[[132.72,33.808],[132.77,33.792],[132.706,33.771],[132.687,33.804],[132.72,33.808]]]]}},{"type":"Feature","properties":{"code":"3840200","name":"愛媛県砥部町"},"geometry":{"type":"MultiPolygon","coordinates":[[[[132.804,33.782],[132.795,33.764],[132.825,33.717],[132.831,33.685],[132.822,33.677],[132.835,33.667],[132.838,33.639],[132.796,33.619],[132.785,33.624],[132.768,33.607],[132.746,33.628],[132.782,33.679],[132.779,33.696],[132.737,33.738],[132.743,33.759],[132.772,33.778],[132.771,33.796],[132.804,33.782]]]]}},{"type":"Feature","properties":{"code":"3842200","name":"愛媛県内子町"},"geometry":{"type":"MultiPolygon","coordinates":[[[[132.644,33.655],[132.654,33.62],[132.708,33.606],[132.734,33.627],[132.769,33.607],[132.785,33.624],[132.814,33.624],[132.839,33.64],[132.857,33.62],[132.847,33.595],[132.896,33.588],[132.926,33.561],[132.921,33.534],[132.897,33.499],[132.874,33.498],[132.847,33.511],[132.818,33.549],[132.791,33.53],[132.77,33.54],[132.741,33.53],[132.665,33.491],[132.631,33.52],[132.639,33.552],[132.603,33.626],[132.619,33.65],[132.644,33.655]]]]}},{"type":"Feature","properties":{"code":"3844200","name":"愛媛県伊方町"},"geometry":{"type":"MultiPolygon","coordinates":[[[[132.358,33.515],[132.377,33.492],[132.372,33.47],[132.343,33.486],[132.354,33.475],[132.325,33.473],[132.316,33.452],[132.299,33.474],[132.28,33.447],[132.182,33.412],[132.154,33.39],[132.153,33.374],[132.103,33.362],[132.12,33.387],[132.095,33.388],[132.013,33.344],[132.12,33.42],[132.135,33.403],[132.138,33.421],[132.154,33.407],[132.166,33.411],[132.148,33.433],[132.156,33.439],[132.174,33.426],[132.173,33.446],[132.194,33.442],[132.199,33.456],[132.225,33.445],[132.226,33.459],[132.243,33.466],[132.261,33.45],[132.259,33.473],[132.358,33.515]]]]}},{"type":"Feature","properties":{"code":"3848400","name":"愛媛県松野町"},"geometry":{"type":"MultiPolygon","coordinates":[[[[132.773,33.277],[132.788,33.266],[132.772,33.241],[132.775,33.206],[132.741,33.201],[132.738,33.183],[132.696,33.137],[132.635,33.178],[132.668,33.204],[132.66,33.213],[132.68,33.239],[132.73,33.244],[132.773,33.277]]]]}},{"type":"Feature","properties":{"code":"3848800","name":"愛媛県鬼北町"},"geometry":{"type":"MultiPolygon","coordinates":[[[[132.857,33.378],[132.901,33.343],[132.896,33.312],[132.787,33.267],[132.773,33.277],[132.729,33.244],[132.686,33.243],[132.664,33.216],[132.612,33.203],[132.602,33.252],[132.621,33.279],[132.673,33.277],[132.662,33.348],[132.756,33.344],[132.78,33.356],[132.803,33.343],[132.827,33.374],[132.852,33.387],[132.857,33.378]]]]}},{"type":"Feature","properties":{"code":"3850600","name":"愛媛県愛南町"},"geometry":{"type":"MultiPolygon","coordinates":[[[[132.648,33.058],[132.678,33.037],[132.692,32.974],[132.684,32.948],[132.653,32.94],[132.656,32.925],[132.6,32.913],[132.586,32.934],[132.602,32.947],[132.548,32.945],[132.568,32.929],[132.513,32.95],[132.505,32.942],[132.527,32.933],[132.497,32.918],[132.527,32.921],[132.521,32.908],[132.473,32.906],[132.478,32.922],[132.462,32.941],[132.493,32.94],[132.503,32.956],[132.471,32.969],[132.485,32.98],[132.505,32.98],[132.496,32.964],[132.554,32.96],[132.511,32.978],[132.506,33.005],[132.494,33.018],[132.485,33.012],[132.482,33.049],[132.471,33.04],[132.469,33.05],[132.45,33.048],[132.452,33.035],[132.411,33.057],[132.41,33.027],[132.396,33.013],[132.379,33.022],[132.397,33.025],[132.414,33.061],[132.533,33.036],[132.648,33.058]]]]}},{"type":"Feature","properties":{"code":"3920100","name":"高知県高知市"},"geometry":{"type":"MultiPolygon","coordinates":[[[[133.517,33.681],[133.575,33.656],[133.585,33.634],[133.573,33.628],[133.576,33.61],[133.594,33.59],[133.613,33.591],[133.608,33.581],[133.625,33.577],[133.612,33.571],[133.624,33.562],[133.6,33.519],[133.571,33.502],[133.563,33.503],[133.573,33.537],[133.553,33.541],[133.562,33.532],[133.547,33.518],[133.559,33.498],[133.582,33.501],[133.575,33.495],[133.479,33.459],[133.437,33.51],[133.458,33.524],[133.475,33.563],[133.416,33.578],[133.401,33.595],[133.416,33.609],[133.394,33.639],[133.438,33.671],[133.465,33.662],[133.517,33.681]]]]}},{"type":"Feature","properties":{"code":"3920200","name":"高知県室戸市"},"geometry":{"type":"MultiPolygon","coordinates":[[[[134.2,33.485],[134.235,33.44],[134.21,33.396],[134.176,33.244],[134.143,33.286],[134.153,33.283],[134.136,33.297],[134.107,33.297],[134.102,33.327],[134.034,33.377],[134.087,33.418],[134.132,33.474],[134.2,33.485]]]]}},{"type":"Feature","properties":{"code":"3920300","name":"高知県安芸市"},"geometry":{"type":"MultiPolygon","coordinates":[[[[134.068,33.715],[134.047,33.679],[134.07,33.662],[134.029,33.639],[134.013,33.608],[134.021,33.591],[134.007,33.576],[134.029,33.552],[133.991,33.511],[133.956,33.447],[133.932,33.488],[133.82,33.515],[133.856,33.537],[133.872,33.573],[133.857,33.603],[133.876,33.612],[133.886,33.653],[133.898,33.658],[133.918,33.644],[133.941,33.654],[134.004,33.713],[134.068,33.715]]]]}},{"type":"Feature","properties":{"code":"3920400","name":"高知県南国市"},"geometry":{"type":"MultiPolygon","coordinates":[[[[133.59,33.706],[133.62,33.661],[133.667,33.658],[133.662,33.611],[133.684,33.585],[133.681,33.534],[133.6,33.522],[133.625,33.565],[133.612,33.573],[133.625,33.577],[133.576,33.61],[133.572,33.626],[133.585,33.635],[133.56,33.692],[133.59,33.706]]]]}},{"type":"Feature","properties":{"code":"3920500","name":"高知県土佐市"},"geometry":{"type":"MultiPolygon","coordinates":[[[[133.428,33.523],[133.479,33.459],[133.432,33.437],[133.43,33.463],[133.405,33.468],[133.374,33.445],[133.361,33.453],[133.311,33.435],[133.308,33.47],[133.33,33.498],[133.428,33.523]]]]}},{"type":"Feature","properties":{"code":"3920600","name":"高知県須崎市"},"geometry":{"type":"MultiPolygon","coordinates":[[[[133.41,33.468],[133.43,33.463],[133.432,33.437],[133.424,33.449],[133.398,33.445],[133.405,33.432],[133.37,33.43],[133.35,33.416],[133.366,33.408],[133.372,33.425],[133.383,33.412],[133.397,33.425],[133.403,33.414],[133.416,33.439],[133.441,33.413],[133.413,33.411],[133.41,33.398],[133.379,33.403],[133.378,33.393],[133.346,33.401],[133.319,33.355],[133.312,33.366],[133.324,33.365],[133.324,33.379],[133.291,33.381],[133.304,33.391],[133.295,33.406],[133.295,33.389],[133.26,33.367],[133.264,33.342],[133.227,33.379],[133.176,33.379],[133.176,33.399],[133.209,33.404],[133.208,33.429],[133.249,33.432],[133.305,33.459],[133.317,33.432],[133.36,33.453],[133.375,33.445],[133.41,33.468]]]]}},{"type":"Feature","properties":{"code":"3920800","name":"高知県宿毛市"},"geometry":{"type":"MultiPolygon","coordinates":[[[[132.546,32.755],[132.571,32.736],[132.573,32.717],[132.544,32.703],[132.55,32.718],[132.535,32.729],[132.546,32.755]]],[[[132.686,33.096],[132.752,33.065],[132.747,33.043],[132.799,33.043],[132.831,33.014],[132.817,33.004],[132.829,32.941],[132.82,32.919],[132.803,32.92],[132.804,32.899],[132.781,32.907],[132.767,32.898],[132.785,32.839],[132.763,32.83],[132.739,32.839],[132.721,32.872],[132.71,32.863],[132.697,32.873],[132.705,32.888],[132.707,32.875],[132.722,32.881],[132.704,32.895],[132.722,32.898],[132.711,32.9],[132.71,32.925],[132.656,32.925],[132.652,32.939],[132.683,32.946],[132.691,32.973],[132.678,33.038],[132.658,33.058],[132.669,33.07],[132.664,33.108],[132.686,33.096]]]]}},{"type":"Feature","properties":{"code":"3920900","name":"高知県土佐清水市"},"geometry":{"type":"MultiPolygon","coordinates":[[[[132.926,32.937],[132.945,32.912],[133.008,32.912],[133.01,32.882],[132.996,32.864],[132.951,32.86],[132.961,32.83],[132.95,32.822],[132.965,32.8],[133.002,32.787],[133.018,32.762],[133.02,32.724],[132.966,32.729],[132.971,32.748],[132.952,32.76],[132.97,32.777],[132.946,32.765],[132.935,32.787],[132.921,32.779],[132.875,32.788],[132.87,32.766],[132.862,32.791],[132.792,32.748],[132.783,32.781],[132.761,32.801],[132.763,32.829],[132.785,32.839],[132.786,32.876],[132.799,32.881],[132.844,32.859],[132.913,32.877],[132.904,32.903],[132.926,32.937]]]]}},{"type":"Feature","properties":{"code":"3921000","name":"高知県四万十市"},"geometry":{"type":"MultiPolygon","coordinates":[[[[132.805,33.236],[132.827,33.238],[132.819,33.192],[132.877,33.18],[132.877,33.16],[132.899,33.145],[132.935,33.138],[132.993,33.16],[133.057,33.133],[133.044,33.111],[133.013,33.112],[132.972,33.086],[132.953,33.018],[132.976,32.999],[132.974,32.984],[133.005,32.975],[132.994,32.936],[133.009,32.912],[132.98,32.919],[132.956,32.909],[132.929,32.936],[132.893,32.945],[132.83,32.94],[132.817,33.004],[132.83,33.015],[132.798,33.044],[132.747,33.043],[132.751,33.066],[132.629,33.134],[132.62,33.182],[132.637,33.185],[132.689,33.135],[132.738,33.182],[132.741,33.201],[132.776,33.206],[132.772,33.241],[132.787,33.262],[132.805,33.236]]]]}},{"type":"Feature","properties":{"code":"3921100","name":"高知県香南市"},"geometry":{"type":"MultiPolygon","coordinates":[[[[133.872,33.662],[133.886,33.653],[133.875,33.612],[133.857,33.603],[133.865,33.595],[133.844,33.577],[133.82,33.58],[133.815,33.558],[133.794,33.549],[133.77,33.516],[133.746,33.537],[133.682,33.535],[133.68,33.567],[133.697,33.596],[133.733,33.593],[133.785,33.616],[133.796,33.601],[133.837,33.645],[133.872,33.662]]]]}},{"type":"Feature","properties":{"code":"3921200","name":"高知県香美市"},"geometry":{"type":"MultiPolygon","coordinates":[[[[133.987,33.837],[133.997,33.821],[134.034,33.827],[134.033,33.81],[134.058,33.781],[134.068,33.725],[134.001,33.712],[133.961,33.667],[133.919,33.644],[133.871,33.663],[133.837,33.645],[133.838,33.634],[133.796,33.601],[133.786,33.617],[133.734,33.593],[133.702,33.6],[133.684,33.58],[133.663,33.612],[133.666,33.659],[133.619,33.662],[133.599,33.697],[133.639,33.721],[133.693,33.685],[133.751,33.73],[133.784,33.724],[133.817,33.745],[133.872,33.805],[133.913,33.791],[133.947,33.804],[133.959,33.834],[133.987,33.837]]]]}},{"type":"Feature","properties":{"code":"3930100","name":"高知県東洋町"},"geometry":{"type":"MultiPolygon","coordinates":[[[[134.219,33.568],[134.238,33.554],[134.306,33.554],[134.235,33.442],[134.194,33.5],[134.21,33.497],[134.216,33.511],[134.193,33.537],[134.196,33.559],[134.219,33.568]]]]}},{"type":"Feature","properties":{"code":"3930200","name":"高知県奈半利町"},"geometry":{"type":"MultiPolygon","coordinates":[[[[134.099,33.448],[134.109,33.446],[134.087,33.417],[134.035,33.378],[134.036,33.401],[134.016,33.428],[134.029,33.44],[134.059,33.435],[134.099,33.448]]]]}},{"type":"Feature","properties":{"code":"3930300","name":"高知県田野町"},"geometry":{"type":"MultiPolygon","coordinates":[[[[134.025,33.458],[134.019,33.448],[134.03,33.44],[134.012,33.423],[133.993,33.428],[134.025,33.458]]]]}},{"type":"Feature","properties":{"code":"3930400","name":"高知県安田町"},"geometry":{"type":"MultiPolygon","coordinates":[[[[134.027,33.546],[134.069,33.527],[134.028,33.503],[134.025,33.46],[134.006,33.437],[133.993,33.428],[133.958,33.443],[133.991,33.512],[134.027,33.546]]]]}},{"type":"Feature","properties":{"code":"3930500","name":"高知県北川村"},"geometry":{"type":"MultiPolygon","coordinates":[[[[134.163,33.612],[134.195,33.569],[134.194,33.537],[134.216,33.513],[134.21,33.498],[134.195,33.502],[134.192,33.486],[134.133,33.475],[134.109,33.448],[134.064,33.436],[134.019,33.448],[134.028,33.503],[134.077,33.532],[134.094,33.59],[134.144,33.591],[134.163,33.612]]]]}},{"type":"Feature","properties":{"code":"3930600","name":"高知県馬路村"},"geometry":{"type":"MultiPolygon","coordinates":[[[[134.124,33.696],[134.174,33.685],[134.172,33.658],[134.183,33.648],[134.15,33.63],[134.156,33.609],[134.145,33.591],[134.095,33.591],[134.083,33.564],[134.09,33.552],[134.072,33.528],[134.033,33.54],[134.025,33.566],[134.007,33.577],[134.021,33.591],[134.013,33.608],[134.028,33.638],[134.07,33.663],[134.047,33.68],[134.057,33.69],[134.124,33.696]]]]}},{"type":"Feature","properties":{"code":"3930700","name":"高知県芸西村"},"geometry":{"type":"MultiPolygon","coordinates":[[[[133.867,33.589],[133.872,33.572],[133.852,33.529],[133.771,33.514],[133.793,33.549],[133.815,33.558],[133.82,33.58],[133.867,33.589]]]]}},{"type":"Feature","properties":{"code":"3934100","name":"高知県本山町"},"geometry":{"type":"MultiPolygon","coordinates":[[[[133.556,33.882],[133.583,33.868],[133.586,33.838],[133.636,33.81],[133.627,33.788],[133.643,33.758],[133.64,33.721],[133.604,33.703],[133.583,33.707],[133.576,33.738],[133.546,33.76],[133.548,33.777],[133.507,33.838],[133.556,33.882]]]]}},{"type":"Feature","properties":{"code":"3934400","name":"高知県大豊町"},"geometry":{"type":"MultiPolygon","coordinates":[[[[133.644,33.883],[133.662,33.881],[133.678,33.859],[133.737,33.85],[133.748,33.837],[133.838,33.845],[133.873,33.806],[133.817,33.745],[133.784,33.724],[133.752,33.731],[133.686,33.684],[133.637,33.727],[133.643,33.756],[133.627,33.789],[133.635,33.812],[133.582,33.844],[133.596,33.88],[133.627,33.872],[133.644,33.883]]]]}},{"type":"Feature","properties":{"code":"3936300","name":"高知県土佐町"},"geometry":{"type":"MultiPolygon","coordinates":[[[[133.509,33.836],[133.534,33.805],[133.546,33.76],[133.576,33.739],[133.583,33.706],[133.561,33.693],[133.564,33.667],[133.541,33.665],[133.517,33.681],[133.463,33.662],[133.435,33.694],[133.396,33.681],[133.399,33.698],[133.36,33.731],[133.362,33.752],[133.478,33.78],[133.493,33.793],[133.483,33.827],[133.509,33.836]]]]}},{"type":"Feature","properties":{"code":"3936400","name":"高知県大川村"},"geometry":{"type":"MultiPolygon","coordinates":[[[[133.417,33.839],[133.484,33.833],[133.48,33.811],[133.493,33.793],[133.449,33.768],[133.368,33.756],[133.351,33.783],[133.358,33.791],[133.326,33.815],[133.356,33.834],[133.391,33.824],[133.417,33.839]]]]}},{"type":"Feature","properties":{"code":"3938600","name":"高知県いの町"},"geometry":{"type":"MultiPolygon","coordinates":[[[[133.286,33.83],[133.358,33.79],[133.351,33.783],[133.368,33.755],[133.36,33.732],[133.399,33.697],[133.396,33.681],[133.434,33.693],[133.446,33.686],[133.449,33.672],[133.413,33.661],[133.394,33.637],[133.416,33.608],[133.401,33.593],[133.418,33.576],[133.474,33.563],[133.449,33.515],[133.395,33.519],[133.403,33.548],[133.367,33.565],[133.363,33.58],[133.356,33.56],[133.331,33.559],[133.267,33.612],[133.228,33.605],[133.229,33.679],[133.166,33.72],[133.158,33.749],[133.183,33.767],[133.193,33.793],[133.237,33.783],[133.257,33.794],[133.268,33.825],[133.286,33.83]]]]}},{"type":"Feature","properties":{"code":"3938700","name":"高知県仁淀川町"},"geometry":{"type":"MultiPolygon","coordinates":[[[[133.185,33.702],[133.227,33.682],[133.234,33.64],[133.223,33.63],[133.228,33.605],[133.214,33.598],[133.214,33.571],[133.183,33.566],[133.179,33.54],[133.148,33.518],[133.147,33.484],[133.159,33.467],[133.101,33.443],[133.073,33.453],[133.058,33.48],[133.015,33.482],[133.039,33.527],[133.064,33.543],[133.047,33.576],[133.08,33.609],[133.067,33.622],[133.075,33.651],[133.116,33.66],[133.12,33.691],[133.16,33.731],[133.185,33.702]]]]}},{"type":"Feature","properties":{"code":"3940100","name":"高知県中土佐町"},"geometry":{"type":"MultiPolygon","coordinates":[[[[133.116,33.422],[133.17,33.418],[133.177,33.376],[133.228,33.379],[133.264,33.341],[133.232,33.327],[133.261,33.31],[133.239,33.297],[133.243,33.276],[133.26,33.278],[133.264,33.257],[133.247,33.247],[133.256,33.238],[133.229,33.236],[133.193,33.257],[133.198,33.293],[133.179,33.308],[133.184,33.32],[133.132,33.303],[133.113,33.317],[133.098,33.311],[133.073,33.338],[133.058,33.334],[133.072,33.349],[133.051,33.357],[133.052,33.368],[133.076,33.389],[133.099,33.369],[133.116,33.422]]]]}},{"type":"Feature","properties":{"code":"3940200","name":"高知県佐川町"},"geometry":{"type":"MultiPolygon","coordinates":[[[[133.314,33.556],[133.343,33.515],[133.302,33.456],[133.26,33.441],[133.198,33.473],[133.201,33.507],[133.245,33.502],[133.268,33.524],[133.262,33.552],[133.314,33.556]]]]}},{"type":"Feature","properties":{"code":"3940300","name":"高知県越知町"},"geometry":{"type":"MultiPolygon","coordinates":[[[[133.263,33.613],[133.29,33.586],[133.304,33.591],[133.302,33.554],[133.262,33.552],[133.268,33.525],[133.249,33.504],[133.208,33.512],[133.197,33.474],[133.16,33.466],[133.147,33.485],[133.148,33.519],[133.176,33.537],[133.184,33.566],[133.213,33.57],[133.215,33.599],[133.263,33.613]]]]}},{"type":"Feature","properties":{"code":"3940500","name":"高知県檮原町"},"geometry":{"type":"MultiPolygon","coordinates":[[[[132.863,33.474],[132.989,33.474],[132.993,33.429],[132.956,33.401],[132.969,33.383],[132.988,33.39],[132.993,33.36],[133.028,33.343],[133.035,33.323],[133.026,33.306],[133.002,33.309],[132.974,33.284],[132.954,33.313],[132.902,33.327],[132.89,33.357],[132.86,33.368],[132.854,33.398],[132.837,33.399],[132.825,33.423],[132.827,33.446],[132.807,33.456],[132.821,33.473],[132.863,33.474]]]]}},{"type":"Feature","properties":{"code":"3941000","name":"高知県日高村"},"geometry":{"type":"MultiPolygon","coordinates":[[[[133.328,33.565],[133.354,33.559],[133.362,33.58],[133.367,33.565],[133.403,33.549],[133.395,33.511],[133.338,33.498],[133.342,33.515],[133.313,33.558],[133.302,33.555],[133.299,33.579],[133.328,33.565]]]]}},{"type":"Feature","properties":{"code":"3941100","name":"高知県津野町"},"geometry":{"type":"MultiPolygon","coordinates":[[[[133.025,33.481],[133.058,33.48],[133.074,33.452],[133.101,33.443],[133.196,33.473],[133.249,33.455],[133.257,33.44],[133.208,33.429],[133.21,33.405],[133.196,33.397],[133.175,33.4],[133.169,33.419],[133.114,33.422],[133.1,33.369],[133.074,33.389],[133.027,33.343],[132.993,33.36],[132.988,33.39],[132.97,33.383],[132.956,33.402],[132.994,33.429],[132.989,33.474],[133.025,33.481]]]]}},{"type":"Feature","properties":{"code":"3941200","name":"高知県四万十町"},"geometry":{"type":"MultiPolygon","coordinates":[[[[133.053,33.356],[133.072,33.348],[133.058,33.333],[133.073,33.338],[133.097,33.31],[133.106,33.319],[133.141,33.304],[133.185,33.32],[133.179,33.308],[133.198,33.293],[133.193,33.257],[133.228,33.236],[133.255,33.238],[133.241,33.198],[133.211,33.184],[133.223,33.153],[133.21,33.149],[133.206,33.165],[133.192,33.167],[133.158,33.138],[133.154,33.148],[133.183,33.178],[133.165,33.188],[133.126,33.162],[133.099,33.165],[133.094,33.143],[133.075,33.147],[133.072,33.124],[133.058,33.118],[133.056,33.134],[133.005,33.147],[132.994,33.16],[132.935,33.138],[132.899,33.144],[132.877,33.16],[132.877,33.18],[132.819,33.192],[132.827,33.237],[132.805,33.236],[132.788,33.261],[132.793,33.275],[132.857,33.293],[132.907,33.328],[132.954,33.313],[132.98,33.282],[133.001,33.309],[133.026,33.306],[133.035,33.322],[133.029,33.343],[133.053,33.356]]]]}},{"type":"Feature","properties":{"code":"3942400","name":"高知県大月町"},"geometry":{"type":"MultiPolygon","coordinates":[[[[132.705,32.888],[132.697,32.874],[132.71,32.863],[132.724,32.87],[132.74,32.839],[132.762,32.831],[132.763,32.8],[132.784,32.779],[132.785,32.755],[132.757,32.754],[132.711,32.799],[132.683,32.796],[132.699,32.786],[132.654,32.781],[132.65,32.766],[132.629,32.763],[132.645,32.786],[132.629,32.8],[132.656,32.801],[132.644,32.819],[132.674,32.84],[132.657,32.854],[132.705,32.888]]]]}},{"type":"Feature","properties":{"code":"3942700","name":"高知県三原村"},"geometry":{"type":"MultiPolygon","coordinates":[[[[132.866,32.944],[132.918,32.935],[132.903,32.903],[132.912,32.877],[132.845,32.859],[132.799,32.881],[132.78,32.869],[132.767,32.899],[132.779,32.908],[132.805,32.9],[132.803,32.92],[132.82,32.92],[132.827,32.939],[132.866,32.944]]]]}},{"type":"Feature","properties":{"code":"3942800","name":"高知県黒潮町"},"geometry":{"type":"MultiPolygon","coordinates":[[[[133.175,33.189],[133.182,33.177],[133.153,33.147],[133.164,33.135],[133.142,33.098],[133.106,33.074],[133.097,33.025],[133.037,33.037],[133.011,33.015],[132.999,32.98],[132.973,32.985],[132.976,32.999],[132.953,33.018],[132.971,33.086],[133.007,33.11],[133.071,33.123],[133.076,33.147],[133.095,33.144],[133.098,33.164],[133.116,33.159],[133.175,33.189]]]]}},{"type":"Feature","properties":{"code":"4010000","name":"福岡県北九州市"},"geometry":{"type":"MultiPolygon","coordinates":[[[[130.809,33.949],[130.85,33.941],[130.815,33.934],[130.82,33.926],[130.777,33.94],[130.825,33.955],[130.809,33.949]]],[[[131.002,33.97],[131.024,33.959],[131.001,33.924],[131.013,33.916],[130.988,33.9],[131.005,33.892],[131.002,33.875],[130.987,33.883],[130.993,33.851],[130.957,33.828],[130.975,33.825],[130.961,33.822],[130.978,33.812],[130.967,33.81],[130.981,33.811],[130.953,33.781],[130.916,33.774],[130.895,33.735],[130.882,33.744],[130.821,33.721],[130.805,33.736],[130.797,33.779],[130.773,33.786],[130.758,33.77],[130.721,33.774],[130.704,33.801],[130.744,33.818],[130.682,33.888],[130.674,33.92],[130.683,33.937],[130.738,33.927],[130.753,33.932],[130.74,33.939],[130.77,33.949],[130.76,33.94],[130.769,33.929],[130.754,33.921],[130.781,33.934],[130.813,33.929],[130.815,33.902],[130.755,33.878],[130.745,33.888],[130.742,33.875],[130.802,33.891],[130.801,33.874],[130.825,33.921],[130.857,33.929],[130.85,33.915],[130.869,33.918],[130.848,33.905],[130.873,33.915],[130.887,33.907],[130.867,33.898],[130.889,33.901],[130.878,33.891],[130.891,33.888],[130.932,33.908],[130.963,33.962],[130.989,33.958],[131.002,33.97]]]]}},{"type":"Feature","properties":{"code":"4013000","name":"福岡県福岡市"},"geometry":{"type":"MultiPolygon","coordinates":[[[[130.3,33.69],[130.318,33.665],[130.311,33.659],[130.287,33.679],[130.3,33.69]]],[[[130.422,33.712],[130.469,33.68],[130.479,33.649],[130.495,33.646],[130.493,33.631],[130.472,33.637],[130.442,33.613],[130.485,33.559],[130.461,33.562],[130.467,33.537],[130.442,33.547],[130.435,33.523],[130.426,33.53],[130.395,33.507],[130.371,33.505],[130.404,33.439],[130.378,33.425],[130.274,33.48],[130.273,33.496],[130.292,33.513],[130.289,33.538],[130.265,33.557],[130.237,33.555],[130.239,33.577],[130.212,33.589],[130.198,33.639],[130.208,33.666],[130.231,33.656],[130.231,33.618],[130.273,33.612],[130.268,33.594],[130.251,33.6],[130.276,33.582],[130.378,33.606],[130.387,33.595],[130.385,33.608],[130.414,33.617],[130.404,33.634],[130.422,33.646],[130.405,33.652],[130.433,33.66],[130.43,33.687],[130.368,33.665],[130.36,33.644],[130.318,33.661],[130.377,33.673],[130.422,33.712]]]]}},{"type":"Feature","properties":{"code":"4020200","name":"福岡県大牟田市"},"geometry":{"type":"MultiPolygon","coordinates":[[[[130.512,33.099],[130.522,33.083],[130.538,33.091],[130.542,33.082],[130.531,33.064],[130.495,33.049],[130.512,33.007],[130.396,33.001],[130.418,33.008],[130.415,33.016],[130.393,33.005],[130.422,33.029],[130.418,33.071],[130.512,33.099]]]]}},{"type":"Feature","properties":{"code":"4020300","name":"福岡県久留米市"},"geometry":{"type":"MultiPolygon","coordinates":[[[[130.624,33.368],[130.631,33.353],[130.728,33.361],[130.718,33.353],[130.731,33.346],[130.728,33.303],[130.638,33.299],[130.592,33.27],[130.512,33.26],[130.508,33.247],[130.475,33.241],[130.464,33.224],[130.445,33.245],[130.423,33.224],[130.386,33.24],[130.392,33.26],[130.415,33.253],[130.431,33.292],[130.437,33.269],[130.45,33.265],[130.449,33.278],[130.468,33.288],[130.457,33.303],[130.485,33.306],[130.482,33.332],[130.499,33.326],[130.511,33.344],[130.55,33.345],[130.58,33.367],[130.624,33.368]]]]}},{"type":"Feature","properties":{"code":"4020400","name":"福岡県直方市"},"geometry":{"type":"MultiPolygon","coordinates":[[[[130.72,33.774],[130.757,33.769],[130.784,33.785],[130.803,33.772],[130.804,33.742],[130.738,33.701],[130.727,33.731],[130.705,33.747],[130.687,33.744],[130.682,33.756],[130.681,33.766],[130.699,33.769],[130.705,33.795],[130.72,33.774]]]]}},{"type":"Feature","properties":{"code":"4020500","name":"福岡県飯塚市"},"geometry":{"type":"MultiPolygon","coordinates":[[[[130.729,33.707],[130.755,33.686],[130.76,33.654],[130.749,33.639],[130.774,33.596],[130.752,33.588],[130.74,33.613],[130.703,33.624],[130.698,33.598],[130.65,33.592],[130.667,33.585],[130.666,33.55],[130.677,33.553],[130.665,33.506],[130.622,33.506],[130.559,33.598],[130.598,33.613],[130.576,33.64],[130.609,33.651],[130.644,33.688],[130.705,33.683],[130.729,33.707]]]]}},{"type":"Feature","properties":{"code":"4020600","name":"福岡県田川市"},"geometry":{"type":"MultiPolygon","coordinates":[[[[130.828,33.696],[130.824,33.671],[130.837,33.659],[130.828,33.651],[130.843,33.645],[130.845,33.617],[130.833,33.606],[130.795,33.623],[130.798,33.582],[130.777,33.569],[130.762,33.586],[130.775,33.608],[130.749,33.641],[130.792,33.651],[130.787,33.666],[130.807,33.671],[130.812,33.695],[130.828,33.696]]]]}},{"type":"Feature","properties":{"code":"4020700","name":"福岡県柳川市"},"geometry":{"type":"MultiPolygon","coordinates":[[[[130.428,33.194],[130.476,33.171],[130.454,33.164],[130.461,33.148],[130.409,33.088],[130.388,33.095],[130.397,33.108],[130.373,33.12],[130.373,33.141],[130.356,33.14],[130.352,33.169],[130.376,33.188],[130.392,33.179],[130.401,33.194],[130.428,33.194]]]]}},{"type":"Feature","properties":{"code":"4021000","name":"福岡県八女市"},"geometry":{"type":"MultiPolygon","coordinates":[[[[130.701,33.306],[130.82,33.257],[130.832,33.234],[130.859,33.23],[130.836,33.211],[130.887,33.181],[130.853,33.109],[130.822,33.106],[130.771,33.124],[130.732,33.155],[130.692,33.152],[130.68,33.171],[130.658,33.109],[130.58,33.116],[130.556,33.107],[130.552,33.156],[130.539,33.159],[130.544,33.183],[130.518,33.201],[130.52,33.232],[130.6,33.245],[130.63,33.238],[130.618,33.291],[130.701,33.306]]]]}},{"type":"Feature","properties":{"code":"4021100","name":"福岡県筑後市"},"geometry":{"type":"MultiPolygon","coordinates":[[[[130.512,33.254],[130.509,33.239],[130.525,33.224],[130.517,33.202],[130.531,33.2],[130.536,33.185],[130.451,33.175],[130.461,33.179],[130.452,33.204],[130.474,33.241],[130.512,33.254]]]]}},{"type":"Feature","properties":{"code":"4021200","name":"福岡県大川市"},"geometry":{"type":"MultiPolygon","coordinates":[[[[130.383,33.241],[130.415,33.234],[130.422,33.197],[130.352,33.171],[130.34,33.206],[130.378,33.221],[130.37,33.24],[130.383,33.241]]]]}},{"type":"Feature","properties":{"code":"4021300","name":"福岡県行橋市"},"geometry":{"type":"MultiPolygon","coordinates":[[[[130.907,33.746],[130.952,33.736],[131.016,33.751],[131.014,33.733],[131.046,33.685],[131.007,33.678],[130.995,33.694],[130.926,33.672],[130.938,33.71],[130.897,33.723],[130.895,33.739],[130.903,33.753],[130.907,33.746]]]]}},{"type":"Feature","properties":{"code":"4021400","name":"福岡県豊前市"},"geometry":{"type":"MultiPolygon","coordinates":[[[[131.089,33.633],[131.102,33.618],[131.116,33.619],[131.116,33.631],[131.132,33.624],[131.127,33.631],[131.165,33.612],[131.068,33.51],[131.036,33.519],[130.992,33.508],[131.017,33.561],[131.089,33.633]]]]}},{"type":"Feature","properties":{"code":"4021500","name":"福岡県中間市"},"geometry":{"type":"MultiPolygon","coordinates":[[[[130.703,33.842],[130.743,33.816],[130.703,33.802],[130.669,33.821],[130.703,33.842]]]]}},{"type":"Feature","properties":{"code":"4021600","name":"福岡県小郡市"},"geometry":{"type":"MultiPolygon","coordinates":[[[[130.555,33.45],[130.61,33.413],[130.592,33.401],[130.576,33.359],[130.538,33.342],[130.535,33.437],[130.555,33.45]]]]}},{"type":"Feature","properties":{"code":"4021700","name":"福岡県筑紫野市"},"geometry":{"type":"MultiPolygon","coordinates":[[[[130.591,33.549],[130.622,33.507],[130.581,33.474],[130.561,33.476],[130.581,33.437],[130.565,33.449],[130.538,33.439],[130.512,33.449],[130.457,33.43],[130.457,33.457],[130.491,33.471],[130.503,33.511],[130.542,33.492],[130.542,33.521],[130.558,33.523],[130.58,33.554],[130.591,33.549]]]]}},{"type":"Feature","properties":{"code":"4021800","name":"福岡県春日市"},"geometry":{"type":"MultiPolygon","coordinates":[[[[130.454,33.547],[130.479,33.526],[130.477,33.509],[130.449,33.499],[130.434,33.522],[130.442,33.546],[130.454,33.547]]]]}},{"type":"Feature","properties":{"code":"4021900","name":"福岡県大野城市"},"geometry":{"type":"MultiPolygon","coordinates":[[[[130.468,33.561],[130.502,33.56],[130.514,33.537],[130.49,33.531],[130.481,33.464],[130.456,33.471],[130.451,33.495],[130.477,33.511],[130.468,33.561]]]]}},{"type":"Feature","properties":{"code":"4022000","name":"福岡県宗像市"},"geometry":{"type":"MultiPolygon","coordinates":[[[[130.525,33.89],[130.542,33.889],[130.591,33.819],[130.636,33.813],[130.632,33.78],[130.554,33.75],[130.539,33.778],[130.52,33.776],[130.495,33.795],[130.505,33.809],[130.5,33.832],[130.477,33.857],[130.518,33.861],[130.525,33.89]]],[[[130.439,33.915],[130.448,33.911],[130.43,33.887],[130.406,33.897],[130.408,33.911],[130.439,33.915]]]]}},{"type":"Feature","properties":{"code":"4022100","name":"福岡県太宰府市"},"geometry":{"type":"MultiPolygon","coordinates":[[[[130.551,33.555],[130.572,33.543],[130.541,33.52],[130.545,33.495],[130.524,33.507],[130.509,33.5],[130.503,33.512],[130.489,33.471],[130.491,33.531],[130.521,33.531],[130.551,33.555]]]]}},{"type":"Feature","properties":{"code":"4022300","name":"福岡県古賀市"},"geometry":{"type":"MultiPolygon","coordinates":[[[[130.474,33.752],[130.54,33.738],[130.559,33.721],[130.51,33.687],[130.5,33.698],[130.47,33.695],[130.447,33.725],[130.474,33.752]]]]}},{"type":"Feature","properties":{"code":"4022400","name":"福岡県福津市"},"geometry":{"type":"MultiPolygon","coordinates":[[[[130.48,33.851],[130.5,33.831],[130.505,33.809],[130.495,33.795],[130.545,33.772],[130.555,33.75],[130.548,33.731],[130.468,33.753],[130.467,33.783],[130.448,33.788],[130.444,33.815],[130.47,33.815],[130.48,33.851]]]]}},{"type":"Feature","properties":{"code":"4022500","name":"福岡県うきは市"},"geometry":{"type":"MultiPolygon","coordinates":[[[[130.73,33.373],[130.783,33.349],[130.813,33.36],[130.849,33.338],[130.866,33.294],[130.853,33.278],[130.867,33.263],[130.823,33.254],[130.768,33.282],[130.732,33.286],[130.723,33.326],[130.731,33.346],[130.719,33.353],[130.731,33.354],[130.73,33.373]]]]}},{"type":"Feature","properties":{"code":"4022600","name":"福岡県宮若市"},"geometry":{"type":"MultiPolygon","coordinates":[[[[130.635,33.79],[130.658,33.74],[130.703,33.748],[130.712,33.726],[130.696,33.72],[130.697,33.699],[130.643,33.688],[130.61,33.651],[130.574,33.64],[130.574,33.66],[130.54,33.681],[130.542,33.706],[130.559,33.722],[130.552,33.745],[130.604,33.763],[130.605,33.777],[130.632,33.78],[130.635,33.79]]]]}},{"type":"Feature","properties":{"code":"4022700","name":"福岡県嘉麻市"},"geometry":{"type":"MultiPolygon","coordinates":[[[[130.704,33.624],[130.739,33.613],[130.802,33.548],[130.817,33.49],[130.806,33.472],[130.663,33.503],[130.663,33.523],[130.704,33.583],[130.704,33.624]]]]}},{"type":"Feature","properties":{"code":"4022800","name":"福岡県朝倉市"},"geometry":{"type":"MultiPolygon","coordinates":[[[[130.674,33.499],[130.785,33.481],[130.79,33.47],[130.769,33.453],[130.82,33.457],[130.858,33.402],[130.861,33.362],[130.835,33.344],[130.813,33.36],[130.784,33.349],[130.731,33.373],[130.717,33.359],[130.64,33.371],[130.645,33.387],[130.618,33.396],[130.617,33.407],[130.658,33.436],[130.649,33.461],[130.674,33.499]]]]}},{"type":"Feature","properties":{"code":"4022900","name":"福岡県みやま市"},"geometry":{"type":"MultiPolygon","coordinates":[[[[130.546,33.182],[130.539,33.159],[130.552,33.156],[130.565,33.087],[130.524,33.083],[130.51,33.099],[130.418,33.072],[130.412,33.086],[130.461,33.149],[130.454,33.164],[130.475,33.167],[130.477,33.183],[130.489,33.173],[130.546,33.182]]]]}},{"type":"Feature","properties":{"code":"4023000","name":"福岡県糸島市"},"geometry":{"type":"MultiPolygon","coordinates":[[[[130.2,33.639],[130.212,33.589],[130.241,33.573],[130.239,33.553],[130.266,33.557],[130.289,33.538],[130.292,33.514],[130.272,33.479],[130.25,33.47],[130.199,33.481],[130.176,33.466],[130.149,33.477],[130.04,33.469],[130.045,33.496],[130.101,33.516],[130.127,33.51],[130.135,33.518],[130.124,33.526],[130.164,33.551],[130.16,33.561],[130.117,33.547],[130.135,33.568],[130.121,33.574],[130.098,33.564],[130.088,33.582],[130.108,33.585],[130.107,33.597],[130.148,33.594],[130.162,33.611],[130.157,33.628],[130.2,33.639]]]]}},{"type":"Feature","properties":{"code":"4023100","name":"福岡県那珂川市"},"geometry":{"type":"MultiPolygon","coordinates":[[[[130.427,33.529],[130.466,33.468],[130.454,33.436],[130.461,33.428],[130.437,33.4],[130.411,33.395],[130.417,33.41],[130.398,33.422],[130.404,33.441],[130.388,33.455],[130.371,33.504],[130.427,33.529]]]]}},{"type":"Feature","properties":{"code":"4034100","name":"福岡県宇美町"},"geometry":{"type":"MultiPolygon","coordinates":[[[[130.563,33.593],[130.584,33.555],[130.573,33.543],[130.542,33.555],[130.52,33.53],[130.502,33.56],[130.486,33.56],[130.501,33.581],[130.543,33.578],[130.563,33.593]]]]}},{"type":"Feature","properties":{"code":"4034200","name":"福岡県篠栗町"},"geometry":{"type":"MultiPolygon","coordinates":[[[[130.563,33.665],[130.575,33.658],[130.566,33.647],[130.586,33.632],[130.585,33.619],[130.598,33.614],[130.587,33.603],[130.537,33.596],[130.501,33.613],[130.498,33.635],[130.534,33.637],[130.563,33.665]]]]}},{"type":"Feature","properties":{"code":"4034300","name":"福岡県志免町"},"geometry":{"type":"MultiPolygon","coordinates":[[[[130.457,33.61],[130.5,33.58],[130.486,33.56],[130.442,33.606],[130.457,33.61]]]]}},{"type":"Feature","properties":{"code":"4034400","name":"福岡県須恵町"},"geometry":{"type":"MultiPolygon","coordinates":[[[[130.498,33.615],[130.563,33.594],[130.516,33.576],[130.492,33.586],[130.498,33.615]]]]}},{"type":"Feature","properties":{"code":"4034500","name":"福岡県新宮町"},"geometry":{"type":"MultiPolygon","coordinates":[[[[130.453,33.722],[130.467,33.696],[130.502,33.697],[130.509,33.685],[130.487,33.674],[130.456,33.68],[130.418,33.713],[130.453,33.722]]]]}},{"type":"Feature","properties":{"code":"4034800","name":"福岡県久山町"},"geometry":{"type":"MultiPolygon","coordinates":[[[[130.543,33.71],[130.542,33.676],[130.561,33.664],[130.533,33.637],[130.494,33.634],[130.467,33.677],[130.489,33.675],[130.543,33.71]]]]}},{"type":"Feature","properties":{"code":"4034900","name":"福岡県粕屋町"},"geometry":{"type":"MultiPolygon","coordinates":[[[[130.474,33.636],[130.498,33.633],[130.491,33.593],[130.443,33.607],[130.474,33.636]]]]}},{"type":"Feature","properties":{"code":"4038100","name":"福岡県芦屋町"},"geometry":{"type":"MultiPolygon","coordinates":[[[[130.672,33.919],[130.684,33.892],[130.643,33.868],[130.637,33.886],[130.672,33.919]]]]}},{"type":"Feature","properties":{"code":"4038200","name":"福岡県水巻町"},"geometry":{"type":"MultiPolygon","coordinates":[[[[130.688,33.878],[130.721,33.836],[130.689,33.836],[130.677,33.891],[130.688,33.878]]]]}},{"type":"Feature","properties":{"code":"4038300","name":"福岡県岡垣町"},"geometry":{"type":"MultiPolygon","coordinates":[[[[130.564,33.891],[130.578,33.878],[130.643,33.881],[130.639,33.849],[130.653,33.847],[130.642,33.814],[130.59,33.819],[130.542,33.885],[130.564,33.891]]]]}},{"type":"Feature","properties":{"code":"4038400","name":"福岡県遠賀町"},"geometry":{"type":"MultiPolygon","coordinates":[[[[130.678,33.877],[130.691,33.834],[130.638,33.81],[130.653,33.846],[130.638,33.85],[130.643,33.868],[130.666,33.873],[130.677,33.89],[130.678,33.877]]]]}},{"type":"Feature","properties":{"code":"4040100","name":"福岡県小竹町"},"geometry":{"type":"MultiPolygon","coordinates":[[[[130.671,33.691],[130.698,33.7],[130.697,33.722],[130.726,33.732],[130.726,33.702],[130.713,33.701],[130.71,33.685],[130.671,33.691]]]]}},{"type":"Feature","properties":{"code":"4040200","name":"福岡県鞍手町"},"geometry":{"type":"MultiPolygon","coordinates":[[[[130.676,33.819],[130.707,33.796],[130.698,33.767],[130.68,33.765],[130.685,33.75],[130.659,33.74],[130.633,33.804],[130.676,33.819]]]]}},{"type":"Feature","properties":{"code":"4042100","name":"福岡県桂川町"},"geometry":{"type":"MultiPolygon","coordinates":[[[[130.683,33.598],[130.7,33.599],[130.704,33.584],[130.672,33.529],[130.678,33.553],[130.666,33.55],[130.66,33.568],[130.667,33.585],[130.65,33.591],[130.683,33.598]]]]}},{"type":"Feature","properties":{"code":"4044700","name":"福岡県筑前町"},"geometry":{"type":"MultiPolygon","coordinates":[[[[130.655,33.51],[130.668,33.5],[130.648,33.456],[130.659,33.441],[130.616,33.405],[130.58,33.437],[130.561,33.476],[130.58,33.473],[130.621,33.506],[130.655,33.51]]]]}},{"type":"Feature","properties":{"code":"4044800","name":"福岡県東峰村"},"geometry":{"type":"MultiPolygon","coordinates":[[[[130.821,33.488],[130.846,33.482],[130.836,33.469],[130.854,33.447],[130.899,33.451],[130.885,33.379],[130.859,33.375],[130.859,33.399],[130.82,33.456],[130.765,33.455],[130.821,33.488]]]]}},{"type":"Feature","properties":{"code":"4050300","name":"福岡県大刀洗町"},"geometry":{"type":"MultiPolygon","coordinates":[[[[130.613,33.411],[130.619,33.396],[130.645,33.386],[130.641,33.371],[130.667,33.362],[130.631,33.353],[130.629,33.367],[130.58,33.367],[130.591,33.4],[130.613,33.411]]]]}},{"type":"Feature","properties":{"code":"4052200","name":"福岡県大木町"},"geometry":{"type":"MultiPolygon","coordinates":[[[[130.412,33.225],[130.437,33.229],[130.443,33.245],[130.457,33.237],[130.457,33.186],[130.436,33.182],[130.412,33.225]]]]}},{"type":"Feature","properties":{"code":"4054400","name":"福岡県広川町"},"geometry":{"type":"MultiPolygon","coordinates":[[[[130.619,33.283],[130.63,33.238],[130.509,33.238],[130.511,33.261],[130.619,33.283]]]]}},{"type":"Feature","properties":{"code":"4060100","name":"福岡県香春町"},"geometry":{"type":"MultiPolygon","coordinates":[[[[130.865,33.736],[130.89,33.67],[130.89,33.65],[130.868,33.64],[130.829,33.651],[130.837,33.66],[130.826,33.664],[130.823,33.721],[130.865,33.736]]]]}},{"type":"Feature","properties":{"code":"4060200","name":"福岡県添田町"},"geometry":{"type":"MultiPolygon","coordinates":[[[[130.857,33.588],[130.914,33.565],[130.933,33.533],[130.95,33.488],[130.911,33.45],[130.854,33.447],[130.836,33.47],[130.846,33.482],[130.811,33.502],[130.831,33.53],[130.832,33.59],[130.857,33.588]]]]}},{"type":"Feature","properties":{"code":"4060400","name":"福岡県糸田町"},"geometry":{"type":"MultiPolygon","coordinates":[[[[130.787,33.666],[130.792,33.651],[130.752,33.644],[130.758,33.664],[130.78,33.675],[130.787,33.666]]]]}},{"type":"Feature","properties":{"code":"4060500","name":"福岡県川崎町"},"geometry":{"type":"MultiPolygon","coordinates":[[[[130.798,33.624],[130.841,33.6],[130.831,33.53],[130.811,33.511],[130.785,33.568],[130.798,33.582],[130.798,33.624]]]]}},{"type":"Feature","properties":{"code":"4060800","name":"福岡県大任町"},"geometry":{"type":"MultiPolygon","coordinates":[[[[130.848,33.645],[130.86,33.639],[130.864,33.582],[130.839,33.588],[130.832,33.605],[130.848,33.645]]]]}},{"type":"Feature","properties":{"code":"4060900","name":"福岡県赤村"},"geometry":{"type":"MultiPolygon","coordinates":[[[[130.892,33.65],[130.893,33.636],[130.908,33.637],[130.898,33.614],[130.922,33.558],[130.869,33.582],[130.856,33.646],[130.892,33.65]]]]}},{"type":"Feature","properties":{"code":"4061000","name":"福岡県福智町"},"geometry":{"type":"MultiPolygon","coordinates":[[[[130.804,33.742],[130.83,33.711],[130.828,33.697],[130.807,33.69],[130.805,33.67],[130.755,33.665],[130.749,33.717],[130.804,33.742]]]]}},{"type":"Feature","properties":{"code":"4062100","name":"福岡県苅田町"},"geometry":{"type":"MultiPolygon","coordinates":[[[[131.015,33.813],[131.011,33.8],[130.997,33.81],[131.003,33.801],[130.985,33.786],[130.999,33.797],[131.003,33.782],[130.993,33.774],[131.013,33.778],[131.004,33.75],[130.951,33.736],[130.91,33.749],[130.916,33.774],[130.952,33.781],[130.981,33.81],[131.015,33.813]]]]}},{"type":"Feature","properties":{"code":"4062500","name":"福岡県みやこ町"},"geometry":{"type":"MultiPolygon","coordinates":[[[[130.883,33.742],[130.907,33.713],[130.924,33.721],[130.939,33.711],[130.926,33.673],[130.995,33.694],[131.011,33.676],[130.991,33.662],[130.962,33.586],[130.973,33.561],[130.966,33.527],[130.981,33.509],[130.951,33.488],[130.898,33.614],[130.907,33.637],[130.893,33.637],[130.882,33.657],[130.89,33.669],[130.868,33.731],[130.883,33.742]]]]}},{"type":"Feature","properties":{"code":"4064200","name":"福岡県吉富町"},"geometry":{"type":"MultiPolygon","coordinates":[[[[131.157,33.598],[131.185,33.622],[131.173,33.589],[131.157,33.598]]]]}},{"type":"Feature","properties":{"code":"4064600","name":"福岡県上毛町"},"geometry":{"type":"MultiPolygon","coordinates":[[[[131.163,33.595],[131.191,33.56],[131.166,33.528],[131.177,33.507],[131.068,33.508],[131.132,33.58],[131.163,33.595]]]]}},{"type":"Feature","properties":{"code":"4064700","name":"福岡県築上町"},"geometry":{"type":"MultiPolygon","coordinates":[[[[131.054,33.689],[131.085,33.63],[130.982,33.508],[130.966,33.526],[130.973,33.56],[130.962,33.566],[130.961,33.585],[130.99,33.66],[131.018,33.681],[131.054,33.689]]]]}},{"type":"Feature","properties":{"code":"4120100","name":"佐賀県佐賀市"},"geometry":{"type":"MultiPolygon","coordinates":[[[[130.204,33.481],[130.251,33.471],[130.274,33.48],[130.34,33.444],[130.319,33.416],[130.278,33.402],[130.274,33.387],[130.293,33.38],[130.304,33.349],[130.314,33.36],[130.331,33.356],[130.344,33.25],[130.377,33.251],[130.378,33.221],[130.34,33.204],[130.356,33.14],[130.288,33.147],[130.252,33.189],[130.256,33.201],[130.23,33.193],[130.219,33.248],[130.244,33.252],[130.245,33.273],[130.227,33.331],[130.143,33.339],[130.14,33.378],[130.171,33.416],[130.157,33.419],[130.169,33.466],[130.204,33.481]]]]}},{"type":"Feature","properties":{"code":"4120200","name":"佐賀県唐津市"},"geometry":{"type":"MultiPolygon","coordinates":[[[[129.849,33.557],[129.878,33.538],[129.876,33.516],[129.895,33.551],[129.918,33.542],[129.93,33.551],[129.931,33.536],[129.958,33.529],[129.969,33.512],[129.938,33.48],[129.956,33.469],[129.966,33.483],[129.962,33.459],[129.995,33.448],[130.035,33.451],[130.039,33.469],[130.159,33.476],[130.17,33.45],[130.157,33.42],[130.171,33.416],[130.141,33.381],[130.143,33.339],[130.035,33.278],[130.008,33.316],[129.96,33.348],[129.954,33.324],[129.92,33.365],[129.92,33.396],[129.903,33.412],[129.883,33.408],[129.876,33.387],[129.863,33.412],[129.854,33.403],[129.824,33.412],[129.832,33.422],[129.783,33.451],[129.808,33.459],[129.794,33.471],[129.806,33.485],[129.839,33.462],[129.836,33.443],[129.858,33.449],[129.859,33.434],[129.874,33.431],[129.905,33.471],[129.897,33.49],[129.841,33.522],[129.857,33.52],[129.849,33.557]]],[[[129.761,33.583],[129.774,33.575],[129.762,33.564],[129.74,33.573],[129.761,33.583]]]]}},{"type":"Feature","properties":{"code":"4120300","name":"佐賀県鳥栖市"},"geometry":{"type":"MultiPolygon","coordinates":[[[[130.464,33.428],[130.501,33.406],[130.54,33.404],[130.536,33.343],[130.509,33.343],[130.498,33.326],[130.458,33.348],[130.437,33.404],[130.464,33.428]]]]}},{"type":"Feature","properties":{"code":"4120400","name":"佐賀県多久市"},"geometry":{"type":"MultiPolygon","coordinates":[[[[130.135,33.339],[130.137,33.312],[130.169,33.287],[130.181,33.247],[130.159,33.254],[130.124,33.235],[130.028,33.25],[130.028,33.281],[130.135,33.339]]]]}},{"type":"Feature","properties":{"code":"4120500","name":"佐賀県伊万里市"},"geometry":{"type":"MultiPolygon","coordinates":[[[[129.904,33.412],[129.92,33.395],[129.92,33.365],[129.955,33.323],[129.961,33.347],[130.008,33.316],[130.025,33.282],[129.981,33.275],[129.92,33.226],[129.879,33.226],[129.869,33.241],[129.815,33.236],[129.76,33.291],[129.769,33.319],[129.785,33.338],[129.805,33.338],[129.836,33.287],[129.854,33.292],[129.828,33.312],[129.85,33.329],[129.828,33.337],[129.849,33.337],[129.844,33.352],[129.868,33.373],[129.865,33.393],[129.882,33.389],[129.882,33.407],[129.904,33.412]]]]}},{"type":"Feature","properties":{"code":"4120600","name":"佐賀県武雄市"},"geometry":{"type":"MultiPolygon","coordinates":[[[[130.027,33.281],[130.027,33.25],[130.103,33.235],[130.089,33.214],[130.1,33.207],[130.07,33.182],[130.071,33.166],[130.006,33.147],[129.988,33.134],[129.992,33.115],[129.953,33.109],[129.943,33.164],[129.918,33.171],[129.897,33.224],[129.931,33.23],[129.981,33.275],[130.027,33.281]]]]}},{"type":"Feature","properties":{"code":"4120700","name":"佐賀県鹿島市"},"geometry":{"type":"MultiPolygon","coordinates":[[[[130.111,33.131],[130.128,33.124],[130.137,33.097],[130.129,33.092],[130.141,33.093],[130.145,33.073],[130.169,33.051],[130.06,32.987],[130.039,33.028],[130.048,33.062],[130.04,33.078],[130.075,33.098],[130.082,33.13],[130.111,33.131]]]]}},{"type":"Feature","properties":{"code":"4120800","name":"佐賀県小城市"},"geometry":{"type":"MultiPolygon","coordinates":[[[[130.192,33.342],[130.227,33.331],[130.243,33.278],[130.244,33.252],[130.219,33.248],[130.23,33.193],[130.201,33.195],[130.191,33.206],[130.199,33.214],[130.16,33.231],[130.182,33.252],[130.164,33.279],[130.17,33.287],[130.137,33.313],[130.143,33.339],[130.192,33.342]]]]}},{"type":"Feature","properties":{"code":"4120900","name":"佐賀県嬉野市"},"geometry":{"type":"MultiPolygon","coordinates":[[[[130.08,33.167],[130.088,33.151],[130.071,33.135],[130.085,33.112],[130.04,33.079],[130.044,33.004],[130.028,33.02],[130.008,33.02],[129.995,33.047],[129.922,33.09],[129.932,33.111],[129.992,33.115],[129.988,33.134],[130.006,33.146],[130.08,33.167]]]]}},{"type":"Feature","properties":{"code":"4121000","name":"佐賀県神埼市"},"geometry":{"type":"MultiPolygon","coordinates":[[[[130.343,33.445],[130.377,33.427],[130.383,33.404],[130.365,33.39],[130.377,33.377],[130.397,33.283],[130.419,33.262],[130.406,33.249],[130.39,33.259],[130.386,33.241],[130.373,33.256],[130.343,33.252],[130.331,33.356],[130.315,33.361],[130.305,33.348],[130.289,33.368],[130.293,33.38],[130.274,33.386],[130.279,33.403],[130.314,33.413],[130.343,33.445]]]]}},{"type":"Feature","properties":{"code":"4132700","name":"佐賀県吉野ヶ里町"},"geometry":{"type":"MultiPolygon","coordinates":[[[[130.389,33.426],[130.416,33.411],[130.408,33.399],[130.42,33.382],[130.411,33.359],[130.418,33.336],[130.397,33.283],[130.365,33.39],[130.383,33.404],[130.378,33.425],[130.389,33.426]]]]}},{"type":"Feature","properties":{"code":"4134100","name":"佐賀県基山町"},"geometry":{"type":"MultiPolygon","coordinates":[[[[130.517,33.446],[130.537,33.438],[130.542,33.394],[130.525,33.411],[130.501,33.406],[130.463,33.428],[130.517,33.446]]]]}},{"type":"Feature","properties":{"code":"4134500","name":"佐賀県上峰町"},"geometry":{"type":"MultiPolygon","coordinates":[[[[130.421,33.399],[130.428,33.321],[130.443,33.311],[130.406,33.297],[130.42,33.38],[130.411,33.394],[130.421,33.399]]]]}},{"type":"Feature","properties":{"code":"4134600","name":"佐賀県みやき町"},"geometry":{"type":"MultiPolygon","coordinates":[[[[130.44,33.399],[130.458,33.348],[130.489,33.318],[130.484,33.305],[130.456,33.302],[130.468,33.286],[130.445,33.264],[130.436,33.291],[130.417,33.268],[130.4,33.289],[130.442,33.311],[130.427,33.327],[130.423,33.398],[130.44,33.399]]]]}},{"type":"Feature","properties":{"code":"4138700","name":"佐賀県玄海町"},"geometry":{"type":"MultiPolygon","coordinates":[[[[129.831,33.52],[129.902,33.483],[129.878,33.432],[129.86,33.433],[129.85,33.475],[129.832,33.475],[129.845,33.479],[129.831,33.52]]]]}},{"type":"Feature","properties":{"code":"4140100","name":"佐賀県有田町"},"geometry":{"type":"MultiPolygon","coordinates":[[[[129.854,33.239],[129.898,33.223],[129.917,33.172],[129.937,33.165],[129.888,33.156],[129.818,33.184],[129.811,33.231],[129.854,33.239]]]]}},{"type":"Feature","properties":{"code":"4142300","name":"佐賀県大町町"},"geometry":{"type":"MultiPolygon","coordinates":[[[[130.117,33.236],[130.138,33.216],[130.127,33.196],[130.089,33.214],[130.117,33.236]]]]}},{"type":"Feature","properties":{"code":"4142400","name":"佐賀県江北町"},"geometry":{"type":"MultiPolygon","coordinates":[[[[130.161,33.249],[130.162,33.229],[130.201,33.211],[130.167,33.202],[130.161,33.189],[130.137,33.196],[130.125,33.228],[130.135,33.246],[130.161,33.249]]]]}},{"type":"Feature","properties":{"code":"4142500","name":"佐賀県白石町"},"geometry":{"type":"MultiPolygon","coordinates":[[[[130.111,33.203],[130.128,33.196],[130.136,33.208],[130.137,33.196],[130.161,33.189],[130.168,33.203],[130.191,33.206],[130.232,33.184],[130.147,33.113],[130.071,33.134],[130.088,33.152],[130.072,33.182],[130.097,33.205],[130.111,33.203]]]]}},{"type":"Feature","properties":{"code":"4144100","name":"佐賀県太良町"},"geometry":{"type":"MultiPolygon","coordinates":[[[[130.17,33.046],[130.192,32.99],[130.224,32.974],[130.223,32.961],[130.151,32.963],[130.077,32.986],[130.114,33.026],[130.17,33.046]]]]}},{"type":"Feature","properties":{"code":"4220100","name":"長崎県長崎市"},"geometry":{"type":"MultiPolygon","coordinates":[[[[129.794,32.967],[129.818,32.948],[129.809,32.917],[129.797,32.926],[129.799,32.954],[129.783,32.942],[129.788,32.901],[129.806,32.909],[129.81,32.893],[129.802,32.88],[129.791,32.885],[129.789,32.867],[129.796,32.872],[129.818,32.816],[129.84,32.816],[129.86,32.799],[129.868,32.809],[129.867,32.796],[129.924,32.821],[129.963,32.811],[129.975,32.818],[129.993,32.806],[129.994,32.779],[129.988,32.759],[129.947,32.759],[129.956,32.741],[129.925,32.708],[129.914,32.713],[129.891,32.658],[129.839,32.641],[129.838,32.621],[129.779,32.582],[129.782,32.572],[129.764,32.583],[129.739,32.569],[129.737,32.581],[129.781,32.604],[129.817,32.655],[129.82,32.685],[129.804,32.678],[129.793,32.695],[129.83,32.708],[129.821,32.695],[129.837,32.689],[129.871,32.747],[129.846,32.721],[129.816,32.718],[129.831,32.738],[129.805,32.744],[129.814,32.76],[129.797,32.761],[129.801,32.778],[129.767,32.798],[129.775,32.82],[129.746,32.822],[129.734,32.808],[129.717,32.834],[129.702,32.831],[129.685,32.853],[129.669,32.894],[129.738,32.913],[129.741,32.947],[129.794,32.967]]]]}},{"type":"Feature","properties":{"code":"4220300","name":"長崎県島原市"},"geometry":{"type":"MultiPolygon","coordinates":[[[[130.322,32.867],[130.341,32.855],[130.38,32.785],[130.372,32.788],[130.382,32.779],[130.371,32.765],[130.375,32.737],[130.29,32.748],[130.31,32.764],[130.273,32.767],[130.305,32.854],[130.322,32.867]]]]}},{"type":"Feature","properties":{"code":"4220400","name":"長崎県諫早市"},"geometry":{"type":"MultiPolygon","coordinates":[[[[130.098,32.975],[130.204,32.956],[130.201,32.929],[130.153,32.899],[130.173,32.871],[130.149,32.846],[130.158,32.836],[130.136,32.809],[130.143,32.795],[130.085,32.795],[130.026,32.759],[129.991,32.754],[129.993,32.806],[129.924,32.821],[129.886,32.87],[129.898,32.88],[129.934,32.858],[129.95,32.863],[129.977,32.837],[130.004,32.84],[130.015,32.854],[130.009,32.881],[130.022,32.942],[130.098,32.975]]]]}},{"type":"Feature","properties":{"code":"4220700","name":"長崎県平戸市"},"geometry":{"type":"MultiPolygon","coordinates":[[[[129.598,33.382],[129.592,33.37],[129.618,33.376],[129.632,33.362],[129.633,33.338],[129.59,33.305],[129.561,33.331],[129.576,33.333],[129.569,33.377],[129.598,33.382]]],[[[129.555,33.41],[129.563,33.39],[129.553,33.369],[129.57,33.357],[129.546,33.348],[129.544,33.331],[129.514,33.331],[129.532,33.31],[129.501,33.301],[129.51,33.288],[129.477,33.288],[129.505,33.27],[129.464,33.215],[129.394,33.174],[129.371,33.17],[129.349,33.182],[129.356,33.207],[129.366,33.187],[129.4,33.18],[129.407,33.196],[129.381,33.207],[129.382,33.227],[129.399,33.24],[129.424,33.226],[129.42,33.239],[129.435,33.237],[129.404,33.265],[129.407,33.278],[129.427,33.28],[129.424,33.29],[129.447,33.291],[129.433,33.314],[129.444,33.331],[129.438,33.348],[129.499,33.356],[129.512,33.382],[129.523,33.354],[129.525,33.379],[129.552,33.381],[129.522,33.387],[129.519,33.4],[129.555,33.41]]],[[[129.435,33.441],[129.437,33.362],[129.415,33.351],[129.397,33.361],[129.422,33.408],[129.421,33.432],[129.435,33.441]]],[[[129.556,33.511],[129.554,33.489],[129.565,33.501],[129.584,33.495],[129.575,33.481],[129.553,33.469],[129.529,33.486],[129.513,33.48],[129.521,33.471],[129.497,33.471],[129.556,33.511]]]]}},{"type":"Feature","properties":{"code":"4220800","name":"長崎県松浦市"},"geometry":{"type":"MultiPolygon","coordinates":[[[[129.673,33.399],[129.686,33.388],[129.669,33.367],[129.678,33.353],[129.696,33.361],[129.707,33.347],[129.749,33.367],[129.772,33.355],[129.776,33.372],[129.791,33.37],[129.793,33.344],[129.759,33.292],[129.776,33.267],[129.717,33.287],[129.705,33.31],[129.668,33.311],[129.631,33.342],[129.63,33.37],[129.646,33.365],[129.673,33.399]]],[[[129.797,33.415],[129.832,33.405],[129.834,33.384],[129.859,33.376],[129.819,33.366],[129.808,33.35],[129.813,33.403],[129.797,33.415]]],[[[129.755,33.47],[129.771,33.461],[129.769,33.443],[129.793,33.431],[129.763,33.433],[129.758,33.415],[129.748,33.421],[129.733,33.406],[129.719,33.418],[129.745,33.429],[129.74,33.437],[129.76,33.455],[129.755,33.47]]]]}},{"type":"Feature","properties":{"code":"4221000","name":"長崎県壱岐市"},"geometry":{"type":"MultiPolygon","coordinates":[[[[129.704,33.864],[129.77,33.845],[129.765,33.813],[129.749,33.807],[129.799,33.785],[129.764,33.784],[129.766,33.767],[129.779,33.773],[129.797,33.754],[129.788,33.742],[129.733,33.738],[129.717,33.704],[129.691,33.713],[129.696,33.726],[129.677,33.728],[129.687,33.741],[129.673,33.759],[129.654,33.739],[129.654,33.761],[129.643,33.767],[129.651,33.774],[129.686,33.759],[129.678,33.777],[129.656,33.78],[129.651,33.8],[129.667,33.8],[129.651,33.809],[129.661,33.813],[129.675,33.797],[129.688,33.805],[129.672,33.838],[129.704,33.864]]]]}},{"type":"Feature","properties":{"code":"4221100","name":"長崎県五島市"},"geometry":{"type":"MultiPolygon","coordinates":[[[[128.635,32.68],[128.636,32.646],[128.623,32.638],[128.616,32.659],[128.635,32.68]]],[[[128.993,32.791],[129.006,32.753],[128.989,32.755],[128.986,32.742],[128.964,32.747],[128.988,32.758],[128.993,32.791]]],[[[128.809,32.798],[128.804,32.775],[128.826,32.759],[128.804,32.752],[128.835,32.761],[128.826,32.74],[128.832,32.752],[128.856,32.746],[128.843,32.742],[128.841,32.709],[128.849,32.689],[128.856,32.695],[128.897,32.654],[128.893,32.641],[128.821,32.636],[128.807,32.656],[128.77,32.645],[128.762,32.619],[128.794,32.599],[128.772,32.574],[128.753,32.579],[128.735,32.607],[128.666,32.608],[128.657,32.59],[128.598,32.613],[128.612,32.647],[128.623,32.634],[128.612,32.621],[128.626,32.627],[128.645,32.603],[128.667,32.629],[128.642,32.619],[128.636,32.628],[128.654,32.64],[128.644,32.654],[128.667,32.645],[128.65,32.657],[128.671,32.651],[128.663,32.667],[128.677,32.672],[128.649,32.681],[128.648,32.7],[128.662,32.708],[128.646,32.721],[128.654,32.742],[128.64,32.761],[128.656,32.78],[128.697,32.767],[128.698,32.738],[128.737,32.758],[128.725,32.747],[128.741,32.751],[128.738,32.738],[128.758,32.769],[128.772,32.734],[128.781,32.756],[128.799,32.755],[128.793,32.765],[128.766,32.762],[128.809,32.798]]],[[[128.864,32.845],[128.901,32.821],[128.91,32.799],[128.88,32.764],[128.835,32.781],[128.838,32.838],[128.861,32.835],[128.871,32.807],[128.863,32.802],[128.878,32.8],[128.864,32.845]]],[[[128.942,32.885],[128.964,32.852],[128.954,32.847],[128.96,32.83],[128.942,32.827],[128.952,32.815],[128.942,32.8],[128.935,32.828],[128.934,32.817],[128.914,32.821],[128.93,32.828],[128.92,32.843],[128.891,32.864],[128.89,32.852],[128.873,32.862],[128.889,32.866],[128.888,32.877],[128.907,32.875],[128.932,32.838],[128.923,32.869],[128.943,32.849],[128.942,32.885]]]]}},{"type":"Feature","properties":{"code":"4221300","name":"長崎県雲仙市"},"geometry":{"type":"MultiPolygon","coordinates":[[[[130.305,32.879],[130.32,32.868],[130.273,32.772],[130.309,32.755],[130.287,32.753],[130.272,32.724],[130.252,32.724],[130.242,32.704],[130.174,32.662],[130.129,32.656],[130.126,32.689],[130.142,32.678],[130.172,32.693],[130.21,32.738],[130.205,32.756],[130.184,32.763],[130.189,32.787],[130.14,32.797],[130.136,32.808],[130.156,32.825],[130.15,32.847],[130.174,32.87],[130.195,32.848],[130.249,32.877],[130.305,32.879]]]]}},{"type":"Feature","properties":{"code":"4221400","name":"長崎県南島原市"},"geometry":{"type":"MultiPolygon","coordinates":[[[[130.292,32.748],[130.372,32.738],[130.346,32.709],[130.354,32.681],[130.313,32.654],[130.26,32.653],[130.259,32.633],[130.239,32.627],[130.232,32.611],[130.188,32.612],[130.198,32.601],[130.167,32.592],[130.169,32.62],[130.131,32.64],[130.13,32.656],[130.173,32.662],[130.292,32.748]]]]}},{"type":"Feature","properties":{"code":"4230700","name":"長崎県長与町"},"geometry":{"type":"MultiPolygon","coordinates":[[[[129.881,32.882],[129.924,32.821],[129.868,32.796],[129.869,32.808],[129.86,32.799],[129.847,32.811],[129.868,32.829],[129.852,32.858],[129.869,32.845],[129.881,32.882]]]]}},{"type":"Feature","properties":{"code":"4230800","name":"長崎県時津町"},"geometry":{"type":"MultiPolygon","coordinates":[[[[129.797,32.87],[129.849,32.833],[129.852,32.859],[129.866,32.826],[129.839,32.81],[129.819,32.815],[129.797,32.87]]]]}},{"type":"Feature","properties":{"code":"4232100","name":"長崎県東彼杵町"},"geometry":{"type":"MultiPolygon","coordinates":[[[[129.925,33.09],[130.043,33.004],[129.965,32.983],[129.949,32.991],[129.945,33.016],[129.877,33.064],[129.879,33.075],[129.911,33.073],[129.925,33.09]]]]}},{"type":"Feature","properties":{"code":"4232200","name":"長崎県川棚町"},"geometry":{"type":"MultiPolygon","coordinates":[[[[129.91,33.109],[129.926,33.104],[129.919,33.078],[129.879,33.075],[129.821,33.038],[129.821,33.055],[129.837,33.06],[129.804,33.069],[129.838,33.078],[129.846,33.103],[129.91,33.109]]]]}},{"type":"Feature","properties":{"code":"4232300","name":"長崎県波佐見町"},"geometry":{"type":"MultiPolygon","coordinates":[[[[129.94,33.165],[129.956,33.129],[129.952,33.111],[129.847,33.103],[129.85,33.143],[129.87,33.164],[129.888,33.156],[129.94,33.165]]]]}},{"type":"Feature","properties":{"code":"4238300","name":"長崎県小値賀町"},"geometry":{"type":"MultiPolygon","coordinates":[[[[129.123,33.214],[129.143,33.192],[129.131,33.185],[129.132,33.159],[129.115,33.205],[129.123,33.214]]],[[[129.057,33.22],[129.068,33.207],[129.097,33.216],[129.08,33.208],[129.095,33.192],[129.064,33.195],[129.05,33.183],[129.046,33.196],[129.03,33.197],[129.057,33.22]]]]}},{"type":"Feature","properties":{"code":"4239100","name":"長崎県佐々町"},"geometry":{"type":"MultiPolygon","coordinates":[[[[129.651,33.279],[129.684,33.265],[129.681,33.242],[129.691,33.233],[129.646,33.207],[129.622,33.255],[129.651,33.279]]]]}},{"type":"Feature","properties":{"code":"4241100","name":"長崎県新上五島町"},"geometry":{"type":"MultiPolygon","coordinates":[[[[128.963,32.932],[128.967,32.918],[128.954,32.915],[128.97,32.912],[128.962,32.904],[128.931,32.918],[128.946,32.925],[128.956,32.916],[128.963,32.932]]],[[[128.99,32.933],[129.001,32.92],[129.016,32.923],[129.033,32.896],[129.022,32.889],[129.032,32.888],[129.021,32.874],[129.027,32.845],[129.013,32.868],[128.979,32.859],[128.981,32.872],[128.966,32.873],[128.975,32.878],[128.963,32.904],[128.983,32.895],[128.987,32.88],[128.992,32.894],[129.004,32.882],[129.001,32.902],[128.98,32.905],[128.99,32.933]]],[[[129.113,33.164],[129.103,33.125],[129.12,33.098],[129.113,33.062],[129.091,33.039],[129.087,32.984],[129.122,32.985],[129.135,33.002],[129.165,33.008],[129.183,33.003],[129.183,32.979],[129.139,32.937],[129.118,32.938],[129.103,32.962],[129.108,32.925],[129.085,32.926],[129.095,32.904],[129.081,32.896],[129.1,32.861],[129.066,32.862],[129.06,32.817],[129.043,32.822],[129.051,32.826],[129.04,32.874],[129.06,32.889],[129.043,32.893],[129.038,32.908],[129.059,32.906],[129.06,32.896],[129.068,32.904],[129.051,32.921],[129.027,32.919],[129.041,32.932],[129.036,32.946],[129.022,32.933],[129.014,32.949],[128.992,32.944],[129.003,32.945],[128.997,32.965],[129.012,32.977],[129.029,32.961],[129.047,32.976],[129.049,32.96],[129.052,32.978],[129.066,32.981],[129.044,32.987],[129.042,33.027],[129.067,33.046],[129.07,33.02],[129.088,33.024],[129.075,33.056],[129.107,33.087],[129.095,33.122],[129.113,33.164]]]]}},{"type":"Feature","properties":{"code":"4310000","name":"熊本県熊本市"},"geometry":{"type":"MultiPolygon","coordinates":[[[[130.713,32.977],[130.734,32.972],[130.72,32.897],[130.732,32.875],[130.725,32.852],[130.805,32.852],[130.829,32.817],[130.779,32.805],[130.796,32.769],[130.712,32.738],[130.698,32.743],[130.758,32.726],[130.754,32.699],[130.778,32.668],[130.748,32.674],[130.738,32.66],[130.71,32.688],[130.672,32.695],[130.644,32.717],[130.608,32.716],[130.598,32.775],[130.614,32.793],[130.572,32.848],[130.622,32.845],[130.652,32.888],[130.637,32.917],[130.642,32.93],[130.697,32.956],[130.713,32.977]]]]}},{"type":"Feature","properties":{"code":"4320300","name":"熊本県人吉市"},"geometry":{"type":"MultiPolygon","coordinates":[[[[130.718,32.294],[130.758,32.232],[130.785,32.235],[130.784,32.194],[130.812,32.183],[130.827,32.136],[130.869,32.137],[130.878,32.121],[130.862,32.102],[130.72,32.101],[130.655,32.136],[130.665,32.184],[130.734,32.255],[130.711,32.284],[130.718,32.294]]]]}},{"type":"Feature","properties":{"code":"4320400","name":"熊本県荒尾市"},"geometry":{"type":"MultiPolygon","coordinates":[[[[130.516,33.012],[130.53,32.978],[130.506,32.941],[130.493,32.939],[130.495,32.952],[130.438,32.942],[130.429,32.996],[130.414,33.002],[130.516,33.012]]]]}},{"type":"Feature","properties":{"code":"4320500","name":"熊本県水俣市"},"geometry":{"type":"MultiPolygon","coordinates":[[[[130.424,32.236],[130.439,32.216],[130.512,32.183],[130.555,32.197],[130.58,32.194],[130.596,32.177],[130.583,32.155],[130.542,32.149],[130.54,32.137],[130.477,32.139],[130.468,32.116],[130.403,32.12],[130.36,32.182],[130.377,32.177],[130.378,32.212],[130.402,32.235],[130.424,32.236]]]]}},{"type":"Feature","properties":{"code":"4320600","name":"熊本県玉名市"},"geometry":{"type":"MultiPolygon","coordinates":[[[[130.562,32.994],[130.6,32.985],[130.591,32.958],[130.606,32.96],[130.626,32.941],[130.606,32.918],[130.618,32.902],[130.608,32.877],[130.632,32.856],[130.621,32.845],[130.524,32.851],[130.525,32.879],[130.476,32.903],[130.53,32.975],[130.528,32.989],[130.562,32.994]]]]}},{"type":"Feature","properties":{"code":"4320800","name":"熊本県山鹿市"},"geometry":{"type":"MultiPolygon","coordinates":[[[[130.689,33.164],[130.692,33.152],[130.735,33.153],[130.772,33.125],[130.839,33.104],[130.845,33.09],[130.836,33.071],[130.816,33.065],[130.823,33.054],[130.794,33.0],[130.766,32.996],[130.735,32.971],[130.708,32.98],[130.697,32.956],[130.652,32.934],[130.63,32.946],[130.634,32.964],[130.654,32.971],[130.641,32.978],[130.647,33.006],[130.632,33.019],[130.648,33.026],[130.653,33.048],[130.635,33.054],[130.632,33.073],[130.659,33.095],[130.651,33.103],[130.667,33.157],[130.68,33.171],[130.689,33.164]]]]}},{"type":"Feature","properties":{"code":"4321000","name":"熊本県菊池市"},"geometry":{"type":"MultiPolygon","coordinates":[[[[130.862,33.095],[130.886,33.087],[130.917,33.053],[130.958,33.045],[130.97,33.024],[130.943,32.963],[130.956,32.954],[130.925,32.935],[130.863,32.931],[130.87,32.914],[130.84,32.926],[130.832,32.902],[130.73,32.927],[130.728,32.966],[130.766,32.996],[130.795,33.0],[130.823,33.053],[130.816,33.065],[130.862,33.095]]]]}},{"type":"Feature","properties":{"code":"4321100","name":"熊本県宇土市"},"geometry":{"type":"MultiPolygon","coordinates":[[[[130.656,32.709],[130.717,32.681],[130.679,32.658],[130.615,32.671],[130.598,32.656],[130.501,32.649],[130.538,32.665],[130.575,32.706],[130.607,32.715],[130.656,32.709]]]]}},{"type":"Feature","properties":{"code":"4321200","name":"熊本県上天草市"},"geometry":{"type":"MultiPolygon","coordinates":[[[[130.461,32.53],[130.438,32.471],[130.407,32.435],[130.423,32.433],[130.415,32.422],[130.402,32.427],[130.411,32.415],[130.404,32.395],[130.354,32.377],[130.346,32.397],[130.366,32.404],[130.383,32.442],[130.348,32.445],[130.342,32.48],[130.379,32.479],[130.382,32.497],[130.41,32.519],[130.461,32.53]]],[[[130.473,32.588],[130.487,32.571],[130.465,32.54],[130.461,32.574],[130.473,32.588]]],[[[130.443,32.626],[130.458,32.614],[130.441,32.602],[130.46,32.588],[130.443,32.57],[130.453,32.554],[130.405,32.551],[130.419,32.575],[130.395,32.591],[130.41,32.614],[130.425,32.604],[130.42,32.618],[130.443,32.626]]]]}},{"type":"Feature","properties":{"code":"4321300","name":"熊本県宇城市"},"geometry":{"type":"MultiPolygon","coordinates":[[[[130.493,32.61],[130.512,32.597],[130.489,32.576],[130.494,32.587],[130.474,32.603],[130.493,32.61]]],[[[130.724,32.676],[130.735,32.661],[130.748,32.674],[130.777,32.665],[130.782,32.595],[130.742,32.559],[130.721,32.559],[130.708,32.571],[130.714,32.579],[130.631,32.623],[130.655,32.614],[130.661,32.632],[130.651,32.642],[130.467,32.605],[130.452,32.623],[130.499,32.654],[130.587,32.653],[130.616,32.671],[130.678,32.658],[130.697,32.677],[130.724,32.676]]]]}},{"type":"Feature","properties":{"code":"4321400","name":"熊本県阿蘇市"},"geometry":{"type":"MultiPolygon","coordinates":[[[[131.128,33.044],[131.165,33.037],[131.155,33.012],[131.185,33.0],[131.187,32.973],[131.253,32.956],[131.253,32.908],[131.178,32.875],[131.162,32.889],[131.067,32.88],[130.957,32.914],[130.964,32.946],[130.943,32.963],[130.97,33.024],[131.008,33.019],[131.128,33.044]]]]}},{"type":"Feature","properties":{"code":"4321600","name":"熊本県合志市"},"geometry":{"type":"MultiPolygon","coordinates":[[[[130.73,32.927],[130.808,32.913],[130.846,32.894],[130.789,32.879],[130.803,32.877],[130.774,32.862],[130.756,32.871],[130.726,32.852],[130.73,32.927]]]]}},{"type":"Feature","properties":{"code":"4334800","name":"熊本県美里町"},"geometry":{"type":"MultiPolygon","coordinates":[[[[130.904,32.664],[130.977,32.648],[130.949,32.635],[130.967,32.601],[130.947,32.577],[130.908,32.584],[130.897,32.571],[130.821,32.561],[130.774,32.604],[130.777,32.663],[130.801,32.658],[130.813,32.63],[130.829,32.626],[130.874,32.652],[130.874,32.664],[130.904,32.664]]]]}},{"type":"Feature","properties":{"code":"4336400","name":"熊本県玉東町"},"geometry":{"type":"MultiPolygon","coordinates":[[[[130.63,32.944],[130.652,32.933],[130.637,32.917],[130.652,32.889],[130.635,32.861],[130.607,32.887],[130.618,32.902],[130.606,32.919],[130.63,32.944]]]]}},{"type":"Feature","properties":{"code":"4336700","name":"熊本県南関町"},"geometry":{"type":"MultiPolygon","coordinates":[[[[130.566,33.087],[130.601,33.028],[130.585,33.016],[130.583,32.992],[130.528,32.988],[130.495,33.05],[130.566,33.087]]]]}},{"type":"Feature","properties":{"code":"4336800","name":"熊本県長洲町"},"geometry":{"type":"MultiPolygon","coordinates":[[[[130.496,32.949],[130.497,32.931],[130.472,32.901],[130.457,32.905],[130.461,32.919],[130.452,32.909],[130.438,32.924],[130.443,32.945],[130.496,32.949]]]]}},{"type":"Feature","properties":{"code":"4336900","name":"熊本県和水町"},"geometry":{"type":"MultiPolygon","coordinates":[[[[130.582,33.115],[130.645,33.112],[130.659,33.096],[130.632,33.069],[130.636,33.054],[130.653,33.048],[130.648,33.026],[130.632,33.019],[130.648,33.004],[130.641,32.978],[130.655,32.972],[130.634,32.964],[130.627,32.941],[130.607,32.96],[130.592,32.957],[130.603,32.978],[130.579,32.988],[130.585,33.016],[130.602,33.028],[130.561,33.096],[130.582,33.115]]]]}},{"type":"Feature","properties":{"code":"4340300","name":"熊本県大津町"},"geometry":{"type":"MultiPolygon","coordinates":[[[[130.959,32.949],[130.967,32.903],[130.949,32.876],[130.987,32.875],[130.98,32.864],[130.899,32.859],[130.901,32.845],[130.876,32.837],[130.855,32.855],[130.853,32.885],[130.832,32.902],[130.84,32.925],[130.871,32.914],[130.863,32.931],[130.924,32.935],[130.938,32.949],[130.959,32.949]]]]}},{"type":"Feature","properties":{"code":"4340400","name":"熊本県菊陽町"},"geometry":{"type":"MultiPolygon","coordinates":[[[[130.835,32.897],[130.851,32.889],[130.855,32.854],[130.873,32.84],[130.834,32.822],[130.808,32.837],[130.805,32.852],[130.749,32.858],[130.756,32.871],[130.775,32.862],[130.835,32.897]]]]}},{"type":"Feature","properties":{"code":"4342300","name":"熊本県南小国町"},"geometry":{"type":"MultiPolygon","coordinates":[[[[131.074,33.115],[131.087,33.096],[131.172,33.105],[131.176,33.082],[131.198,33.074],[131.165,33.039],[131.127,33.045],[131.096,33.032],[131.087,33.043],[131.006,33.02],[130.999,33.028],[131.015,33.048],[131.019,33.095],[131.074,33.115]]]]}},{"type":"Feature","properties":{"code":"4342400","name":"熊本県小国町"},"geometry":{"type":"MultiPolygon","coordinates":[[[[131.062,33.194],[131.105,33.187],[131.148,33.155],[131.173,33.106],[131.087,33.097],[131.072,33.116],[131.019,33.094],[130.978,33.142],[130.986,33.169],[130.994,33.184],[131.016,33.177],[131.062,33.194]]]]}},{"type":"Feature","properties":{"code":"4342500","name":"熊本県産山村"},"geometry":{"type":"MultiPolygon","coordinates":[[[[131.203,33.065],[131.247,32.983],[131.264,32.977],[131.257,32.964],[131.187,32.972],[131.184,33.001],[131.154,33.012],[131.171,33.052],[131.197,33.071],[131.203,33.065]]]]}},{"type":"Feature","properties":{"code":"4342800","name":"熊本県高森町"},"geometry":{"type":"MultiPolygon","coordinates":[[[[131.254,32.906],[131.264,32.88],[131.328,32.833],[131.265,32.826],[131.235,32.781],[131.246,32.77],[131.234,32.753],[131.213,32.758],[131.196,32.8],[131.159,32.819],[131.116,32.795],[131.098,32.883],[131.16,32.888],[131.178,32.875],[131.254,32.906]]]]}},{"type":"Feature","properties":{"code":"4343200","name":"熊本県西原村"},"geometry":{"type":"MultiPolygon","coordinates":[[[[130.963,32.867],[130.977,32.863],[130.977,32.816],[130.996,32.805],[130.933,32.78],[130.893,32.783],[130.872,32.801],[130.875,32.836],[130.9,32.844],[130.897,32.859],[130.963,32.867]]]]}},{"type":"Feature","properties":{"code":"4343300","name":"熊本県南阿蘇村"},"geometry":{"type":"MultiPolygon","coordinates":[[[[130.99,32.91],[131.067,32.88],[131.097,32.884],[131.115,32.795],[131.039,32.784],[130.999,32.792],[130.972,32.834],[130.988,32.874],[130.949,32.876],[130.967,32.903],[130.99,32.91]]]]}},{"type":"Feature","properties":{"code":"4344100","name":"熊本県御船町"},"geometry":{"type":"MultiPolygon","coordinates":[[[[130.953,32.79],[130.958,32.778],[130.892,32.744],[130.89,32.676],[130.901,32.664],[130.876,32.664],[130.838,32.699],[130.792,32.694],[130.79,32.709],[130.76,32.721],[130.759,32.731],[130.797,32.749],[130.818,32.731],[130.833,32.735],[130.839,32.768],[130.953,32.79]]]]}},{"type":"Feature","properties":{"code":"4344200","name":"熊本県嘉島町"},"geometry":{"type":"MultiPolygon","coordinates":[[[[130.761,32.762],[130.797,32.749],[130.758,32.729],[130.696,32.736],[130.761,32.762]]]]}},{"type":"Feature","properties":{"code":"4344300","name":"熊本県益城町"},"geometry":{"type":"MultiPolygon","coordinates":[[[[130.875,32.837],[130.872,32.8],[130.888,32.776],[130.839,32.768],[130.835,32.735],[130.823,32.732],[130.783,32.754],[130.78,32.763],[130.796,32.77],[130.778,32.805],[130.875,32.837]]]]}},{"type":"Feature","properties":{"code":"4344400","name":"熊本県甲佐町"},"geometry":{"type":"MultiPolygon","coordinates":[[[[130.761,32.72],[130.789,32.709],[130.791,32.694],[130.837,32.699],[130.858,32.689],[130.854,32.68],[130.875,32.674],[130.874,32.652],[130.838,32.628],[130.813,32.629],[130.801,32.659],[130.776,32.663],[130.754,32.699],[130.761,32.72]]]]}},{"type":"Feature","properties":{"code":"4346800","name":"熊本県氷川町"},"geometry":{"type":"MultiPolygon","coordinates":[[[[130.63,32.623],[130.713,32.58],[130.708,32.571],[130.724,32.559],[130.687,32.528],[130.664,32.545],[130.674,32.568],[130.617,32.617],[130.63,32.623]]]]}},{"type":"Feature","properties":{"code":"4348200","name":"熊本県芦北町"},"geometry":{"type":"MultiPolygon","coordinates":[[[[130.54,32.402],[130.532,32.366],[130.559,32.383],[130.642,32.361],[130.603,32.341],[130.613,32.312],[130.599,32.296],[130.614,32.277],[130.591,32.263],[130.582,32.198],[130.515,32.183],[130.47,32.209],[130.492,32.215],[130.495,32.237],[130.466,32.259],[130.465,32.296],[130.477,32.287],[130.491,32.299],[130.47,32.301],[130.465,32.326],[130.483,32.328],[130.483,32.344],[130.507,32.355],[130.486,32.363],[130.513,32.392],[130.539,32.41],[130.54,32.402]]]]}},{"type":"Feature","properties":{"code":"4348400","name":"熊本県津奈木町"},"geometry":{"type":"MultiPolygon","coordinates":[[[[130.459,32.29],[130.469,32.256],[130.495,32.242],[130.489,32.212],[130.45,32.21],[130.433,32.23],[130.429,32.264],[130.459,32.29]]]]}},{"type":"Feature","properties":{"code":"4350100","name":"熊本県錦町"},"geometry":{"type":"MultiPolygon","coordinates":[[[[130.857,32.245],[130.866,32.222],[130.857,32.207],[130.874,32.206],[130.908,32.161],[130.895,32.142],[130.912,32.13],[130.878,32.121],[130.868,32.138],[130.852,32.129],[130.843,32.141],[130.827,32.136],[130.812,32.183],[130.783,32.196],[130.781,32.204],[130.819,32.21],[130.808,32.218],[130.812,32.24],[130.857,32.245]]]]}},{"type":"Feature","properties":{"code":"4350500","name":"熊本県多良木町"},"geometry":{"type":"MultiPolygon","coordinates":[[[[130.932,32.358],[130.981,32.3],[130.965,32.282],[130.974,32.251],[131.012,32.229],[131.027,32.243],[131.061,32.244],[131.084,32.206],[131.1,32.202],[131.108,32.16],[131.059,32.155],[131.012,32.174],[130.987,32.16],[130.976,32.192],[130.983,32.214],[130.936,32.253],[130.915,32.254],[130.906,32.304],[130.886,32.325],[130.904,32.354],[130.932,32.358]]]]}},{"type":"Feature","properties":{"code":"4350600","name":"熊本県湯前町"},"geometry":{"type":"MultiPolygon","coordinates":[[[[131.029,32.304],[131.054,32.268],[131.042,32.258],[131.047,32.241],[131.026,32.243],[131.012,32.229],[130.973,32.253],[130.964,32.281],[130.992,32.293],[131.008,32.319],[131.029,32.304]]]]}},{"type":"Feature","properties":{"code":"4350700","name":"熊本県水上村"},"geometry":{"type":"MultiPolygon","coordinates":[[[[131.016,32.461],[131.044,32.408],[131.068,32.408],[131.078,32.355],[131.111,32.33],[131.079,32.282],[131.047,32.288],[131.01,32.32],[130.974,32.284],[130.981,32.299],[130.944,32.355],[130.961,32.394],[130.939,32.425],[130.942,32.439],[131.016,32.461]]]]}},{"type":"Feature","properties":{"code":"4351000","name":"熊本県相良村"},"geometry":{"type":"MultiPolygon","coordinates":[[[[130.809,32.371],[130.841,32.342],[130.899,32.35],[130.87,32.312],[130.875,32.293],[130.848,32.272],[130.849,32.251],[130.806,32.231],[130.819,32.21],[130.783,32.204],[130.815,32.306],[130.792,32.312],[130.793,32.349],[130.778,32.37],[130.805,32.379],[130.809,32.371]]]]}},{"type":"Feature","properties":{"code":"4351100","name":"熊本県五木村"},"geometry":{"type":"MultiPolygon","coordinates":[[[[130.842,32.496],[130.894,32.474],[130.904,32.442],[130.941,32.438],[130.961,32.393],[130.944,32.356],[130.842,32.342],[130.805,32.379],[130.792,32.371],[130.743,32.385],[130.742,32.401],[130.724,32.406],[130.723,32.451],[130.741,32.454],[130.738,32.472],[130.752,32.469],[130.794,32.494],[130.842,32.496]]]]}},{"type":"Feature","properties":{"code":"4351200","name":"熊本県山江村"},"geometry":{"type":"MultiPolygon","coordinates":[[[[130.736,32.392],[130.777,32.383],[130.793,32.35],[130.793,32.311],[130.815,32.305],[130.789,32.231],[130.762,32.23],[130.741,32.248],[130.739,32.276],[130.695,32.337],[130.703,32.363],[130.736,32.392]]]]}},{"type":"Feature","properties":{"code":"4351300","name":"熊本県球磨村"},"geometry":{"type":"MultiPolygon","coordinates":[[[[130.669,32.347],[130.695,32.341],[130.713,32.317],[130.712,32.284],[130.734,32.255],[130.68,32.205],[130.654,32.153],[130.64,32.152],[130.623,32.156],[130.61,32.187],[130.58,32.194],[130.584,32.241],[130.593,32.265],[130.614,32.278],[130.599,32.295],[130.613,32.312],[130.604,32.342],[130.638,32.356],[130.652,32.378],[130.669,32.347]]]]}},{"type":"Feature","properties":{"code":"4351400","name":"熊本県あさぎり町"},"geometry":{"type":"MultiPolygon","coordinates":[[[[130.891,32.322],[130.907,32.303],[130.916,32.254],[130.936,32.252],[130.984,32.212],[130.977,32.19],[130.995,32.153],[130.971,32.12],[130.933,32.116],[130.897,32.14],[130.907,32.162],[130.874,32.206],[130.855,32.209],[130.867,32.221],[130.848,32.274],[130.875,32.294],[130.874,32.317],[130.891,32.322]]]]}},{"type":"Feature","properties":{"code":"4353100","name":"熊本県苓北町"},"geometry":{"type":"MultiPolygon","coordinates":[[[[130.118,32.543],[130.127,32.53],[130.118,32.494],[130.083,32.46],[130.095,32.452],[130.095,32.429],[130.021,32.436],[130.037,32.468],[130.031,32.486],[130.035,32.476],[130.047,32.491],[130.034,32.519],[130.013,32.53],[130.037,32.536],[130.045,32.513],[130.118,32.543]]]]}},{"type":"Feature","properties":{"code":"4420100","name":"大分県大分市"},"geometry":{"type":"MultiPolygon","coordinates":[[[[131.68,33.28],[131.759,33.24],[131.755,33.252],[131.805,33.242],[131.904,33.263],[131.877,33.246],[131.862,33.194],[131.848,33.19],[131.834,33.207],[131.729,33.171],[131.704,33.077],[131.578,33.1],[131.556,33.12],[131.505,33.099],[131.494,33.076],[131.466,33.072],[131.456,33.097],[131.421,33.08],[131.434,33.109],[131.429,33.13],[131.534,33.195],[131.544,33.236],[131.52,33.249],[131.518,33.265],[131.593,33.246],[131.659,33.277],[131.669,33.258],[131.664,33.278],[131.686,33.267],[131.68,33.28]]]]}},{"type":"Feature","properties":{"code":"4420200","name":"大分県別府市"},"geometry":{"type":"MultiPolygon","coordinates":[[[[131.472,33.354],[131.497,33.351],[131.52,33.249],[131.503,33.251],[131.505,33.225],[131.457,33.243],[131.404,33.227],[131.382,33.233],[131.391,33.28],[131.42,33.291],[131.434,33.319],[131.4,33.323],[131.401,33.349],[131.472,33.354]]]]}},{"type":"Feature","properties":{"code":"4420300","name":"大分県中津市"},"geometry":{"type":"MultiPolygon","coordinates":[[[[131.192,33.619],[131.233,33.601],[131.255,33.616],[131.279,33.569],[131.252,33.536],[131.272,33.498],[131.241,33.477],[131.255,33.413],[131.227,33.411],[131.231,33.377],[131.198,33.349],[131.145,33.379],[131.124,33.368],[131.099,33.388],[131.068,33.384],[131.057,33.361],[131.025,33.358],[131.008,33.393],[130.929,33.453],[130.942,33.485],[130.977,33.507],[131.035,33.519],[131.076,33.505],[131.177,33.507],[131.166,33.528],[131.191,33.558],[131.173,33.589],[131.192,33.619]]]]}},{"type":"Feature","properties":{"code":"4420400","name":"大分県日田市"},"geometry":{"type":"MultiPolygon","coordinates":[[[[130.927,33.457],[131.008,33.393],[131.025,33.358],[131.063,33.359],[131.056,33.336],[131.072,33.336],[131.074,33.323],[131.056,33.314],[131.034,33.269],[131.041,33.259],[131.068,33.265],[131.091,33.237],[131.081,33.189],[131.041,33.194],[131.015,33.177],[130.992,33.182],[130.979,33.14],[131.024,33.089],[131.011,33.071],[131.012,33.044],[130.99,33.024],[130.971,33.024],[130.947,33.052],[130.916,33.053],[130.887,33.087],[130.84,33.101],[130.862,33.118],[130.887,33.186],[130.837,33.211],[130.859,33.23],[130.826,33.237],[130.829,33.258],[130.868,33.265],[130.852,33.277],[130.866,33.292],[130.856,33.328],[130.836,33.343],[130.861,33.362],[130.863,33.377],[130.886,33.38],[130.895,33.446],[130.927,33.457]]]]}},{"type":"Feature","properties":{"code":"4420500","name":"大分県佐伯市"},"geometry":{"type":"MultiPolygon","coordinates":[[[[131.935,33.016],[131.944,33.013],[131.927,32.997],[131.944,32.994],[131.913,32.983],[131.92,33.013],[131.935,33.016]]],[[[132.003,33.067],[132.018,33.06],[131.98,33.047],[131.93,33.053],[131.923,33.027],[131.901,33.01],[131.906,32.996],[131.899,33.006],[131.89,32.992],[131.896,32.982],[131.96,32.946],[131.96,32.959],[131.974,32.964],[131.982,32.94],[132.003,32.958],[132.003,32.932],[132.034,32.94],[132.033,32.954],[132.079,32.945],[132.085,32.932],[132.026,32.935],[132.009,32.925],[132.01,32.906],[131.977,32.922],[131.986,32.889],[131.995,32.899],[132.015,32.891],[131.962,32.847],[131.95,32.855],[131.957,32.842],[131.943,32.837],[131.958,32.836],[131.964,32.819],[131.964,32.839],[131.982,32.825],[131.975,32.845],[131.987,32.846],[132.008,32.827],[131.973,32.806],[131.971,32.792],[131.947,32.806],[131.937,32.785],[131.923,32.801],[131.919,32.785],[131.907,32.794],[131.901,32.786],[131.89,32.805],[131.896,32.765],[131.875,32.791],[131.872,32.751],[131.886,32.746],[131.875,32.741],[131.848,32.736],[131.844,32.748],[131.855,32.823],[131.742,32.834],[131.711,32.772],[131.593,32.775],[131.567,32.754],[131.512,32.77],[131.517,32.8],[131.476,32.837],[131.562,32.884],[131.59,32.88],[131.609,32.922],[131.629,32.918],[131.62,32.931],[131.649,32.956],[131.68,32.952],[131.704,32.967],[131.783,32.979],[131.775,33.005],[131.79,33.034],[131.821,33.029],[131.936,33.064],[131.973,33.053],[132.003,33.067]]]]}},{"type":"Feature","properties":{"code":"4420600","name":"大分県臼杵市"},"geometry":{"type":"MultiPolygon","coordinates":[[[[131.84,33.206],[131.848,33.189],[131.8,33.125],[131.831,33.126],[131.844,33.115],[131.871,33.131],[131.882,33.122],[131.898,33.135],[131.912,33.125],[131.83,33.102],[131.782,33.073],[131.788,33.058],[131.807,33.056],[131.774,33.003],[131.782,32.979],[131.667,32.952],[131.629,33.013],[131.636,33.035],[131.659,33.038],[131.654,33.069],[131.677,33.086],[131.707,33.078],[131.718,33.155],[131.736,33.176],[131.84,33.206]]]]}},{"type":"Feature","properties":{"code":"4420700","name":"大分県津久見市"},"geometry":{"type":"MultiPolygon","coordinates":[[[[131.912,33.127],[131.901,33.11],[131.852,33.089],[131.868,33.083],[131.86,33.077],[131.91,33.083],[131.911,33.067],[131.924,33.066],[131.941,33.097],[131.944,33.069],[131.966,33.073],[131.971,33.062],[131.989,33.069],[131.987,33.09],[132.002,33.096],[132.003,33.07],[131.973,33.054],[131.937,33.064],[131.891,33.042],[131.791,33.034],[131.807,33.054],[131.788,33.057],[131.786,33.076],[131.912,33.127]]]]}},{"type":"Feature","properties":{"code":"4420800","name":"大分県竹田市"},"geometry":{"type":"MultiPolygon","coordinates":[[[[131.419,33.153],[131.458,33.139],[131.43,33.132],[131.433,33.108],[131.395,33.062],[131.406,33.049],[131.379,33.027],[131.418,33.003],[131.424,32.968],[131.397,32.93],[131.401,32.883],[131.388,32.867],[131.396,32.86],[131.374,32.839],[131.329,32.833],[131.257,32.887],[131.246,32.96],[131.263,32.977],[131.247,32.983],[131.216,33.054],[131.194,33.077],[131.205,33.09],[131.236,33.089],[131.254,33.122],[131.349,33.105],[131.391,33.152],[131.419,33.153]]]]}},{"type":"Feature","properties":{"code":"4420900","name":"大分県豊後高田市"},"geometry":{"type":"MultiPolygon","coordinates":[[[[131.523,33.684],[131.545,33.677],[131.556,33.628],[131.576,33.617],[131.574,33.594],[131.596,33.576],[131.59,33.56],[131.555,33.537],[131.531,33.498],[131.535,33.478],[131.524,33.475],[131.458,33.509],[131.413,33.553],[131.435,33.57],[131.423,33.595],[131.431,33.574],[131.424,33.592],[131.469,33.614],[131.481,33.642],[131.505,33.657],[131.5,33.671],[131.529,33.673],[131.523,33.684]]]]}},{"type":"Feature","properties":{"code":"4421000","name":"大分県杵築市"},"geometry":{"type":"MultiPolygon","coordinates":[[[[131.589,33.558],[131.585,33.535],[131.608,33.471],[131.658,33.456],[131.654,33.436],[131.719,33.448],[131.703,33.407],[131.634,33.423],[131.627,33.411],[131.642,33.408],[131.649,33.384],[131.617,33.372],[131.61,33.39],[131.567,33.388],[131.563,33.417],[131.547,33.427],[131.513,33.391],[131.453,33.393],[131.453,33.375],[131.433,33.355],[131.425,33.373],[131.408,33.376],[131.433,33.436],[131.424,33.472],[131.406,33.487],[131.423,33.506],[131.439,33.499],[131.421,33.517],[131.447,33.527],[131.483,33.493],[131.534,33.477],[131.532,33.502],[131.554,33.537],[131.589,33.558]]]]}},{"type":"Feature","properties":{"code":"4421100","name":"大分県宇佐市"},"geometry":{"type":"MultiPolygon","coordinates":[[[[131.323,33.583],[131.341,33.571],[131.409,33.579],[131.429,33.568],[131.412,33.554],[131.448,33.528],[131.421,33.517],[131.439,33.51],[131.438,33.499],[131.424,33.506],[131.406,33.49],[131.424,33.472],[131.433,33.436],[131.406,33.381],[131.433,33.358],[131.401,33.35],[131.399,33.326],[131.354,33.31],[131.303,33.337],[131.276,33.336],[131.251,33.361],[131.216,33.361],[131.231,33.378],[131.222,33.386],[131.226,33.41],[131.256,33.414],[131.241,33.478],[131.272,33.498],[131.253,33.534],[131.257,33.549],[131.274,33.555],[131.279,33.581],[131.323,33.583]]]]}},{"type":"Feature","properties":{"code":"4421200","name":"大分県豊後大野市"},"geometry":{"type":"MultiPolygon","coordinates":[[[[131.554,33.118],[131.644,33.082],[131.679,33.087],[131.649,33.058],[131.659,33.037],[131.636,33.034],[131.63,33.015],[131.66,32.961],[131.622,32.935],[131.629,32.919],[131.609,32.921],[131.59,32.88],[131.561,32.884],[131.421,32.812],[131.356,32.805],[131.347,32.83],[131.397,32.861],[131.388,32.868],[131.401,32.881],[131.398,32.93],[131.424,32.968],[131.418,33.002],[131.379,33.026],[131.405,33.048],[131.396,33.061],[131.404,33.081],[131.454,33.097],[131.459,33.076],[131.474,33.07],[131.495,33.076],[131.507,33.1],[131.554,33.118]]]]}},{"type":"Feature","properties":{"code":"4421300","name":"大分県由布市"},"geometry":{"type":"MultiPolygon","coordinates":[[[[131.383,33.327],[131.434,33.32],[131.419,33.29],[131.39,33.28],[131.382,33.233],[131.403,33.227],[131.459,33.243],[131.503,33.224],[131.503,33.251],[131.524,33.249],[131.544,33.236],[131.534,33.196],[131.458,33.139],[131.447,33.15],[131.391,33.152],[131.353,33.106],[131.311,33.105],[131.292,33.121],[131.257,33.123],[131.275,33.149],[131.324,33.173],[131.296,33.18],[131.312,33.18],[131.269,33.231],[131.333,33.293],[131.319,33.307],[131.383,33.327]]]]}},{"type":"Feature","properties":{"code":"4421400","name":"大分県国東市"},"geometry":{"type":"MultiPolygon","coordinates":[[[[131.586,33.693],[131.616,33.675],[131.637,33.682],[131.651,33.661],[131.665,33.668],[131.739,33.57],[131.745,33.543],[131.729,33.501],[131.739,33.467],[131.726,33.465],[131.721,33.449],[131.654,33.436],[131.657,33.457],[131.609,33.471],[131.585,33.538],[131.595,33.581],[131.579,33.584],[131.578,33.614],[131.557,33.627],[131.545,33.676],[131.56,33.687],[131.575,33.676],[131.586,33.693]]]]}},{"type":"Feature","properties":{"code":"4432200","name":"大分県姫島村"},"geometry":{"type":"MultiPolygon","coordinates":[[[[131.672,33.739],[131.702,33.73],[131.631,33.719],[131.672,33.739]]]]}},{"type":"Feature","properties":{"code":"4434100","name":"大分県日出町"},"geometry":{"type":"MultiPolygon","coordinates":[[[[131.554,33.428],[131.566,33.389],[131.614,33.388],[131.616,33.372],[131.597,33.372],[131.594,33.347],[131.551,33.35],[131.524,33.368],[131.499,33.361],[131.497,33.347],[131.417,33.346],[131.453,33.374],[131.453,33.392],[131.512,33.391],[131.554,33.428]]]]}},{"type":"Feature","properties":{"code":"4446100","name":"大分県九重町"},"geometry":{"type":"MultiPolygon","coordinates":[[[[131.248,33.302],[131.258,33.274],[131.295,33.25],[131.27,33.23],[131.313,33.181],[131.296,33.18],[131.324,33.173],[131.257,33.135],[131.236,33.089],[131.203,33.09],[131.186,33.074],[131.163,33.138],[131.112,33.186],[131.171,33.273],[131.248,33.302]]]]}},{"type":"Feature","properties":{"code":"4446200","name":"大分県玖珠町"},"geometry":{"type":"MultiPolygon","coordinates":[[[[131.099,33.388],[131.118,33.371],[131.131,33.365],[131.146,33.379],[131.197,33.349],[131.21,33.361],[131.251,33.361],[131.276,33.336],[131.304,33.337],[131.333,33.318],[131.318,33.306],[131.333,33.292],[131.295,33.252],[131.257,33.274],[131.247,33.305],[131.215,33.298],[131.145,33.248],[131.111,33.184],[131.082,33.188],[131.09,33.239],[131.069,33.265],[131.043,33.259],[131.034,33.269],[131.056,33.314],[131.074,33.324],[131.071,33.337],[131.057,33.336],[131.061,33.373],[131.099,33.388]]]]}},{"type":"Feature","properties":{"code":"4520100","name":"宮崎県宮崎市"},"geometry":{"type":"MultiPolygon","coordinates":[[[[131.425,32.053],[131.508,32.046],[131.471,31.942],[131.475,31.92],[131.46,31.916],[131.454,31.898],[131.486,31.923],[131.469,31.912],[131.453,31.861],[131.455,31.817],[131.488,31.785],[131.469,31.753],[131.468,31.721],[131.417,31.738],[131.38,31.779],[131.358,31.771],[131.31,31.781],[131.307,31.766],[131.288,31.764],[131.264,31.78],[131.241,31.778],[131.238,31.808],[131.222,31.827],[131.242,31.84],[131.238,31.86],[131.254,31.86],[131.251,31.887],[131.239,31.877],[131.218,31.881],[131.207,31.864],[131.19,31.881],[131.191,31.91],[131.22,31.92],[131.194,31.944],[131.21,31.979],[131.197,31.988],[131.215,31.995],[131.225,31.972],[131.277,31.983],[131.312,31.966],[131.348,31.981],[131.371,31.968],[131.395,32.053],[131.407,32.066],[131.425,32.053]]]]}},{"type":"Feature","properties":{"code":"4520200","name":"宮崎県都城市"},"geometry":{"type":"MultiPolygon","coordinates":[[[[131.183,31.942],[131.206,31.937],[131.22,31.92],[131.191,31.91],[131.196,31.87],[131.207,31.863],[131.217,31.881],[131.252,31.887],[131.254,31.861],[131.238,31.86],[131.244,31.844],[131.222,31.828],[131.24,31.799],[131.17,31.736],[131.149,31.74],[131.127,31.774],[131.111,31.772],[131.096,31.711],[131.129,31.675],[131.168,31.669],[131.202,31.635],[131.194,31.621],[131.166,31.639],[131.127,31.627],[131.078,31.66],[131.054,31.633],[131.026,31.667],[131.016,31.748],[130.979,31.752],[130.987,31.78],[130.883,31.806],[130.876,31.844],[130.903,31.885],[131.0,31.884],[131.029,31.93],[131.096,31.91],[131.104,31.921],[131.091,31.939],[131.102,31.931],[131.132,31.945],[131.183,31.942]]]]}},{"type":"Feature","properties":{"code":"4520300","name":"宮崎県延岡市"},"geometry":{"type":"MultiPolygon","coordinates":[[[[131.767,32.839],[131.794,32.822],[131.824,32.83],[131.859,32.822],[131.847,32.737],[131.885,32.747],[131.859,32.732],[131.864,32.716],[131.85,32.722],[131.851,32.693],[131.827,32.706],[131.791,32.664],[131.777,32.674],[131.762,32.658],[131.767,32.646],[131.752,32.646],[131.757,32.636],[131.774,32.64],[131.755,32.603],[131.712,32.589],[131.693,32.567],[131.684,32.51],[131.7,32.506],[131.714,32.519],[131.71,32.503],[131.728,32.497],[131.684,32.49],[131.643,32.519],[131.616,32.516],[131.606,32.533],[131.591,32.526],[131.582,32.546],[131.549,32.536],[131.48,32.567],[131.431,32.556],[131.447,32.577],[131.452,32.614],[131.435,32.633],[131.434,32.661],[131.48,32.71],[131.49,32.774],[131.568,32.754],[131.593,32.775],[131.711,32.772],[131.736,32.831],[131.767,32.839]]]]}},{"type":"Feature","properties":{"code":"4520400","name":"宮崎県日南市"},"geometry":{"type":"MultiPolygon","coordinates":[[[[131.323,31.782],[131.358,31.771],[131.379,31.779],[131.416,31.739],[131.467,31.721],[131.456,31.696],[131.468,31.687],[131.45,31.68],[131.469,31.646],[131.453,31.639],[131.457,31.624],[131.419,31.604],[131.406,31.563],[131.402,31.582],[131.397,31.558],[131.383,31.556],[131.39,31.539],[131.373,31.507],[131.386,31.5],[131.377,31.491],[131.328,31.502],[131.302,31.493],[131.266,31.558],[131.274,31.568],[131.255,31.587],[131.257,31.614],[131.218,31.625],[131.161,31.671],[131.183,31.698],[131.26,31.736],[131.27,31.768],[131.308,31.766],[131.309,31.78],[131.323,31.782]]]]}},{"type":"Feature","properties":{"code":"4520500","name":"宮崎県小林市"},"geometry":{"type":"MultiPolygon","coordinates":[[[[131.013,32.174],[131.058,32.155],[131.111,32.16],[131.134,32.137],[131.168,32.135],[131.185,32.086],[131.16,32.072],[131.167,32.052],[131.15,32.024],[131.167,31.994],[131.209,31.98],[131.193,31.951],[131.198,31.941],[131.131,31.944],[131.103,31.931],[131.055,31.959],[131.01,31.943],[130.982,31.975],[130.966,31.955],[130.968,31.932],[130.921,31.921],[130.914,31.886],[130.901,31.886],[130.862,31.935],[130.893,31.974],[130.878,31.993],[130.878,32.025],[130.891,32.039],[130.92,32.034],[130.945,32.051],[130.973,32.082],[130.953,32.114],[130.974,32.121],[130.975,32.137],[131.013,32.174]]]]}},{"type":"Feature","properties":{"code":"4520600","name":"宮崎県日向市"},"geometry":{"type":"MultiPolygon","coordinates":[[[[131.592,32.474],[131.654,32.456],[131.642,32.44],[131.65,32.435],[131.664,32.449],[131.662,32.437],[131.675,32.443],[131.675,32.454],[131.678,32.429],[131.655,32.427],[131.69,32.423],[131.643,32.407],[131.623,32.357],[131.628,32.343],[131.615,32.34],[131.587,32.3],[131.581,32.309],[131.572,32.297],[131.558,32.304],[131.549,32.324],[131.499,32.295],[131.473,32.319],[131.426,32.306],[131.382,32.316],[131.363,32.309],[131.369,32.322],[131.34,32.332],[131.351,32.367],[131.378,32.355],[131.396,32.365],[131.406,32.389],[131.476,32.406],[131.479,32.452],[131.507,32.456],[131.538,32.437],[131.566,32.445],[131.592,32.474]]]]}},{"type":"Feature","properties":{"code":"4520700","name":"宮崎県串間市"},"geometry":{"type":"MultiPolygon","coordinates":[[[[131.206,31.635],[131.258,31.613],[131.255,31.586],[131.271,31.575],[131.266,31.559],[131.301,31.494],[131.387,31.494],[131.385,31.48],[131.363,31.471],[131.371,31.428],[131.333,31.396],[131.346,31.363],[131.322,31.366],[131.309,31.391],[131.255,31.381],[131.236,31.405],[131.243,31.426],[131.229,31.424],[131.206,31.453],[131.175,31.45],[131.16,31.461],[131.171,31.501],[131.201,31.518],[131.189,31.557],[131.205,31.582],[131.185,31.61],[131.206,31.635]]]]}},{"type":"Feature","properties":{"code":"4520800","name":"宮崎県西都市"},"geometry":{"type":"MultiPolygon","coordinates":[[[[131.197,32.338],[131.222,32.324],[131.251,32.328],[131.328,32.276],[131.352,32.275],[131.358,32.243],[131.391,32.213],[131.415,32.163],[131.45,32.141],[131.407,32.083],[131.421,32.086],[131.414,32.071],[131.433,32.054],[131.403,32.065],[131.386,32.019],[131.344,32.029],[131.267,32.099],[131.235,32.103],[131.193,32.133],[131.191,32.147],[131.21,32.15],[131.223,32.172],[131.255,32.166],[131.282,32.183],[131.268,32.2],[131.28,32.212],[131.249,32.217],[131.221,32.26],[131.226,32.275],[131.175,32.312],[131.197,32.338]]]]}},{"type":"Feature","properties":{"code":"4520900","name":"宮崎県えびの市"},"geometry":{"type":"MultiPolygon","coordinates":[[[[130.908,32.132],[130.953,32.115],[130.972,32.081],[130.921,32.034],[130.891,32.039],[130.878,32.025],[130.879,31.991],[130.893,31.974],[130.861,31.934],[130.8,31.95],[130.777,32.016],[130.704,32.058],[130.703,32.077],[130.735,32.109],[130.742,32.098],[130.857,32.1],[130.908,32.132]]]]}},{"type":"Feature","properties":{"code":"4534100","name":"宮崎県三股町"},"geometry":{"type":"MultiPolygon","coordinates":[[[[131.241,31.797],[131.241,31.778],[131.266,31.779],[131.26,31.736],[131.183,31.698],[131.159,31.67],[131.129,31.676],[131.096,31.71],[131.111,31.771],[131.127,31.774],[131.15,31.74],[131.171,31.736],[131.241,31.797]]]]}},{"type":"Feature","properties":{"code":"4536100","name":"宮崎県高原町"},"geometry":{"type":"MultiPolygon","coordinates":[[[[130.982,31.975],[131.01,31.944],[131.057,31.959],[131.103,31.92],[131.084,31.909],[131.029,31.931],[130.999,31.884],[130.915,31.886],[130.916,31.915],[130.949,31.935],[130.968,31.932],[130.967,31.954],[130.982,31.975]]]]}},{"type":"Feature","properties":{"code":"4538200","name":"宮崎県国富町"},"geometry":{"type":"MultiPolygon","coordinates":[[[[131.194,32.132],[131.236,32.102],[131.267,32.099],[131.285,32.072],[131.317,32.064],[131.34,32.032],[131.386,32.019],[131.372,31.969],[131.346,31.981],[131.312,31.966],[131.27,31.981],[131.278,32.01],[131.219,32.055],[131.192,32.102],[131.194,32.132]]]]}},{"type":"Feature","properties":{"code":"4538300","name":"宮崎県綾町"},"geometry":{"type":"MultiPolygon","coordinates":[[[[131.19,32.13],[131.192,32.102],[131.22,32.055],[131.278,32.01],[131.27,31.982],[131.225,31.971],[131.214,31.996],[131.171,31.991],[131.153,32.018],[131.167,32.053],[131.16,32.074],[131.185,32.085],[131.17,32.128],[131.19,32.13]]]]}},{"type":"Feature","properties":{"code":"4540100","name":"宮崎県高鍋町"},"geometry":{"type":"MultiPolygon","coordinates":[[[[131.535,32.16],[131.54,32.133],[131.52,32.088],[131.498,32.11],[131.476,32.107],[131.443,32.128],[131.494,32.163],[131.512,32.155],[131.519,32.172],[131.535,32.16]]]]}},{"type":"Feature","properties":{"code":"4540200","name":"宮崎県新富町"},"geometry":{"type":"MultiPolygon","coordinates":[[[[131.448,32.127],[131.518,32.089],[131.508,32.047],[131.428,32.056],[131.414,32.071],[131.418,32.091],[131.407,32.078],[131.448,32.127]]]]}},{"type":"Feature","properties":{"code":"4540300","name":"宮崎県西米良村"},"geometry":{"type":"MultiPolygon","coordinates":[[[[131.118,32.317],[131.167,32.302],[131.195,32.307],[131.225,32.276],[131.221,32.26],[131.249,32.217],[131.28,32.212],[131.268,32.201],[131.281,32.181],[131.255,32.166],[131.223,32.172],[131.178,32.128],[131.119,32.146],[131.101,32.173],[131.101,32.202],[131.042,32.257],[131.054,32.267],[131.051,32.286],[131.079,32.282],[131.118,32.317]]]]}},{"type":"Feature","properties":{"code":"4540400","name":"宮崎県木城町"},"geometry":{"type":"MultiPolygon","coordinates":[[[[131.351,32.33],[131.37,32.322],[131.363,32.309],[131.383,32.317],[131.426,32.306],[131.448,32.197],[131.493,32.161],[131.457,32.132],[131.415,32.164],[131.39,32.213],[131.358,32.243],[131.352,32.275],[131.326,32.276],[131.288,32.309],[131.351,32.33]]]]}},{"type":"Feature","properties":{"code":"4540500","name":"宮崎県川南町"},"geometry":{"type":"MultiPolygon","coordinates":[[[[131.461,32.263],[131.539,32.243],[131.539,32.229],[131.55,32.24],[131.573,32.237],[131.543,32.157],[131.519,32.172],[131.513,32.155],[131.491,32.163],[131.448,32.196],[131.439,32.242],[131.465,32.248],[131.461,32.263]]]]}},{"type":"Feature","properties":{"code":"4540600","name":"宮崎県都農町"},"geometry":{"type":"MultiPolygon","coordinates":[[[[131.55,32.323],[131.571,32.297],[131.592,32.306],[131.57,32.232],[131.55,32.24],[131.54,32.229],[131.539,32.243],[131.483,32.25],[131.469,32.264],[131.46,32.264],[131.461,32.246],[131.43,32.25],[131.425,32.306],[131.473,32.319],[131.498,32.295],[131.55,32.323]]]]}},{"type":"Feature","properties":{"code":"4542100","name":"宮崎県門川町"},"geometry":{"type":"MultiPolygon","coordinates":[[[[131.577,32.546],[131.591,32.526],[131.604,32.533],[131.616,32.516],[131.643,32.519],[131.683,32.49],[131.728,32.493],[131.696,32.469],[131.659,32.483],[131.648,32.457],[131.59,32.476],[131.565,32.444],[131.538,32.437],[131.511,32.449],[131.509,32.486],[131.53,32.494],[131.523,32.536],[131.577,32.546]]]]}},{"type":"Feature","properties":{"code":"4542900","name":"宮崎県諸塚村"},"geometry":{"type":"MultiPolygon","coordinates":[[[[131.259,32.642],[131.316,32.629],[131.329,32.609],[131.357,32.609],[131.373,32.565],[131.369,32.542],[131.396,32.528],[131.413,32.496],[131.405,32.478],[131.376,32.463],[131.385,32.489],[131.356,32.504],[131.326,32.51],[131.323,32.491],[131.281,32.507],[131.274,32.524],[131.22,32.527],[131.207,32.587],[131.243,32.596],[131.259,32.642]]]]}},{"type":"Feature","properties":{"code":"4543000","name":"宮崎県椎葉村"},"geometry":{"type":"MultiPolygon","coordinates":[[[[131.19,32.6],[131.218,32.567],[131.219,32.527],[131.274,32.524],[131.298,32.46],[131.25,32.444],[131.258,32.4],[131.216,32.371],[131.196,32.374],[131.203,32.347],[131.168,32.301],[131.156,32.312],[131.101,32.312],[131.112,32.33],[131.074,32.362],[131.068,32.407],[131.043,32.409],[131.017,32.447],[131.007,32.493],[131.009,32.515],[131.025,32.521],[131.019,32.548],[131.039,32.554],[131.052,32.588],[131.104,32.58],[131.128,32.558],[131.162,32.565],[131.178,32.6],[131.19,32.6]]]]}},{"type":"Feature","properties":{"code":"4543100","name":"宮崎県美郷町"},"geometry":{"type":"MultiPolygon","coordinates":[[[[131.403,32.566],[131.438,32.556],[131.478,32.567],[131.527,32.54],[131.53,32.494],[131.509,32.487],[131.511,32.459],[131.476,32.45],[131.477,32.406],[131.406,32.389],[131.379,32.355],[131.352,32.367],[131.341,32.33],[131.289,32.309],[131.199,32.34],[131.196,32.374],[131.215,32.371],[131.258,32.399],[131.251,32.445],[131.298,32.46],[131.274,32.509],[131.325,32.491],[131.326,32.51],[131.357,32.504],[131.384,32.49],[131.377,32.463],[131.405,32.479],[131.414,32.492],[131.396,32.528],[131.369,32.541],[131.368,32.553],[131.374,32.564],[131.403,32.566]]]]}},{"type":"Feature","properties":{"code":"4544100","name":"宮崎県高千穂町"},"geometry":{"type":"MultiPolygon","coordinates":[[[[131.336,32.833],[131.358,32.804],[131.402,32.813],[131.421,32.805],[131.4,32.739],[131.38,32.717],[131.358,32.698],[131.322,32.706],[131.328,32.677],[131.309,32.629],[131.267,32.641],[131.266,32.67],[131.226,32.685],[131.246,32.695],[131.232,32.707],[131.258,32.735],[131.235,32.744],[131.246,32.769],[131.235,32.78],[131.265,32.826],[131.336,32.833]]]]}},{"type":"Feature","properties":{"code":"4544200","name":"宮崎県日之影町"},"geometry":{"type":"MultiPolygon","coordinates":[[[[131.478,32.834],[131.518,32.801],[131.508,32.774],[131.483,32.764],[131.49,32.746],[131.478,32.706],[131.453,32.693],[131.434,32.662],[131.435,32.634],[131.452,32.614],[131.447,32.579],[131.428,32.56],[131.375,32.563],[131.357,32.608],[131.33,32.609],[131.31,32.631],[131.328,32.676],[131.319,32.7],[131.358,32.698],[131.38,32.716],[131.4,32.738],[131.422,32.813],[131.437,32.828],[131.478,32.834]]]]}},{"type":"Feature","properties":{"code":"4544300","name":"宮崎県五ヶ瀬町"},"geometry":{"type":"MultiPolygon","coordinates":[[[[131.235,32.744],[131.258,32.734],[131.231,32.706],[131.245,32.694],[131.226,32.685],[131.268,32.668],[131.252,32.607],[131.232,32.591],[131.178,32.6],[131.161,32.564],[131.112,32.562],[131.116,32.643],[131.146,32.677],[131.176,32.673],[131.18,32.712],[131.235,32.744]]]]}},{"type":"Feature","properties":{"code":"4620100","name":"鹿児島県鹿児島市"},"geometry":{"type":"MultiPolygon","coordinates":[[[[130.679,31.629],[130.716,31.603],[130.71,31.567],[130.724,31.562],[130.682,31.545],[130.666,31.553],[130.638,31.545],[130.592,31.581],[130.627,31.621],[130.679,31.629]]],[[[130.537,31.752],[130.585,31.74],[130.566,31.708],[130.599,31.689],[130.62,31.659],[130.563,31.597],[130.57,31.574],[130.559,31.547],[130.537,31.533],[130.546,31.533],[130.534,31.506],[130.519,31.504],[130.537,31.502],[130.531,31.485],[130.514,31.491],[130.519,31.471],[130.545,31.479],[130.514,31.459],[130.535,31.395],[130.558,31.386],[130.542,31.385],[130.565,31.322],[130.584,31.305],[130.545,31.293],[130.528,31.322],[130.49,31.346],[130.51,31.395],[130.487,31.425],[130.484,31.461],[130.451,31.466],[130.434,31.494],[130.447,31.53],[130.387,31.579],[130.428,31.605],[130.424,31.622],[130.471,31.635],[130.459,31.655],[130.442,31.655],[130.443,31.682],[130.413,31.717],[130.454,31.736],[130.498,31.724],[130.502,31.744],[130.537,31.752]]]]}},{"type":"Feature","properties":{"code":"4620300","name":"鹿児島県鹿屋市"},"geometry":{"type":"MultiPolygon","coordinates":[[[[130.857,31.615],[130.929,31.562],[130.917,31.544],[130.924,31.511],[130.902,31.502],[130.901,31.485],[130.915,31.469],[130.946,31.463],[130.961,31.382],[130.972,31.379],[130.968,31.365],[130.935,31.358],[130.896,31.396],[130.931,31.287],[130.938,31.242],[130.928,31.228],[130.861,31.272],[130.862,31.299],[130.812,31.31],[130.792,31.296],[130.803,31.336],[130.76,31.416],[130.807,31.449],[130.817,31.492],[130.794,31.511],[130.816,31.545],[130.825,31.606],[130.857,31.615]]]]}},{"type":"Feature","properties":{"code":"4620400","name":"鹿児島県枕崎市"},"geometry":{"type":"MultiPolygon","coordinates":[[[[130.304,31.339],[130.332,31.309],[130.37,31.32],[130.369,31.252],[130.308,31.267],[130.293,31.259],[130.288,31.27],[130.293,31.261],[130.284,31.267],[130.278,31.247],[130.262,31.256],[130.251,31.276],[130.267,31.292],[130.243,31.307],[130.304,31.339]]]]}},{"type":"Feature","properties":{"code":"4620600","name":"鹿児島県阿久根市"},"geometry":{"type":"MultiPolygon","coordinates":[[[[130.227,32.129],[130.233,32.069],[130.251,32.057],[130.245,32.027],[130.297,32.002],[130.312,31.976],[130.296,31.952],[130.267,31.967],[130.263,31.928],[130.22,31.929],[130.203,31.984],[130.173,31.992],[130.208,32.06],[130.193,32.084],[130.184,32.071],[130.171,32.079],[130.176,32.106],[130.227,32.129]]]]}},{"type":"Feature","properties":{"code":"4620800","name":"鹿児島県出水市"},"geometry":{"type":"MultiPolygon","coordinates":[[[[130.361,32.169],[130.402,32.12],[130.484,32.118],[130.513,32.066],[130.461,32.029],[130.457,32.01],[130.429,32.012],[130.409,31.993],[130.327,31.971],[130.289,32.008],[130.245,32.027],[130.251,32.057],[130.233,32.07],[130.225,32.102],[130.241,32.129],[130.31,32.108],[130.351,32.134],[130.361,32.169]]]]}},{"type":"Feature","properties":{"code":"4621000","name":"鹿児島県指宿市"},"geometry":{"type":"MultiPolygon","coordinates":[[[[130.584,31.304],[130.622,31.276],[130.667,31.267],[130.649,31.239],[130.657,31.22],[130.63,31.211],[130.63,31.202],[130.648,31.203],[130.635,31.185],[130.592,31.177],[130.597,31.162],[130.587,31.156],[130.556,31.178],[130.518,31.166],[130.507,31.178],[130.509,31.213],[130.532,31.228],[130.544,31.266],[130.537,31.291],[130.584,31.304]]]]}},{"type":"Feature","properties":{"code":"4621300","name":"鹿児島県西之表市"},"geometry":{"type":"MultiPolygon","coordinates":[[[[130.858,30.766],[130.865,30.732],[130.837,30.728],[130.858,30.766]]],[[[131.057,30.84],[131.082,30.788],[131.072,30.764],[131.078,30.697],[131.052,30.661],[131.055,30.605],[131.029,30.588],[130.986,30.615],[130.979,30.643],[130.947,30.637],[130.94,30.669],[130.979,30.726],[130.994,30.727],[130.989,30.738],[131.009,30.767],[131.004,30.786],[131.057,30.84]]]]}},{"type":"Feature","properties":{"code":"4621400","name":"鹿児島県垂水市"},"geometry":{"type":"MultiPolygon","coordinates":[[[[130.803,31.631],[130.828,31.598],[130.795,31.512],[130.818,31.477],[130.794,31.432],[130.759,31.415],[130.734,31.449],[130.704,31.458],[130.688,31.478],[130.707,31.533],[130.699,31.556],[130.767,31.563],[130.803,31.631]]]]}},{"type":"Feature","properties":{"code":"4621600","name":"鹿児島県日置市"},"geometry":{"type":"MultiPolygon","coordinates":[[[[130.397,31.734],[130.412,31.731],[130.421,31.7],[130.443,31.683],[130.442,31.656],[130.459,31.654],[130.47,31.635],[130.424,31.623],[130.43,31.607],[130.387,31.58],[130.447,31.531],[130.448,31.509],[130.396,31.477],[130.357,31.476],[130.313,31.491],[130.335,31.579],[130.316,31.662],[130.331,31.697],[130.377,31.708],[130.378,31.73],[130.397,31.734]]]]}},{"type":"Feature","properties":{"code":"4621700","name":"鹿児島県曽於市"},"geometry":{"type":"MultiPolygon","coordinates":[[[[130.889,31.807],[130.916,31.804],[130.931,31.786],[130.99,31.777],[130.979,31.752],[131.017,31.747],[131.026,31.667],[131.054,31.633],[131.079,31.66],[131.118,31.629],[131.164,31.639],[131.167,31.625],[131.11,31.59],[131.031,31.609],[131.015,31.592],[131.039,31.565],[131.019,31.554],[131.026,31.543],[131.01,31.53],[130.937,31.541],[130.894,31.595],[130.857,31.617],[130.861,31.626],[130.884,31.623],[130.869,31.666],[130.911,31.665],[130.9,31.727],[130.888,31.735],[130.9,31.752],[130.875,31.768],[130.889,31.807]]]]}},{"type":"Feature","properties":{"code":"4621800","name":"鹿児島県霧島市"},"geometry":{"type":"MultiPolygon","coordinates":[[[[130.842,31.942],[130.882,31.921],[130.898,31.887],[130.914,31.886],[130.895,31.879],[130.888,31.848],[130.875,31.843],[130.884,31.806],[130.875,31.769],[130.9,31.752],[130.888,31.736],[130.9,31.726],[130.911,31.667],[130.87,31.666],[130.866,31.652],[130.879,31.646],[130.883,31.622],[130.861,31.627],[130.823,31.605],[130.802,31.632],[130.823,31.66],[130.797,31.7],[130.735,31.707],[130.73,31.725],[130.724,31.718],[130.69,31.734],[130.673,31.728],[130.688,31.753],[130.723,31.759],[130.689,31.763],[130.7,31.773],[130.691,31.775],[130.696,31.794],[130.657,31.803],[130.626,31.866],[130.59,31.879],[130.619,31.89],[130.608,31.899],[130.637,31.926],[130.69,31.924],[130.728,31.904],[130.842,31.942]]]]}},{"type":"Feature","properties":{"code":"4621900","name":"鹿児島県いちき串木野市"},"geometry":{"type":"MultiPolygon","coordinates":[[[[130.203,31.79],[130.235,31.788],[130.285,31.755],[130.355,31.757],[130.379,31.738],[130.378,31.71],[130.33,31.697],[130.322,31.666],[130.299,31.661],[130.276,31.705],[130.252,31.71],[130.264,31.715],[130.255,31.711],[130.251,31.732],[130.212,31.756],[130.186,31.749],[130.18,31.777],[130.203,31.79]]]]}},{"type":"Feature","properties":{"code":"4622000","name":"鹿児島県南さつま市"},"geometry":{"type":"MultiPolygon","coordinates":[[[[129.447,31.2],[129.45,31.178],[129.434,31.176],[129.447,31.2]]],[[[129.472,31.212],[129.476,31.207],[129.476,31.195],[129.469,31.204],[129.473,31.208],[129.472,31.212]]],[[[130.169,31.364],[130.166,31.359],[130.167,31.355],[130.163,31.351],[130.159,31.356],[130.169,31.364]]],[[[130.435,31.492],[130.446,31.476],[130.422,31.466],[130.381,31.413],[130.36,31.412],[130.341,31.394],[130.328,31.346],[130.246,31.312],[130.267,31.293],[130.252,31.277],[130.262,31.256],[130.215,31.249],[130.229,31.268],[130.216,31.276],[130.229,31.282],[130.202,31.282],[130.199,31.296],[130.225,31.309],[130.214,31.321],[130.173,31.324],[130.204,31.335],[130.209,31.348],[130.132,31.412],[130.107,31.412],[130.116,31.424],[130.136,31.413],[130.159,31.44],[130.187,31.411],[130.193,31.43],[130.194,31.408],[130.227,31.4],[130.255,31.428],[130.256,31.418],[130.271,31.427],[130.313,31.491],[130.385,31.475],[130.435,31.492]]]]}},{"type":"Feature","properties":{"code":"4622100","name":"鹿児島県志布志市"},"geometry":{"type":"MultiPolygon","coordinates":[[[[131.186,31.625],[131.205,31.58],[131.189,31.558],[131.201,31.517],[131.17,31.5],[131.16,31.462],[131.121,31.475],[131.109,31.466],[131.109,31.476],[131.098,31.459],[131.085,31.46],[131.091,31.449],[131.078,31.458],[131.05,31.444],[131.053,31.456],[131.02,31.473],[131.001,31.453],[130.963,31.475],[130.971,31.497],[130.957,31.502],[130.976,31.51],[130.974,31.538],[131.009,31.531],[131.039,31.565],[131.015,31.593],[131.03,31.609],[131.109,31.59],[131.156,31.612],[131.17,31.633],[131.186,31.625]]],[[[130.994,31.48],[130.985,31.477],[130.99,31.464],[130.994,31.48]]]]}},{"type":"Feature","properties":{"code":"4622200","name":"鹿児島県奄美市"},"geometry":{"type":"MultiPolygon","coordinates":[[[[129.542,28.459],[129.543,28.407],[129.558,28.407],[129.557,28.397],[129.523,28.351],[129.567,28.348],[129.565,28.335],[129.536,28.33],[129.538,28.306],[129.483,28.289],[129.458,28.296],[129.46,28.267],[129.443,28.246],[129.407,28.25],[129.449,28.226],[129.457,28.232],[129.476,28.21],[129.429,28.194],[129.404,28.217],[129.371,28.204],[129.343,28.237],[129.354,28.261],[129.379,28.27],[129.36,28.293],[129.405,28.304],[129.409,28.327],[129.434,28.327],[129.422,28.372],[129.395,28.386],[129.448,28.381],[129.463,28.414],[129.479,28.4],[129.491,28.412],[129.499,28.382],[129.523,28.402],[129.511,28.41],[129.518,28.441],[129.542,28.459]]],[[[129.69,28.53],[129.694,28.491],[129.719,28.475],[129.709,28.434],[129.718,28.438],[129.709,28.421],[129.656,28.397],[129.634,28.406],[129.647,28.408],[129.644,28.432],[129.653,28.422],[129.659,28.431],[129.648,28.467],[129.667,28.439],[129.674,28.461],[129.646,28.501],[129.69,28.53]]]]}},{"type":"Feature","properties":{"code":"4622300","name":"鹿児島県南九州市"},"geometry":{"type":"MultiPolygon","coordinates":[[[[130.446,31.476],[130.484,31.46],[130.487,31.425],[130.51,31.392],[130.49,31.346],[130.528,31.322],[130.54,31.297],[130.532,31.228],[130.509,31.214],[130.46,31.251],[130.37,31.252],[130.37,31.319],[130.331,31.309],[130.312,31.335],[130.338,31.365],[130.341,31.393],[130.36,31.412],[130.381,31.412],[130.422,31.466],[130.446,31.476]]]]}},{"type":"Feature","properties":{"code":"4622400","name":"鹿児島県伊佐市"},"geometry":{"type":"MultiPolygon","coordinates":[[[[130.605,32.187],[130.623,32.156],[130.652,32.151],[130.655,32.136],[130.721,32.099],[130.704,32.077],[130.706,31.998],[130.675,31.977],[130.66,31.948],[130.627,31.935],[130.614,31.953],[130.573,31.954],[130.535,31.991],[130.53,32.012],[130.499,32.001],[130.478,32.031],[130.514,32.065],[130.477,32.139],[130.539,32.137],[130.542,32.149],[130.582,32.155],[130.592,32.186],[130.605,32.187]]]]}},{"type":"Feature","properties":{"code":"4622500","name":"鹿児島県姶良市"},"geometry":{"type":"MultiPolygon","coordinates":[[[[130.592,31.877],[130.626,31.865],[130.636,31.824],[130.657,31.803],[130.696,31.794],[130.7,31.772],[130.689,31.763],[130.723,31.76],[130.689,31.753],[130.673,31.728],[130.626,31.712],[130.61,31.673],[130.565,31.709],[130.573,31.729],[130.587,31.729],[130.574,31.747],[130.502,31.744],[130.499,31.723],[130.472,31.733],[130.503,31.76],[130.502,31.791],[130.518,31.8],[130.524,31.831],[130.592,31.877]]]]}},{"type":"Feature","properties":{"code":"4630300","name":"鹿児島県三島村"},"geometry":{"type":"MultiPolygon","coordinates":[[[[130.304,30.808],[130.32,30.796],[130.317,30.783],[130.277,30.781],[130.278,30.773],[130.262,30.782],[130.304,30.808]]],[[[130.428,30.82],[130.444,30.802],[130.397,30.808],[130.428,30.82]]],[[[129.939,30.851],[129.963,30.828],[129.938,30.812],[129.912,30.819],[129.905,30.838],[129.939,30.851]]]]}},{"type":"Feature","properties":{"code":"4630400","name":"鹿児島県十島村"},"geometry":{"type":"MultiPolygon","coordinates":[[[[128.994,28.807],[129.001,28.793],[128.972,28.802],[128.994,28.807]]],[[[129.201,29.159],[129.222,29.156],[129.221,29.127],[129.187,29.152],[129.201,29.159]]],[[[129.327,29.229],[129.332,29.225],[129.329,29.219],[129.323,29.218],[129.319,29.224],[129.327,29.229]]],[[[129.595,29.477],[129.61,29.472],[129.617,29.447],[129.594,29.447],[129.584,29.463],[129.595,29.477]]],[[[129.74,29.672],[129.734,29.629],[129.698,29.603],[129.684,29.653],[129.74,29.672]]],[[[129.535,29.697],[129.536,29.676],[129.525,29.685],[129.535,29.697]]],[[[129.852,29.884],[129.893,29.869],[129.895,29.844],[129.918,29.82],[129.86,29.823],[129.834,29.86],[129.852,29.884]]],[[[129.537,29.916],[129.553,29.895],[129.531,29.897],[129.537,29.916]]],[[[129.917,30.007],[129.945,29.967],[129.943,29.951],[129.905,29.964],[129.9,29.976],[129.917,30.007]]]]}},{"type":"Feature","properties":{"code":"4639200","name":"鹿児島県さつま町"},"geometry":{"type":"MultiPolygon","coordinates":[[[[130.473,32.032],[130.499,32.0],[130.539,32.006],[130.535,31.992],[130.572,31.955],[130.612,31.953],[130.628,31.933],[130.608,31.9],[130.619,31.889],[130.593,31.879],[130.508,31.904],[130.507,31.89],[130.475,31.892],[130.457,31.819],[130.449,31.839],[130.416,31.844],[130.4,31.861],[130.401,31.904],[130.348,31.936],[130.338,31.96],[130.354,31.983],[130.408,31.993],[130.426,32.011],[130.451,32.007],[130.473,32.032]]]]}},{"type":"Feature","properties":{"code":"4640400","name":"鹿児島県長島町"},"geometry":{"type":"MultiPolygon","coordinates":[[[[130.174,32.229],[130.201,32.197],[130.183,32.177],[130.186,32.164],[130.204,32.17],[130.21,32.155],[130.173,32.135],[130.176,32.115],[130.158,32.09],[130.113,32.126],[130.116,32.157],[130.091,32.181],[130.122,32.201],[130.105,32.204],[130.107,32.215],[130.132,32.216],[130.156,32.198],[130.145,32.217],[130.153,32.214],[130.154,32.228],[130.164,32.212],[130.174,32.229]]],[[[130.257,32.306],[130.268,32.28],[130.237,32.263],[130.243,32.254],[130.21,32.255],[130.22,32.292],[130.257,32.306]]]]}},{"type":"Feature","properties":{"code":"4645200","name":"鹿児島県湧水町"},"geometry":{"type":"MultiPolygon","coordinates":[[[[130.74,32.044],[130.778,32.015],[130.782,31.983],[130.815,31.94],[130.729,31.904],[130.677,31.927],[130.621,31.922],[130.706,31.999],[130.703,32.059],[130.74,32.044]]]]}},{"type":"Feature","properties":{"code":"4646800","name":"鹿児島県大崎町"},"geometry":{"type":"MultiPolygon","coordinates":[[[[130.994,31.48],[130.99,31.474],[130.994,31.472],[130.993,31.466],[130.985,31.468],[130.985,31.477],[130.994,31.48]]],[[[130.926,31.552],[130.963,31.53],[130.974,31.54],[130.976,31.51],[130.957,31.503],[130.971,31.498],[130.963,31.474],[131.002,31.453],[131.02,31.473],[131.06,31.446],[131.022,31.395],[130.966,31.409],[130.946,31.464],[130.916,31.468],[130.902,31.485],[130.902,31.501],[130.923,31.511],[130.917,31.544],[130.926,31.552]]]]}},{"type":"Feature","properties":{"code":"4648200","name":"鹿児島県東串良町"},"geometry":{"type":"MultiPolygon","coordinates":[[[[131.033,31.378],[131.023,31.362],[131.022,31.377],[131.033,31.378]]],[[[130.958,31.436],[130.965,31.41],[130.984,31.398],[131.02,31.395],[131.015,31.359],[130.971,31.354],[130.977,31.367],[130.953,31.418],[130.958,31.436]]]]}},{"type":"Feature","properties":{"code":"4649000","name":"鹿児島県錦江町"},"geometry":{"type":"MultiPolygon","coordinates":[[[[130.818,31.308],[130.864,31.297],[130.861,31.272],[130.926,31.228],[130.911,31.199],[130.945,31.185],[130.863,31.122],[130.832,31.136],[130.846,31.154],[130.808,31.197],[130.849,31.215],[130.837,31.241],[130.824,31.241],[130.819,31.224],[130.802,31.235],[130.768,31.225],[130.79,31.252],[130.795,31.297],[130.818,31.308]]]]}},{"type":"Feature","properties":{"code":"4649100","name":"鹿児島県南大隅町"},"geometry":{"type":"MultiPolygon","coordinates":[[[[130.828,31.244],[130.849,31.215],[130.807,31.198],[130.846,31.154],[130.832,31.137],[130.862,31.122],[130.883,31.129],[130.899,31.11],[130.794,31.082],[130.761,31.055],[130.748,31.061],[130.716,31.045],[130.717,31.027],[130.685,31.026],[130.683,31.004],[130.67,31.009],[130.659,30.996],[130.678,31.062],[130.654,31.071],[130.744,31.131],[130.767,31.181],[130.753,31.203],[130.758,31.218],[130.803,31.235],[130.819,31.223],[130.828,31.244]]]]}},{"type":"Feature","properties":{"code":"4649200","name":"鹿児島県肝付町"},"geometry":{"type":"MultiPolygon","coordinates":[[[[130.899,31.395],[130.908,31.372],[130.931,31.359],[130.975,31.367],[130.98,31.35],[131.012,31.361],[131.106,31.333],[131.105,31.312],[131.074,31.292],[131.077,31.272],[131.132,31.282],[131.066,31.228],[131.018,31.228],[131.003,31.189],[130.986,31.181],[130.995,31.169],[130.972,31.166],[130.978,31.151],[130.911,31.113],[130.883,31.129],[130.944,31.185],[130.911,31.201],[130.939,31.244],[130.899,31.395]]]]}},{"type":"Feature","properties":{"code":"4650100","name":"鹿児島県中種子町"},"geometry":{"type":"MultiPolygon","coordinates":[[[[130.977,30.644],[130.985,30.615],[131.032,30.588],[131.034,30.566],[131.0,30.549],[130.98,30.518],[130.963,30.453],[130.917,30.445],[130.882,30.486],[130.945,30.571],[130.949,30.636],[130.977,30.644]]]]}},{"type":"Feature","properties":{"code":"4650200","name":"鹿児島県南種子町"},"geometry":{"type":"MultiPolygon","coordinates":[[[[130.881,30.482],[130.916,30.446],[130.975,30.446],[130.969,30.415],[130.981,30.399],[130.966,30.393],[130.968,30.373],[130.937,30.375],[130.884,30.344],[130.87,30.347],[130.858,30.37],[130.866,30.415],[130.849,30.467],[130.869,30.464],[130.881,30.482]]]]}},{"type":"Feature","properties":{"code":"4650500","name":"鹿児島県屋久島町"},"geometry":{"type":"MultiPolygon","coordinates":[[[[130.498,30.469],[130.499,30.453],[130.577,30.432],[130.671,30.376],[130.657,30.304],[130.583,30.239],[130.523,30.227],[130.443,30.237],[130.413,30.267],[130.412,30.296],[130.392,30.322],[130.38,30.393],[130.42,30.397],[130.462,30.434],[130.464,30.457],[130.494,30.455],[130.498,30.469]]],[[[130.147,30.49],[130.236,30.469],[130.264,30.448],[130.264,30.434],[130.239,30.436],[130.211,30.422],[130.191,30.441],[130.195,30.462],[130.169,30.458],[130.147,30.49]]]]}},{"type":"Feature","properties":{"code":"4652300","name":"鹿児島県大和村"},"geometry":{"type":"MultiPolygon","coordinates":[[[[129.396,28.385],[129.422,28.372],[129.435,28.327],[129.405,28.324],[129.405,28.305],[129.354,28.283],[129.304,28.31],[129.26,28.31],[129.266,28.327],[129.314,28.334],[129.31,28.348],[129.339,28.368],[129.367,28.355],[129.389,28.374],[129.401,28.356],[129.411,28.364],[129.396,28.385]]]]}},{"type":"Feature","properties":{"code":"4652400","name":"鹿児島県宇検村"},"geometry":{"type":"MultiPolygon","coordinates":[[[[129.184,28.306],[129.222,28.284],[129.193,28.285],[129.178,28.298],[129.184,28.306]]],[[[129.261,28.322],[129.264,28.307],[129.307,28.309],[129.379,28.271],[129.327,28.233],[129.285,28.25],[129.232,28.235],[129.136,28.255],[129.165,28.256],[129.178,28.27],[129.211,28.253],[129.214,28.27],[129.227,28.274],[129.251,28.253],[129.28,28.276],[129.296,28.274],[129.293,28.285],[129.268,28.288],[129.265,28.274],[129.25,28.274],[129.211,28.306],[129.261,28.322]]]]}},{"type":"Feature","properties":{"code":"4652500","name":"鹿児島県瀬戸内町"},"geometry":{"type":"MultiPolygon","coordinates":[[[[129.214,28.055],[129.234,28.032],[129.267,28.036],[129.269,28.016],[129.257,28.005],[129.234,28.024],[129.212,28.023],[129.214,28.055]]],[[[129.173,28.069],[129.179,28.049],[129.148,28.014],[129.149,28.05],[129.173,28.069]]],[[[129.165,28.123],[129.175,28.115],[129.175,28.11],[129.169,28.116],[129.162,28.117],[129.161,28.122],[129.165,28.123]]],[[[129.209,28.201],[129.242,28.188],[129.205,28.183],[129.212,28.164],[129.241,28.151],[129.258,28.174],[129.26,28.158],[129.263,28.171],[129.274,28.158],[129.246,28.149],[129.261,28.144],[129.242,28.138],[129.245,28.123],[129.275,28.142],[129.261,28.117],[129.288,28.126],[129.292,28.108],[129.302,28.122],[129.321,28.101],[129.343,28.118],[129.354,28.106],[129.341,28.077],[129.318,28.062],[129.326,28.091],[129.316,28.097],[129.293,28.091],[129.281,28.064],[129.262,28.078],[129.25,28.111],[129.215,28.077],[129.219,28.141],[129.195,28.146],[129.176,28.183],[129.209,28.201]]],[[[129.136,28.255],[129.235,28.235],[129.284,28.25],[129.31,28.234],[129.342,28.239],[129.371,28.204],[129.403,28.218],[129.429,28.194],[129.404,28.192],[129.401,28.154],[129.338,28.169],[129.378,28.126],[129.379,28.111],[129.368,28.111],[129.36,28.135],[129.323,28.132],[129.292,28.153],[129.297,28.161],[129.285,28.165],[129.297,28.171],[129.282,28.179],[129.283,28.197],[129.263,28.183],[129.294,28.223],[129.262,28.216],[129.277,28.232],[129.254,28.233],[129.257,28.207],[129.246,28.204],[129.218,28.229],[129.212,28.219],[129.185,28.222],[129.17,28.243],[129.152,28.236],[129.136,28.255]]]]}},{"type":"Feature","properties":{"code":"4652700","name":"鹿児島県龍郷町"},"geometry":{"type":"MultiPolygon","coordinates":[[[[129.616,28.479],[129.62,28.467],[129.591,28.413],[129.624,28.45],[129.62,28.419],[129.639,28.416],[129.643,28.432],[129.647,28.408],[129.612,28.4],[129.571,28.345],[129.523,28.351],[129.557,28.398],[129.556,28.407],[129.543,28.405],[129.55,28.439],[129.542,28.459],[129.56,28.448],[129.576,28.466],[129.616,28.479]]]]}},{"type":"Feature","properties":{"code":"4652900","name":"鹿児島県喜界町"},"geometry":{"type":"MultiPolygon","coordinates":[[[[130.019,28.379],[130.034,28.359],[130.017,28.338],[130.001,28.337],[130.008,28.332],[129.978,28.288],[129.943,28.275],[129.92,28.29],[129.913,28.312],[129.923,28.323],[129.952,28.327],[130.019,28.379]]]]}},{"type":"Feature","properties":{"code":"4653000","name":"鹿児島県徳之島町"},"geometry":{"type":"MultiPolygon","coordinates":[[[[128.968,27.893],[128.976,27.872],[128.956,27.861],[128.971,27.856],[128.969,27.817],[129.038,27.768],[129.021,27.717],[128.999,27.696],[128.971,27.722],[128.952,27.722],[128.954,27.746],[128.97,27.751],[128.984,27.782],[128.923,27.815],[128.917,27.843],[128.933,27.854],[128.926,27.87],[128.906,27.874],[128.909,27.893],[128.968,27.893]]]]}},{"type":"Feature","properties":{"code":"4653100","name":"鹿児島県天城町"},"geometry":{"type":"MultiPolygon","coordinates":[[[[128.907,27.894],[128.907,27.873],[128.926,27.87],[128.933,27.855],[128.917,27.843],[128.924,27.814],[128.985,27.781],[128.953,27.74],[128.906,27.75],[128.889,27.788],[128.894,27.811],[128.88,27.837],[128.893,27.858],[128.89,27.883],[128.907,27.894]]]]}},{"type":"Feature","properties":{"code":"4653200","name":"鹿児島県伊仙町"},"geometry":{"type":"MultiPolygon","coordinates":[[[[128.903,27.753],[128.955,27.738],[128.952,27.722],[128.985,27.71],[129.0,27.691],[128.988,27.671],[128.925,27.667],[128.917,27.696],[128.881,27.723],[128.903,27.753]]]]}},{"type":"Feature","properties":{"code":"4653300","name":"鹿児島県和泊町"},"geometry":{"type":"MultiPolygon","coordinates":[[[[128.694,27.441],[128.714,27.435],[128.674,27.412],[128.636,27.365],[128.621,27.364],[128.602,27.385],[128.593,27.375],[128.575,27.382],[128.578,27.401],[128.635,27.409],[128.694,27.441]]]]}},{"type":"Feature","properties":{"code":"4653400","name":"鹿児島県知名町"},"geometry":{"type":"MultiPolygon","coordinates":[[[[128.535,27.405],[128.578,27.4],[128.579,27.378],[128.602,27.385],[128.624,27.362],[128.579,27.331],[128.551,27.332],[128.52,27.373],[128.535,27.405]]]]}},{"type":"Feature","properties":{"code":"4653500","name":"鹿児島県与論町"},"geometry":{"type":"MultiPolygon","coordinates":[[[[128.432,27.068],[128.453,27.052],[128.455,27.021],[128.397,27.039],[128.398,27.051],[128.414,27.049],[128.432,27.068]]]]}},{"type":"Feature","properties":{"code":"4720100","name":"沖縄県那覇市"},"geometry":{"type":"MultiPolygon","coordinates":[[[[127.669,26.246],[127.737,26.237],[127.736,26.219],[127.709,26.191],[127.683,26.198],[127.642,26.174],[127.644,26.211],[127.672,26.205],[127.66,26.218],[127.684,26.225],[127.679,26.24],[127.667,26.232],[127.669,26.246]]]]}},{"type":"Feature","properties":{"code":"4720500","name":"沖縄県宜野湾市"},"geometry":{"type":"MultiPolygon","coordinates":[[[[127.771,26.297],[127.787,26.288],[127.769,26.254],[127.732,26.255],[127.725,26.278],[127.771,26.297]]]]}},{"type":"Feature","properties":{"code":"4720700","name":"沖縄県石垣市"},"geometry":{"type":"MultiPolygon","coordinates":[[[[124.157,24.333],[124.16,24.331],[124.142,24.327],[124.141,24.332],[124.157,24.333]]],[[[124.316,24.612],[124.339,24.605],[124.34,24.586],[124.304,24.546],[124.308,24.53],[124.284,24.508],[124.281,24.488],[124.252,24.466],[124.259,24.413],[124.249,24.358],[124.235,24.345],[124.201,24.354],[124.183,24.331],[124.145,24.337],[124.143,24.351],[124.112,24.366],[124.139,24.388],[124.143,24.413],[124.119,24.435],[124.085,24.416],[124.07,24.429],[124.077,24.453],[124.119,24.447],[124.118,24.482],[124.143,24.467],[124.14,24.443],[124.152,24.454],[124.223,24.456],[124.229,24.5],[124.256,24.52],[124.278,24.507],[124.295,24.541],[124.283,24.561],[124.316,24.612]]],[[[123.476,25.752],[123.493,25.742],[123.46,25.735],[123.476,25.752]]],[[[123.683,25.929],[123.688,25.922],[123.681,25.919],[123.676,25.924],[123.683,25.929]]]]}},{"type":"Feature","properties":{"code":"4720800","name":"沖縄県浦添市"},"geometry":{"type":"MultiPolygon","coordinates":[[[[127.72,26.275],[127.732,26.255],[127.752,26.252],[127.739,26.237],[127.704,26.233],[127.674,26.255],[127.72,26.275]]]]}},{"type":"Feature","properties":{"code":"4720900","name":"沖縄県名護市"},"geometry":{"type":"MultiPolygon","coordinates":[[[[127.991,26.647],[128.025,26.628],[128.08,26.645],[128.096,26.609],[128.151,26.568],[128.093,26.535],[128.065,26.551],[128.045,26.548],[128.042,26.559],[128.033,26.553],[128.053,26.521],[128.026,26.511],[128.002,26.506],[127.974,26.53],[127.941,26.511],[127.932,26.542],[127.964,26.541],[127.983,26.586],[127.9,26.613],[127.92,26.633],[127.991,26.647]]],[[[128.02,26.681],[128.031,26.644],[127.994,26.66],[127.999,26.675],[128.02,26.681]]]]}},{"type":"Feature","properties":{"code":"4721000","name":"沖縄県糸満市"},"geometry":{"type":"MultiPolygon","coordinates":[[[[127.704,26.17],[127.697,26.152],[127.713,26.145],[127.707,26.129],[127.731,26.099],[127.681,26.075],[127.659,26.081],[127.668,26.133],[127.651,26.127],[127.648,26.145],[127.704,26.17]]]]}},{"type":"Feature","properties":{"code":"4721100","name":"沖縄県沖縄市"},"geometry":{"type":"MultiPolygon","coordinates":[[[[127.843,26.334],[127.854,26.325],[127.843,26.325],[127.842,26.329],[127.841,26.326],[127.837,26.329],[127.843,26.334]]],[[[127.794,26.41],[127.803,26.392],[127.811,26.399],[127.837,26.382],[127.822,26.358],[127.848,26.317],[127.829,26.312],[127.845,26.299],[127.829,26.311],[127.812,26.305],[127.807,26.326],[127.779,26.318],[127.773,26.339],[127.785,26.349],[127.788,26.422],[127.794,26.41]]]]}},{"type":"Feature","properties":{"code":"4721200","name":"沖縄県豊見城市"},"geometry":{"type":"MultiPolygon","coordinates":[[[[127.654,26.161],[127.667,26.154],[127.65,26.153],[127.654,26.161]]],[[[127.691,26.194],[127.713,26.182],[127.701,26.164],[127.647,26.154],[127.649,26.174],[127.691,26.194]]]]}},{"type":"Feature","properties":{"code":"4721300","name":"沖縄県うるま市"},"geometry":{"type":"MultiPolygon","coordinates":[[[[127.945,26.262],[127.947,26.248],[127.934,26.243],[127.945,26.262]]],[[[127.925,26.323],[127.93,26.312],[127.917,26.322],[127.925,26.323]]],[[[127.953,26.329],[127.969,26.323],[127.96,26.309],[127.953,26.329]]],[[[127.862,26.344],[127.868,26.328],[127.844,26.334],[127.862,26.344]]],[[[127.966,26.365],[127.975,26.351],[127.94,26.336],[127.943,26.363],[127.966,26.365]]],[[[127.988,26.385],[127.996,26.362],[127.976,26.352],[127.969,26.368],[127.988,26.385]]],[[[128.0,26.401],[128.004,26.399],[127.999,26.384],[127.992,26.383],[127.989,26.392],[128.0,26.401]]],[[[127.832,26.45],[127.843,26.429],[127.827,26.422],[127.881,26.378],[127.873,26.359],[127.915,26.332],[127.907,26.331],[127.921,26.295],[127.863,26.344],[127.833,26.341],[127.821,26.359],[127.837,26.382],[127.796,26.401],[127.789,26.422],[127.832,26.45]]]]}},{"type":"Feature","properties":{"code":"4721400","name":"沖縄県宮古島市"},"geometry":{"type":"MultiPolygon","coordinates":[[[[125.242,24.732],[125.257,24.716],[125.24,24.717],[125.242,24.732]]],[[[125.14,24.845],[125.176,24.814],[125.17,24.804],[125.14,24.814],[125.14,24.845]]],[[[125.163,24.865],[125.213,24.843],[125.219,24.809],[125.206,24.799],[125.17,24.819],[125.155,24.837],[125.163,24.865]]],[[[125.267,24.915],[125.298,24.878],[125.313,24.837],[125.336,24.822],[125.335,24.799],[125.433,24.761],[125.469,24.719],[125.455,24.73],[125.371,24.729],[125.31,24.712],[125.297,24.734],[125.295,24.718],[125.261,24.735],[125.253,24.756],[125.261,24.768],[125.267,24.751],[125.284,24.752],[125.257,24.795],[125.279,24.81],[125.279,24.839],[125.296,24.837],[125.296,24.846],[125.256,24.91],[125.268,24.903],[125.267,24.915]]],[[[125.24,24.938],[125.256,24.925],[125.235,24.928],[125.24,24.938]]]]}},{"type":"Feature","properties":{"code":"4721500","name":"沖縄県南城市"},"geometry":{"type":"MultiPolygon","coordinates":[[[[127.909,26.172],[127.899,26.162],[127.884,26.153],[127.882,26.156],[127.886,26.153],[127.884,26.16],[127.909,26.172]]],[[[127.746,26.198],[127.776,26.189],[127.788,26.171],[127.792,26.185],[127.82,26.192],[127.831,26.167],[127.763,26.126],[127.73,26.154],[127.746,26.198]]]]}},{"type":"Feature","properties":{"code":"4730100","name":"沖縄県国頭村"},"geometry":{"type":"MultiPolygon","coordinates":[[[[128.258,26.876],[128.29,26.842],[128.306,26.845],[128.327,26.755],[128.265,26.668],[128.242,26.703],[128.222,26.708],[128.201,26.689],[128.155,26.717],[128.151,26.741],[128.184,26.75],[128.232,26.798],[128.253,26.842],[128.245,26.864],[128.258,26.876]]]]}},{"type":"Feature","properties":{"code":"4730200","name":"沖縄県大宜味村"},"geometry":{"type":"MultiPolygon","coordinates":[[[[128.155,26.717],[128.199,26.688],[128.157,26.642],[128.133,26.648],[128.098,26.615],[128.081,26.645],[128.112,26.668],[128.124,26.661],[128.098,26.68],[128.118,26.703],[128.155,26.717]]]]}},{"type":"Feature","properties":{"code":"4730300","name":"沖縄県東村"},"geometry":{"type":"MultiPolygon","coordinates":[[[[128.226,26.707],[128.243,26.703],[128.265,26.665],[128.239,26.632],[128.148,26.629],[128.151,26.599],[128.124,26.603],[128.121,26.59],[128.096,26.609],[128.133,26.647],[128.158,26.643],[128.226,26.707]]]]}},{"type":"Feature","properties":{"code":"4730600","name":"沖縄県今帰仁村"},"geometry":{"type":"MultiPolygon","coordinates":[[[[127.95,26.708],[128.008,26.686],[127.983,26.639],[127.96,26.639],[127.958,26.67],[127.918,26.684],[127.92,26.702],[127.95,26.708]]],[[[128.017,26.714],[128.028,26.71],[128.02,26.694],[128.008,26.706],[128.017,26.714]]]]}},{"type":"Feature","properties":{"code":"4730800","name":"沖縄県本部町"},"geometry":{"type":"MultiPolygon","coordinates":[[[[127.867,26.654],[127.874,26.649],[127.859,26.629],[127.855,26.648],[127.867,26.654]]],[[[127.88,26.71],[127.918,26.702],[127.918,26.683],[127.958,26.67],[127.963,26.648],[127.946,26.631],[127.919,26.633],[127.899,26.605],[127.878,26.642],[127.894,26.66],[127.874,26.685],[127.88,26.71]]]]}},{"type":"Feature","properties":{"code":"4731100","name":"沖縄県恩納村"},"geometry":{"type":"MultiPolygon","coordinates":[[[[127.932,26.529],[127.941,26.51],[127.92,26.501],[127.914,26.484],[127.902,26.491],[127.893,26.477],[127.854,26.47],[127.785,26.416],[127.742,26.42],[127.771,26.446],[127.799,26.438],[127.812,26.463],[127.846,26.481],[127.844,26.504],[127.869,26.513],[127.887,26.503],[127.932,26.529]]]]}},{"type":"Feature","properties":{"code":"4731300","name":"沖縄県宜野座村"},"geometry":{"type":"MultiPolygon","coordinates":[[[[127.979,26.525],[127.996,26.515],[128.001,26.483],[127.944,26.467],[127.928,26.5],[127.979,26.525]]]]}},{"type":"Feature","properties":{"code":"4731400","name":"沖縄県金武町"},"geometry":{"type":"MultiPolygon","coordinates":[[[[127.925,26.501],[127.949,26.438],[127.87,26.458],[127.842,26.435],[127.84,26.462],[127.892,26.477],[127.903,26.491],[127.914,26.484],[127.925,26.501]]]]}},{"type":"Feature","properties":{"code":"4731500","name":"沖縄県伊江村"},"geometry":{"type":"MultiPolygon","coordinates":[[[[127.808,26.739],[127.83,26.722],[127.828,26.71],[127.763,26.707],[127.75,26.718],[127.759,26.737],[127.808,26.739]]]]}},{"type":"Feature","properties":{"code":"4732400","name":"沖縄県読谷村"},"geometry":{"type":"MultiPolygon","coordinates":[[[[127.713,26.442],[127.75,26.415],[127.785,26.416],[127.769,26.37],[127.738,26.362],[127.716,26.403],[127.713,26.442]]]]}},{"type":"Feature","properties":{"code":"4732500","name":"沖縄県嘉手納町"},"geometry":{"type":"MultiPolygon","coordinates":[[[[127.786,26.408],[127.784,26.347],[127.746,26.343],[127.738,26.362],[127.769,26.37],[127.786,26.408]]]]}},{"type":"Feature","properties":{"code":"4732600","name":"沖縄県北谷町"},"geometry":{"type":"MultiPolygon","coordinates":[[[[127.775,26.345],[127.786,26.315],[127.779,26.297],[127.76,26.294],[127.742,26.333],[127.775,26.345]]]]}},{"type":"Feature","properties":{"code":"4732700","name":"沖縄県北中城村"},"geometry":{"type":"MultiPolygon","coordinates":[[[[127.803,26.325],[127.811,26.305],[127.828,26.304],[127.816,26.305],[127.805,26.285],[127.786,26.288],[127.776,26.307],[127.803,26.325]]]]}},{"type":"Feature","properties":{"code":"4732800","name":"沖縄県中城村"},"geometry":{"type":"MultiPolygon","coordinates":[[[[127.815,26.29],[127.788,26.232],[127.767,26.239],[127.786,26.286],[127.815,26.29]]]]}},{"type":"Feature","properties":{"code":"4732900","name":"沖縄県西原町"},"geometry":{"type":"MultiPolygon","coordinates":[[[[127.767,26.255],[127.767,26.239],[127.787,26.226],[127.768,26.208],[127.736,26.218],[127.74,26.239],[127.767,26.255]]]]}},{"type":"Feature","properties":{"code":"4734800","name":"沖縄県与那原町"},"geometry":{"type":"MultiPolygon","coordinates":[[[[127.744,26.213],[127.77,26.207],[127.761,26.203],[127.774,26.187],[127.746,26.198],[127.744,26.213]]]]}},{"type":"Feature","properties":{"code":"4735000","name":"沖縄県南風原町"},"geometry":{"type":"MultiPolygon","coordinates":[[[[127.708,26.19],[127.733,26.218],[127.748,26.203],[127.73,26.169],[127.708,26.19]]]]}},{"type":"Feature","properties":{"code":"4735300","name":"沖縄県渡嘉敷村"},"geometry":{"type":"MultiPolygon","coordinates":[[[[127.453,26.225],[127.456,26.22],[127.446,26.202],[127.44,26.2],[127.446,26.218],[127.453,26.225]]],[[[127.357,26.226],[127.374,26.202],[127.358,26.181],[127.364,26.157],[127.348,26.146],[127.339,26.183],[127.357,26.226]]]]}},{"type":"Feature","properties":{"code":"4735400","name":"沖縄県座間味村"},"geometry":{"type":"MultiPolygon","coordinates":[[[[127.293,26.175],[127.297,26.169],[127.293,26.161],[127.288,26.166],[127.293,26.175]]],[[[127.237,26.183],[127.241,26.163],[127.232,26.163],[127.237,26.183]]],[[[127.289,26.188],[127.297,26.178],[127.293,26.176],[127.286,26.176],[127.283,26.182],[127.285,26.188],[127.289,26.188]]],[[[127.281,26.212],[127.293,26.194],[127.277,26.187],[127.265,26.198],[127.281,26.212]]],[[[127.309,26.216],[127.311,26.209],[127.317,26.203],[127.312,26.198],[127.31,26.2],[127.309,26.216]]],[[[127.249,26.223],[127.25,26.216],[127.243,26.208],[127.24,26.22],[127.249,26.223]]],[[[127.31,26.252],[127.333,26.229],[127.318,26.24],[127.306,26.219],[127.282,26.228],[127.31,26.252]]]]}},{"type":"Feature","properties":{"code":"4735500","name":"沖縄県粟国村"},"geometry":{"type":"MultiPolygon","coordinates":[[[[127.231,26.602],[127.247,26.59],[127.241,26.576],[127.209,26.575],[127.231,26.602]]]]}},{"type":"Feature","properties":{"code":"4735600","name":"沖縄県渡名喜村"},"geometry":{"type":"MultiPolygon","coordinates":[[[[127.147,26.382],[127.15,26.363],[127.161,26.364],[127.147,26.349],[127.137,26.373],[127.147,26.382]]]]}},{"type":"Feature","properties":{"code":"4735900","name":"沖縄県伊平屋村"},"geometry":{"type":"MultiPolygon","coordinates":[[[[127.924,27.001],[127.929,26.999],[127.925,26.993],[127.921,26.989],[127.915,26.992],[127.913,26.996],[127.924,27.001]]],[[[128.021,27.094],[127.991,27.044],[127.946,27.019],[127.934,26.996],[127.933,27.021],[127.951,27.045],[127.996,27.089],[128.021,27.094]]]]}},{"type":"Feature","properties":{"code":"4736000","name":"沖縄県伊是名村"},"geometry":{"type":"MultiPolygon","coordinates":[[[[127.922,26.902],[127.93,26.902],[127.926,26.899],[127.933,26.895],[127.931,26.892],[127.921,26.894],[127.922,26.902]]],[[[127.938,26.956],[127.957,26.935],[127.954,26.915],[127.939,26.911],[127.913,26.936],[127.938,26.956]]]]}},{"type":"Feature","properties":{"code":"4736100","name":"沖縄県久米島町"},"geometry":{"type":"MultiPolygon","coordinates":[[[[126.828,26.343],[126.835,26.337],[126.821,26.337],[126.828,26.343]]],[[[126.776,26.391],[126.826,26.352],[126.805,26.324],[126.81,26.291],[126.779,26.307],[126.758,26.342],[126.758,26.333],[126.709,26.354],[126.714,26.373],[126.776,26.391]]],[[[128.223,27.885],[128.235,27.861],[128.218,27.877],[128.223,27.885]]]]}},{"type":"Feature","properties":{"code":"4736200","name":"沖縄県八重瀬町"},"geometry":{"type":"MultiPolygon","coordinates":[[[[127.715,26.181],[127.762,26.126],[127.733,26.099],[127.708,26.128],[127.714,26.145],[127.697,26.152],[127.715,26.181]]]]}},{"type":"Feature","properties":{"code":"4737500","name":"沖縄県多良間村"},"geometry":{"type":"MultiPolygon","coordinates":[[[[124.711,24.677],[124.727,24.666],[124.725,24.644],[124.676,24.642],[124.673,24.666],[124.711,24.677]]],[[[124.695,24.762],[124.705,24.745],[124.683,24.758],[124.695,24.762]]]]}},{"type":"Feature","properties":{"code":"4738100","name":"沖縄県竹富町"},"geometry":{"type":"MultiPolygon","coordinates":[[[[123.787,24.072],[123.809,24.065],[123.805,24.05],[123.753,24.052],[123.755,24.063],[123.787,24.072]]],[[[123.935,24.221],[123.933,24.209],[123.921,24.217],[123.935,24.221]]],[[[123.951,24.243],[123.954,24.237],[123.937,24.225],[123.94,24.237],[123.951,24.243]]],[[[124.004,24.254],[124.03,24.242],[124.011,24.221],[123.991,24.242],[124.004,24.254]]],[[[124.087,24.34],[124.101,24.322],[124.086,24.312],[124.076,24.324],[124.087,24.34]]],[[[123.974,24.355],[124.004,24.328],[123.952,24.33],[123.974,24.355]]],[[[123.731,24.363],[123.742,24.346],[123.725,24.358],[123.731,24.363]]],[[[123.725,24.38],[123.721,24.366],[123.711,24.371],[123.725,24.38]]],[[[123.782,24.437],[123.812,24.41],[123.816,24.391],[123.832,24.407],[123.863,24.395],[123.872,24.404],[123.887,24.384],[123.94,24.365],[123.928,24.316],[123.911,24.324],[123.899,24.301],[123.904,24.276],[123.88,24.28],[123.88,24.256],[123.754,24.28],[123.724,24.299],[123.719,24.278],[123.681,24.283],[123.662,24.308],[123.687,24.311],[123.686,24.333],[123.71,24.315],[123.703,24.349],[123.715,24.328],[123.729,24.342],[123.751,24.312],[123.744,24.342],[123.753,24.353],[123.743,24.367],[123.753,24.377],[123.743,24.393],[123.773,24.418],[123.768,24.435],[123.782,24.437]]],[[[123.817,24.477],[123.825,24.474],[123.825,24.469],[123.818,24.467],[123.814,24.474],[123.817,24.477]]]]}},{"type":"Feature","properties":{"code":"4738200","name":"沖縄県与那国町"},"geometry":{"type":"MultiPolygon","coordinates":[[[[122.998,24.475],[123.044,24.462],[123.011,24.437],[122.934,24.448],[122.962,24.472],[122.998,24.475]]]]}},{"type":"Feature","properties":{"code":"0120601","name":"気象庁予報警報規程別表第四の二に示す「釧路市釧路」の区域"},"geometry":{"type":"MultiPolygon","coordinates":[[[[144.27,43.107],[144.303,43.077],[144.328,43.085],[144.414,43.062],[144.425,43.026],[144.399,43.002],[144.44,42.996],[144.481,42.962],[144.485,42.939],[144.362,42.971],[144.372,42.985],[144.357,42.998],[144.229,42.997],[144.214,43.006],[144.221,43.029],[144.168,43.042],[144.155,43.061],[144.112,43.055],[144.082,43.09],[144.116,43.073],[144.152,43.093],[144.217,43.076],[144.262,43.079],[144.253,43.099],[144.27,43.107]]]]}},{"type":"Feature","properties":{"code":"0120603","name":"気象庁予報警報規程別表第四の二に示す「釧路市音別」の区域"},"geometry":{"type":"MultiPolygon","coordinates":[[[[143.804,43.122],[143.82,43.099],[143.91,43.073],[143.928,43.052],[143.901,42.998],[143.925,42.972],[143.974,42.954],[144.005,42.921],[143.87,42.843],[143.778,42.896],[143.766,42.961],[143.703,43.005],[143.712,43.045],[143.756,43.084],[143.754,43.12],[143.804,43.122]]]]}},{"type":"Feature","properties":{"code":"0120602","name":"気象庁予報警報規程別表第四の二に示す「釧路市阿寒」の区域"},"geometry":{"type":"MultiPolygon","coordinates":[[[[144.27,43.108],[144.252,43.097],[144.262,43.079],[144.217,43.076],[144.152,43.093],[144.144,43.079],[144.11,43.074],[144.081,43.094],[144.079,43.118],[144.036,43.136],[144.034,43.163],[143.993,43.182],[143.961,43.267],[143.992,43.306],[144.008,43.308],[144.033,43.351],[144.004,43.386],[144.027,43.392],[144.03,43.42],[144.004,43.436],[143.999,43.463],[144.07,43.475],[144.083,43.515],[144.123,43.512],[144.144,43.531],[144.18,43.511],[144.197,43.525],[144.247,43.511],[144.229,43.466],[144.238,43.434],[144.179,43.39],[144.143,43.337],[144.148,43.32],[144.131,43.32],[144.128,43.31],[144.22,43.224],[144.27,43.108]]]]}},{"type":"Feature","properties":{"code":"0160101","name":"気象庁予報警報規程別表第四の二に示す「日高町日高」の区域"},"geometry":{"type":"MultiPolygon","coordinates":[[[[142.735,43.007],[142.764,42.989],[142.75,42.964],[142.778,42.926],[142.757,42.899],[142.787,42.864],[142.732,42.836],[142.72,42.777],[142.687,42.751],[142.643,42.755],[142.636,42.772],[142.582,42.793],[142.569,42.816],[142.512,42.798],[142.508,42.783],[142.485,42.774],[142.38,42.796],[142.401,42.843],[142.38,42.858],[142.375,42.881],[142.404,42.914],[142.4,42.932],[142.443,42.912],[142.521,42.923],[142.546,42.911],[142.572,42.929],[142.588,42.967],[142.735,43.007]]]]}},{"type":"Feature","properties":{"code":"0160102","name":"気象庁予報警報規程別表第四の二に示す「日高町門別」の区域"},"geometry":{"type":"MultiPolygon","coordinates":[[[[142.298,42.635],[142.311,42.619],[142.337,42.615],[142.484,42.621],[142.504,42.601],[142.467,42.594],[142.456,42.575],[142.409,42.565],[142.387,42.543],[142.335,42.547],[142.334,42.522],[142.305,42.5],[142.298,42.458],[142.273,42.436],[142.229,42.421],[142.167,42.46],[142.027,42.485],[141.968,42.528],[141.982,42.545],[142.011,42.54],[142.047,42.56],[142.059,42.55],[142.054,42.54],[142.112,42.522],[142.175,42.561],[142.228,42.618],[142.257,42.631],[142.275,42.621],[142.298,42.635]]]]}},{"type":"Feature","properties":{"code":"0123302","name":"気象庁予報警報規程別表第四の二に示す「伊達市大滝」の区域"},"geometry":{"type":"MultiPolygon","coordinates":[[[[141.08,42.824],[141.161,42.781],[141.199,42.784],[141.173,42.751],[141.191,42.685],[141.162,42.665],[141.143,42.635],[141.148,42.623],[141.115,42.613],[141.086,42.579],[141.068,42.593],[141.028,42.592],[141.024,42.611],[140.962,42.644],[140.968,42.671],[141.011,42.717],[141.04,42.716],[141.044,42.733],[141.078,42.747],[141.088,42.793],[141.065,42.822],[141.08,42.824]]]]}},{"type":"Feature","properties":{"code":"0134602","name":"気象庁予報警報規程別表第四の二に示す「八雲町熊石」の区域"},"geometry":{"type":"MultiPolygon","coordinates":[[[[140.054,42.222],[140.093,42.213],[140.087,42.183],[140.122,42.145],[140.169,42.15],[140.204,42.089],[140.192,42.068],[140.104,42.073],[140.071,42.06],[140.02,42.117],[139.921,42.134],[139.939,42.169],[139.934,42.183],[139.963,42.204],[139.992,42.198],[140.014,42.221],[140.054,42.222]]]]}},{"type":"Feature","properties":{"code":"0134601","name":"気象庁予報警報規程別表第四の二に示す「八雲町八雲」の区域"},"geometry":{"type":"MultiPolygon","coordinates":[[[[140.231,42.395],[140.222,42.388],[140.236,42.379],[140.271,42.387],[140.298,42.373],[140.275,42.293],[140.295,42.244],[140.394,42.221],[140.457,42.177],[140.422,42.159],[140.394,42.124],[140.413,42.116],[140.428,42.086],[140.437,42.051],[140.43,42.023],[140.391,42.028],[140.376,42.044],[140.35,42.036],[140.249,42.06],[140.221,42.078],[140.222,42.094],[140.199,42.093],[140.169,42.15],[140.12,42.147],[140.086,42.185],[140.093,42.213],[140.038,42.223],[140.015,42.272],[140.058,42.279],[140.085,42.301],[140.087,42.314],[140.098,42.314],[140.086,42.333],[140.097,42.342],[140.125,42.344],[140.163,42.374],[140.231,42.395]]]]}},{"type":"Feature","properties":{"code":"0123301","name":"気象庁予報警報規程別表第四の二に示す「伊達市伊達」の区域"},"geometry":{"type":"MultiPolygon","coordinates":[[[[140.925,42.545],[140.957,42.537],[140.969,42.52],[140.972,42.474],[140.987,42.466],[140.98,42.447],[140.99,42.437],[140.983,42.41],[140.949,42.388],[140.908,42.38],[140.902,42.415],[140.874,42.458],[140.78,42.5],[140.786,42.517],[140.774,42.52],[140.82,42.544],[140.878,42.532],[140.925,42.545]]]]}},{"type":"Feature","properties":{"code":"0120802","name":"気象庁予報警報規程別表第四の二に示す「北見市常呂」の区域"},"geometry":{"type":"MultiPolygon","coordinates":[[[[143.783,44.185],[143.964,44.14],[144.102,44.128],[144.122,44.116],[144.088,44.11],[144.046,44.062],[144.049,44.034],[144.031,44.017],[144.05,44.002],[144.048,43.973],[144.0,43.956],[143.984,43.967],[143.921,43.93],[143.852,43.966],[143.781,43.964],[143.781,43.977],[143.814,43.988],[143.878,43.982],[143.952,44.036],[143.946,44.059],[143.966,44.084],[143.91,44.126],[143.776,44.144],[143.783,44.185]]]]}},{"type":"Feature","properties":{"code":"0148401","name":"気象庁予報警報規程別表第四の二に示す「羽幌町」の区域"},"geometry":{"type":"MultiPolygon","coordinates":[[[[141.949,44.452],[141.973,44.445],[141.974,44.43],[141.999,44.414],[142.016,44.358],[142.061,44.336],[142.052,44.311],[142.06,44.294],[142.031,44.285],[142.039,44.27],[142.03,44.264],[142.057,44.257],[142.066,44.236],[142.029,44.232],[142.021,44.214],[141.991,44.207],[141.903,44.257],[141.771,44.283],[141.768,44.296],[141.684,44.347],[141.694,44.377],[141.701,44.369],[141.748,44.433],[141.772,44.424],[141.789,44.399],[141.846,44.387],[141.874,44.396],[141.889,44.431],[141.949,44.452]]]]}},{"type":"Feature","properties":{"code":"0148402","name":"気象庁予報警報規程別表第四の二に示す「天売焼尻」の区域"},"geometry":{"type":"MultiPolygon","coordinates":[[[[141.327,44.442],[141.333,44.426],[141.293,44.414],[141.327,44.442]]],[[[141.426,44.447],[141.426,44.428],[141.381,44.433],[141.426,44.447]]]]}},{"type":"Feature","properties":{"code":"0421301","name":"気象庁予報警報規程別表第四の二に示す「栗原市東部」の区域"},"geometry":{"type":"MultiPolygon","coordinates":[[[[140.971,38.689],[140.987,38.7],[140.964,38.712],[140.993,38.732],[140.968,38.746],[141.046,38.793],[141.023,38.805],[141.023,38.831],[141.045,38.837],[141.044,38.862],[140.995,38.88],[141.092,38.888],[141.139,38.877],[141.146,38.855],[141.103,38.83],[141.142,38.812],[141.14,38.79],[141.157,38.782],[141.152,38.761],[141.165,38.732],[141.083,38.712],[141.056,38.684],[141.094,38.641],[141.084,38.63],[141.007,38.629],[140.991,38.644],[140.995,38.654],[140.967,38.67],[140.971,38.689]]]]}},{"type":"Feature","properties":{"code":"0421501","name":"気象庁予報警報規程別表第四の二に示す「大崎市東部」の区域"},"geometry":{"type":"MultiPolygon","coordinates":[[[[140.967,38.669],[140.996,38.653],[140.991,38.644],[141.007,38.629],[141.083,38.629],[141.111,38.644],[141.116,38.624],[141.161,38.601],[141.142,38.602],[141.125,38.581],[141.109,38.59],[141.088,38.583],[141.082,38.572],[141.094,38.556],[141.053,38.566],[141.049,38.59],[141.013,38.593],[141.003,38.584],[141.014,38.586],[141.014,38.567],[140.994,38.568],[141.023,38.55],[141.027,38.528],[141.099,38.522],[141.092,38.515],[141.13,38.484],[141.104,38.452],[141.11,38.443],[141.027,38.445],[141.035,38.465],[141.007,38.473],[140.978,38.503],[140.958,38.506],[140.945,38.487],[140.927,38.487],[140.888,38.515],[140.894,38.561],[140.907,38.564],[140.873,38.591],[140.921,38.638],[140.909,38.671],[140.952,38.682],[140.967,38.669]]]]}},{"type":"Feature","properties":{"code":"0720302","name":"気象庁予報警報規程別表第四の二に示す「郡山市湖南」の区域"},"geometry":{"type":"MultiPolygon","coordinates":[[[[140.2,37.454],[140.216,37.45],[140.182,37.429],[140.181,37.413],[140.198,37.38],[140.165,37.337],[140.077,37.317],[140.037,37.336],[140.053,37.365],[140.051,37.415],[140.113,37.47],[140.184,37.449],[140.2,37.454]]]]}},{"type":"Feature","properties":{"code":"2020201","name":"気象庁予報警報規程別表第四の二に示す「松本」の区域"},"geometry":{"type":"MultiPolygon","coordinates":[[[[137.755,36.087],[137.756,36.133],[137.787,36.167],[137.786,36.182],[137.811,36.188],[137.789,36.203],[137.788,36.243],[137.866,36.237],[137.919,36.247],[137.944,36.287],[137.978,36.304],[137.946,36.326],[137.958,36.363],[137.99,36.377],[138.08,36.371],[138.065,36.334],[138.083,36.309],[138.073,36.272],[138.085,36.244],[138.13,36.211],[138.127,36.166],[138.078,36.157],[138.054,36.168],[138.041,36.148],[137.981,36.159],[137.968,36.147],[137.967,36.171],[137.947,36.17],[137.941,36.149],[137.925,36.144],[137.926,36.165],[137.883,36.13],[137.901,36.175],[137.897,36.188],[137.882,36.189],[137.814,36.15],[137.777,36.099],[137.755,36.087]]]]}},{"type":"Feature","properties":{"code":"2021502","name":"気象庁予報警報規程別表第四の二に示す「楢川」の区域"},"geometry":{"type":"MultiPolygon","coordinates":[[[[137.825,36.055],[137.851,36.039],[137.88,36.044],[137.904,36.019],[137.829,35.946],[137.858,35.912],[137.847,35.89],[137.857,35.875],[137.849,35.839],[137.825,35.814],[137.807,35.834],[137.816,35.877],[137.796,35.954],[137.809,35.974],[137.811,36.038],[137.825,36.055]]]]}},{"type":"Feature","properties":{"code":"2321101","name":"気象庁予報警報規程別表第四の二に示す「豊田市西部」の区域"},"geometry":{"type":"MultiPolygon","coordinates":[[[[137.308,35.29],[137.345,35.273],[137.331,35.253],[137.344,35.232],[137.314,35.204],[137.281,35.198],[137.243,35.16],[137.286,35.124],[137.237,35.096],[137.303,35.068],[137.271,35.05],[137.267,35.017],[137.214,35.041],[137.171,35.035],[137.16,35.026],[137.165,35.002],[137.149,34.993],[137.116,34.991],[137.074,35.018],[137.048,35.011],[137.04,35.022],[137.054,35.044],[137.066,35.058],[137.102,35.064],[137.112,35.102],[137.13,35.118],[137.098,35.142],[137.097,35.18],[137.17,35.206],[137.191,35.254],[137.223,35.256],[137.275,35.29],[137.308,35.29]]]]}},{"type":"Feature","properties":{"code":"2920702","name":"気象庁予報警報規程別表第四の二に示す「五條市南部」の区域"},"geometry":{"type":"MultiPolygon","coordinates":[[[[135.748,34.232],[135.746,34.196],[135.765,34.185],[135.797,34.176],[135.855,34.194],[135.86,34.176],[135.892,34.183],[135.909,34.15],[135.792,34.134],[135.752,34.152],[135.711,34.089],[135.666,34.084],[135.73,34.14],[135.728,34.161],[135.691,34.184],[135.729,34.228],[135.748,34.232]]]]}},{"type":"Feature","properties":{"code":"3020601","name":"気象庁予報警報規程別表第四の二に示す「田辺市田辺」の区域"},"geometry":{"type":"MultiPolygon","coordinates":[[[[135.447,33.84],[135.464,33.837],[135.482,33.795],[135.467,33.782],[135.465,33.748],[135.444,33.744],[135.387,33.686],[135.377,33.695],[135.396,33.703],[135.4,33.721],[135.354,33.726],[135.356,33.741],[135.336,33.747],[135.349,33.779],[135.346,33.807],[135.391,33.838],[135.447,33.84]]]]}},{"type":"Feature","properties":{"code":"3020602","name":"気象庁予報警報規程別表第四の二に示す「田辺市龍神」の区域"},"geometry":{"type":"MultiPolygon","coordinates":[[[[135.601,33.902],[135.55,33.869],[135.497,33.869],[135.466,33.853],[135.429,33.864],[135.429,33.88],[135.406,33.882],[135.392,33.901],[135.398,33.929],[135.424,33.946],[135.468,33.936],[135.542,33.963],[135.53,33.999],[135.538,34.011],[135.508,34.025],[135.505,34.04],[135.55,34.068],[135.58,34.058],[135.6,34.032],[135.593,34.014],[135.623,34.009],[135.639,33.985],[135.637,33.952],[135.617,33.954],[135.601,33.902]]]]}},{"type":"Feature","properties":{"code":"3020604","name":"気象庁予報警報規程別表第四の二に示す「田辺市大塔」の区域"},"geometry":{"type":"MultiPolygon","coordinates":[[[[135.649,33.807],[135.717,33.72],[135.655,33.688],[135.651,33.649],[135.605,33.644],[135.579,33.66],[135.551,33.658],[135.556,33.678],[135.546,33.691],[135.524,33.691],[135.52,33.704],[135.494,33.702],[135.479,33.716],[135.489,33.747],[135.573,33.764],[135.598,33.793],[135.649,33.807]]]]}},{"type":"Feature","properties":{"code":"3020605","name":"気象庁予報警報規程別表第四の二に示す「田辺市本宮」の区域"},"geometry":{"type":"MultiPolygon","coordinates":[[[[135.711,33.904],[135.755,33.886],[135.803,33.895],[135.806,33.865],[135.796,33.873],[135.792,33.848],[135.83,33.811],[135.799,33.77],[135.773,33.772],[135.746,33.737],[135.721,33.727],[135.681,33.757],[135.666,33.798],[135.648,33.802],[135.677,33.832],[135.705,33.812],[135.695,33.856],[135.67,33.868],[135.657,33.847],[135.648,33.877],[135.663,33.899],[135.711,33.904]]]]}},{"type":"Feature","properties":{"code":"3020603","name":"気象庁予報警報規程別表第四の二に示す「田辺市中辺路」の区域"},"geometry":{"type":"MultiPolygon","coordinates":[[[[135.649,33.807],[135.598,33.794],[135.573,33.764],[135.543,33.764],[135.502,33.743],[135.473,33.768],[135.467,33.782],[135.482,33.795],[135.461,33.844],[135.478,33.863],[135.55,33.869],[135.598,33.902],[135.619,33.899],[135.627,33.885],[135.618,33.873],[135.647,33.877],[135.649,33.851],[135.66,33.848],[135.67,33.868],[135.702,33.847],[135.704,33.812],[135.677,33.833],[135.649,33.807]]]]}},{"type":"Feature","properties":{"code":"3120102","name":"気象庁予報警報規程別表第四の二に示す「鳥取市南部」の区域"},"geometry":{"type":"MultiPolygon","coordinates":[[[[134.23,35.417],[134.214,35.412],[134.236,35.387],[134.24,35.34],[134.271,35.309],[134.252,35.296],[134.221,35.301],[134.197,35.28],[134.157,35.272],[134.116,35.284],[134.097,35.306],[134.052,35.298],[134.0,35.315],[134.02,35.364],[134.072,35.395],[134.152,35.396],[134.212,35.432],[134.23,35.417]]]]}},{"type":"Feature","properties":{"code":"3120101","name":"気象庁予報警報規程別表第四の二に示す「鳥取市北部」の区域"},"geometry":{"type":"MultiPolygon","coordinates":[[[[134.278,35.573],[134.327,35.533],[134.321,35.486],[134.35,35.478],[134.376,35.5],[134.394,35.5],[134.427,35.486],[134.44,35.439],[134.38,35.44],[134.35,35.425],[134.277,35.45],[134.231,35.418],[134.203,35.43],[134.149,35.396],[134.076,35.396],[134.044,35.377],[133.991,35.394],[133.996,35.423],[133.95,35.43],[133.947,35.463],[133.971,35.512],[133.965,35.522],[133.996,35.523],[134.007,35.537],[134.034,35.519],[134.184,35.541],[134.197,35.533],[134.192,35.546],[134.231,35.546],[134.272,35.56],[134.278,35.573]]]]}},{"type":"Feature","properties":{"code":"3620702","name":"気象庁予報警報規程別表第四の二に示す「美馬市木屋平」の区域"},"geometry":{"type":"MultiPolygon","coordinates":[[[[134.196,33.989],[134.256,33.976],[134.227,33.95],[134.22,33.911],[134.238,33.892],[134.096,33.855],[134.09,33.879],[134.121,33.889],[134.128,33.922],[134.174,33.93],[134.17,33.966],[134.196,33.989]]]]}},{"type":"Feature","properties":{"code":"3638300","name":"徳島県牟岐町"},"geometry":{"type":"MultiPolygon","coordinates":[[[[134.451,33.722],[134.476,33.689],[134.443,33.664],[134.392,33.65],[134.362,33.677],[134.365,33.705],[134.451,33.722]]]]}},{"type":"Feature","properties":{"code":"4220202","name":"気象庁予報警報規程別表第四の二に示す「佐世保市（宇久地域）」の区域"},"geometry":{"type":"MultiPolygon","coordinates":[[[[129.129,33.302],[129.142,33.296],[129.141,33.277],[129.157,33.272],[129.129,33.26],[129.128,33.247],[129.073,33.26],[129.071,33.272],[129.121,33.289],[129.129,33.302]]]]}},{"type":"Feature","properties":{"code":"4220201","name":"気象庁予報警報規程別表第四の二に示す「佐世保市（宇久地域を除く）」の区域"},"geometry":{"type":"MultiPolygon","coordinates":[[[[129.768,33.143],[129.796,33.133],[129.793,33.083],[129.766,33.078],[129.769,33.101],[129.759,33.089],[129.781,33.062],[129.767,33.05],[129.758,33.063],[129.743,33.061],[129.749,33.077],[129.729,33.101],[129.753,33.1],[129.744,33.122],[129.76,33.114],[129.759,33.128],[129.774,33.126],[129.758,33.133],[129.768,33.143]]],[[[129.544,33.152],[129.55,33.137],[129.536,33.131],[129.504,33.14],[129.544,33.152]]],[[[129.636,33.339],[129.667,33.311],[129.705,33.31],[129.716,33.288],[129.777,33.269],[129.815,33.242],[129.807,33.212],[129.817,33.185],[129.873,33.165],[129.85,33.143],[129.837,33.077],[129.798,33.067],[129.807,33.077],[129.788,33.103],[129.794,33.138],[129.755,33.147],[129.732,33.137],[129.731,33.124],[129.72,33.141],[129.73,33.158],[129.716,33.167],[129.699,33.16],[129.711,33.127],[129.699,33.125],[129.711,33.116],[129.674,33.12],[129.665,33.102],[129.658,33.133],[129.681,33.126],[129.698,33.143],[129.682,33.146],[129.671,33.169],[129.636,33.167],[129.656,33.184],[129.645,33.203],[129.69,33.228],[129.683,33.266],[129.651,33.279],[129.629,33.268],[129.623,33.25],[129.64,33.207],[129.627,33.188],[129.622,33.216],[129.616,33.204],[129.601,33.207],[129.614,33.225],[129.596,33.209],[129.553,33.217],[129.569,33.231],[129.567,33.245],[129.556,33.243],[129.576,33.262],[129.572,33.274],[129.58,33.28],[129.58,33.267],[129.592,33.277],[129.584,33.292],[129.605,33.311],[129.622,33.31],[129.606,33.323],[129.636,33.339]]]]}},{"type":"Feature","properties":{"code":"4220901","name":"気象庁予報警報規程別表第四の二に示す「下対馬」の区域"},"geometry":{"type":"MultiPolygon","coordinates":[[[[129.383,34.304],[129.393,34.296],[129.358,34.272],[129.351,34.294],[129.37,34.303],[129.377,34.291],[129.374,34.303],[129.383,34.304]]],[[[129.205,34.332],[129.228,34.324],[129.222,34.292],[129.256,34.312],[129.257,34.292],[129.28,34.306],[129.29,34.279],[129.289,34.304],[129.265,34.321],[129.278,34.327],[129.28,34.316],[129.294,34.32],[129.296,34.301],[129.31,34.308],[129.305,34.278],[129.308,34.289],[129.318,34.276],[129.317,34.299],[129.334,34.289],[129.339,34.3],[129.354,34.277],[129.329,34.276],[129.317,34.261],[129.326,34.227],[129.296,34.218],[129.299,34.195],[129.289,34.2],[129.283,34.188],[129.297,34.185],[129.289,34.176],[129.296,34.161],[129.282,34.164],[129.284,34.146],[129.274,34.146],[129.282,34.13],[129.254,34.127],[129.261,34.114],[129.24,34.102],[129.23,34.113],[129.23,34.095],[129.215,34.084],[129.215,34.113],[129.204,34.104],[129.184,34.119],[129.167,34.105],[129.205,34.332]]],[[[129.297,34.337],[129.312,34.326],[129.327,34.336],[129.334,34.305],[129.321,34.306],[129.329,34.313],[129.321,34.308],[129.317,34.324],[129.291,34.323],[129.297,34.337]]],[[[129.293,34.445],[129.324,34.425],[129.349,34.442],[129.366,34.433],[129.366,34.419],[129.375,34.426],[129.379,34.412],[129.352,34.387],[129.385,34.396],[129.398,34.413],[129.391,34.384],[129.374,34.39],[129.375,34.371],[129.394,34.36],[129.365,34.346],[129.387,34.347],[129.395,34.335],[129.365,34.339],[129.379,34.314],[129.361,34.319],[129.371,34.312],[129.354,34.296],[129.356,34.31],[129.345,34.3],[129.334,34.319],[129.353,34.319],[129.344,34.336],[129.36,34.34],[129.34,34.356],[129.355,34.375],[129.334,34.363],[129.339,34.38],[129.321,34.37],[129.326,34.351],[129.308,34.337],[129.312,34.347],[129.3,34.349],[129.312,34.36],[129.298,34.369],[129.308,34.386],[129.294,34.375],[129.283,34.383],[129.292,34.373],[129.278,34.364],[129.299,34.355],[129.288,34.356],[129.288,34.339],[129.272,34.357],[129.229,34.358],[129.243,34.369],[129.251,34.355],[129.253,34.367],[129.277,34.374],[129.272,34.413],[129.285,34.415],[129.272,34.436],[129.281,34.444],[129.294,34.433],[129.293,34.445]]]]}},{"type":"Feature","properties":{"code":"4220902","name":"気象庁予報警報規程別表第四の二に示す「上対馬」の区域"},"geometry":{"type":"MultiPolygon","coordinates":[[[[129.449,34.707],[129.457,34.692],[129.482,34.694],[129.474,34.674],[129.494,34.683],[129.484,34.668],[129.497,34.668],[129.467,34.654],[129.49,34.645],[129.471,34.627],[129.48,34.617],[129.461,34.614],[129.447,34.632],[129.457,34.612],[129.433,34.617],[129.479,34.596],[129.473,34.555],[129.457,34.554],[129.464,34.543],[129.445,34.53],[129.451,34.523],[129.369,34.453],[129.383,34.424],[129.369,34.44],[129.324,34.425],[129.301,34.436],[129.293,34.445],[129.312,34.45],[129.309,34.463],[129.283,34.449],[129.274,34.469],[129.308,34.527],[129.315,34.515],[129.318,34.536],[129.345,34.532],[129.329,34.533],[129.328,34.551],[129.315,34.549],[129.306,34.568],[129.286,34.562],[129.306,34.589],[129.32,34.647],[129.397,34.64],[129.383,34.649],[129.409,34.678],[129.434,34.673],[129.415,34.691],[129.44,34.693],[129.449,34.707]]]]}},{"type":"Feature","properties":{"code":"4221202","name":"気象庁予報警報規程別表第四の二に示す「西海市（江島・平島）」の区域"},"geometry":{"type":"MultiPolygon","coordinates":[[[[129.247,33.023],[129.25,33.013],[129.261,33.02],[129.256,33.002],[129.234,32.989],[129.239,33.0],[129.222,33.001],[129.247,33.023]]]]}},{"type":"Feature","properties":{"code":"4221201","name":"気象庁予報警報規程別表第四の二に示す「西海市（江島・平島を除く）」の区域"},"geometry":{"type":"MultiPolygon","coordinates":[[[[129.599,32.948],[129.623,32.938],[129.616,32.917],[129.598,32.925],[129.599,32.948]]],[[[129.562,33.03],[129.59,33.022],[129.555,33.001],[129.575,33.021],[129.564,33.018],[129.562,33.03]]],[[[129.609,33.065],[129.637,33.062],[129.629,33.04],[129.608,33.023],[129.589,33.027],[129.609,33.065]]],[[[129.68,33.1],[129.721,33.08],[129.714,33.071],[129.73,33.075],[129.729,33.046],[129.749,33.06],[129.762,33.049],[129.734,33.017],[129.739,32.989],[129.752,33.0],[129.76,32.994],[129.762,33.005],[129.752,33.003],[129.764,33.022],[129.811,32.999],[129.825,32.971],[129.742,32.947],[129.738,32.913],[129.669,32.896],[129.652,32.931],[129.639,32.919],[129.633,32.926],[129.627,32.978],[129.662,33.001],[129.647,33.038],[129.677,33.062],[129.661,33.071],[129.678,33.077],[129.662,33.076],[129.68,33.1]]]]}},{"type":"Feature","properties":{"code":"4621502","name":"気象庁予報警報規程別表第四の二に示す「薩摩川内市甑島」の区域"},"geometry":{"type":"MultiPolygon","coordinates":[[[[129.785,31.791],[129.805,31.782],[129.794,31.778],[129.801,31.763],[129.778,31.744],[129.769,31.713],[129.749,31.718],[129.739,31.705],[129.744,31.688],[129.725,31.669],[129.738,31.655],[129.714,31.622],[129.707,31.637],[129.689,31.621],[129.665,31.634],[129.658,31.659],[129.682,31.663],[129.698,31.716],[129.776,31.742],[129.785,31.791]]],[[[129.84,31.819],[129.845,31.801],[129.825,31.789],[129.833,31.783],[129.823,31.775],[129.812,31.799],[129.84,31.819]]],[[[129.852,31.883],[129.911,31.843],[129.919,31.852],[129.905,31.868],[129.94,31.869],[129.923,31.863],[129.929,31.823],[129.903,31.825],[129.871,31.802],[129.872,31.821],[129.855,31.825],[129.859,31.837],[129.846,31.83],[129.841,31.85],[129.865,31.859],[129.846,31.856],[129.843,31.87],[129.835,31.837],[129.818,31.851],[129.835,31.882],[129.852,31.883]]]]}},{"type":"Feature","properties":{"code":"4621501","name":"気象庁予報警報規程別表第四の二に示す「薩摩川内市」の区域"},"geometry":{"type":"MultiPolygon","coordinates":[[[[130.324,31.973],[130.344,31.968],[130.347,31.936],[130.4,31.908],[130.4,31.861],[130.415,31.844],[130.449,31.839],[130.458,31.819],[130.476,31.893],[130.507,31.89],[130.509,31.903],[130.569,31.894],[130.59,31.879],[130.524,31.83],[130.518,31.799],[130.502,31.791],[130.502,31.76],[130.474,31.73],[130.434,31.732],[130.415,31.717],[130.41,31.732],[130.379,31.731],[130.354,31.757],[130.285,31.755],[130.235,31.788],[130.173,31.781],[130.167,31.794],[130.18,31.834],[130.197,31.85],[130.183,31.855],[130.198,31.852],[130.195,31.867],[130.213,31.878],[130.22,31.929],[130.264,31.929],[130.267,31.967],[130.296,31.952],[130.313,31.978],[130.324,31.973]]]]}},{"type":"Feature","properties":{"code":"0442101","name":"気象庁予報警報規程別表第四の二に示す「大和町東部」の区域"},"geometry":{"type":"MultiPolygon","coordinates":[[[[140.895,38.432],[140.923,38.468],[140.96,38.465],[140.982,38.441],[140.964,38.398],[140.983,38.379],[140.976,38.364],[140.938,38.353],[140.935,38.405],[140.913,38.403],[140.895,38.432]]]]}},{"type":"Feature","properties":{"code":"0734401","name":"気象庁予報警報規程別表第四の二に示す「天栄村」の区域"},"geometry":{"type":"MultiPolygon","coordinates":[[[[140.124,37.3],[140.193,37.271],[140.316,37.246],[140.314,37.236],[140.257,37.22],[140.147,37.245],[140.115,37.261],[140.105,37.284],[140.116,37.307],[140.124,37.3]]]]}},{"type":"Feature","properties":{"code":"2520102","name":"気象庁予報警報規程別表第四の二に示す「大津市北部」の区域"},"geometry":{"type":"MultiPolygon","coordinates":[[[[135.94,35.138],[135.908,35.149],[135.893,35.143],[135.899,35.119],[135.849,35.125],[135.856,35.159],[135.83,35.222],[135.861,35.283],[135.886,35.284],[135.928,35.258],[135.956,35.277],[135.983,35.272],[136.016,35.231],[135.996,35.19],[135.973,35.181],[135.959,35.147],[135.94,35.138]]]]}},{"type":"Feature","properties":{"code":"4220500","name":"長崎県大村市"},"geometry":{"type":"MultiPolygon","coordinates":[[[[130.045,33.004],[130.087,32.974],[130.076,32.958],[130.042,32.956],[130.021,32.942],[130.009,32.882],[130.015,32.854],[130.004,32.844],[129.966,32.873],[129.971,32.89],[129.957,32.89],[129.949,32.896],[129.957,32.905],[129.933,32.92],[129.928,32.969],[129.957,32.992],[129.967,32.984],[130.045,33.004]]]]}},{"type":"Feature","properties":{"code":"","name":""},"geometry":{"type":"MultiPolygon","coordinates":[[[[146.832,43.887],[146.893,43.847],[146.913,43.847],[146.92,43.836],[146.903,43.83],[146.904,43.811],[146.838,43.808],[146.827,43.797],[146.849,43.787],[146.797,43.786],[146.787,43.759],[146.771,43.767],[146.765,43.752],[146.728,43.746],[146.732,43.737],[146.695,43.745],[146.676,43.707],[146.64,43.704],[146.65,43.715],[146.622,43.731],[146.624,43.757],[146.607,43.753],[146.609,43.735],[146.586,43.744],[146.608,43.767],[146.588,43.808],[146.722,43.832],[146.748,43.815],[146.748,43.829],[146.721,43.836],[146.722,43.846],[146.774,43.876],[146.796,43.859],[146.789,43.879],[146.823,43.867],[146.818,43.885],[146.832,43.887]]]]}},{"type":"Feature","properties":{"code":"","name":""},"geometry":{"type":"MultiPolygon","coordinates":[[[[146.167,44.517],[146.226,44.482],[146.241,44.454],[146.336,44.418],[146.477,44.421],[146.577,44.455],[146.534,44.381],[146.491,44.354],[146.453,44.377],[146.432,44.376],[146.387,44.359],[146.366,44.338],[146.37,44.322],[146.348,44.319],[146.296,44.276],[146.111,44.263],[146.066,44.231],[146.046,44.184],[145.984,44.171],[145.922,44.136],[145.9,44.109],[145.903,44.094],[145.89,44.094],[145.867,44.064],[145.865,44.032],[145.877,44.022],[145.851,44.02],[145.842,44.032],[145.818,44.021],[145.791,43.979],[145.781,43.932],[145.703,43.909],[145.651,43.909],[145.589,43.868],[145.575,43.842],[145.546,43.654],[145.535,43.67],[145.549,43.731],[145.434,43.719],[145.421,43.738],[145.426,43.78],[145.399,43.827],[145.404,43.84],[145.444,43.853],[145.473,43.899],[145.585,43.948],[145.599,43.972],[145.676,44.012],[145.676,44.025],[145.741,44.051],[145.745,44.105],[145.838,44.183],[145.889,44.251],[145.946,44.279],[145.988,44.319],[146.007,44.381],[146.052,44.418],[146.082,44.475],[146.132,44.509],[146.167,44.517]]]]}},{"type":"Feature","properties":{"code":"","name":""},"geometry":{"type":"MultiPolygon","coordinates":[[[[148.753,45.557],[148.837,45.55],[148.892,45.513],[148.886,45.482],[148.827,45.449],[148.83,45.427],[148.877,45.392],[148.843,45.355],[148.842,45.337],[148.778,45.323],[148.741,45.337],[148.638,45.335],[148.564,45.312],[148.505,45.278],[148.494,45.257],[148.437,45.253],[148.404,45.231],[148.302,45.215],[148.266,45.185],[148.24,45.184],[148.195,45.15],[148.1,45.113],[147.983,45.004],[147.935,44.988],[147.904,44.961],[147.85,44.965],[147.786,44.948],[147.73,44.977],[147.727,45.003],[147.657,44.996],[147.611,44.944],[147.652,44.92],[147.616,44.889],[147.597,44.853],[147.551,44.816],[147.502,44.805],[147.487,44.781],[147.422,44.765],[147.38,44.743],[147.369,44.723],[147.336,44.715],[147.266,44.638],[147.253,44.6],[147.207,44.568],[147.146,44.559],[147.109,44.569],[147.074,44.555],[147.024,44.514],[146.991,44.452],[146.955,44.426],[146.862,44.446],[146.876,44.5],[146.952,44.549],[146.931,44.59],[146.948,44.63],[146.958,44.596],[146.993,44.575],[147.033,44.616],[147.033,44.638],[147.007,44.651],[147.009,44.661],[147.046,44.66],[147.074,44.637],[147.094,44.638],[147.186,44.697],[147.2,44.737],[147.194,44.762],[147.126,44.771],[147.101,44.801],[147.107,44.822],[147.154,44.824],[147.193,44.797],[147.239,44.806],[147.266,44.868],[147.382,44.911],[147.456,44.973],[147.517,44.997],[147.511,45.026],[147.524,45.037],[147.533,45.089],[147.496,45.113],[147.555,45.11],[147.583,45.085],[147.651,45.079],[147.698,45.104],[147.693,45.142],[147.735,45.194],[147.818,45.217],[147.844,45.207],[147.87,45.224],[147.882,45.256],[147.867,45.263],[147.872,45.296],[147.849,45.367],[147.904,45.43],[147.926,45.437],[147.965,45.419],[147.978,45.36],[148.005,45.335],[147.995,45.331],[148.004,45.3],[148.036,45.268],[148.108,45.257],[148.242,45.267],[148.332,45.286],[148.352,45.308],[148.418,45.327],[148.424,45.346],[148.46,45.36],[148.458,45.375],[148.479,45.383],[148.47,45.399],[148.486,45.42],[148.557,45.458],[148.579,45.49],[148.627,45.5],[148.654,45.539],[148.753,45.557]]]]}},{"type":"Feature","properties":{"code":"0734402","name":"気象庁予報警報規程別表第四の二に示す「天栄村湯本」の区域"},"geometry":{"type":"MultiPolygon","coordinates":[[[[140.027,37.342],[140.116,37.311],[140.105,37.286],[140.115,37.262],[140.102,37.243],[140.086,37.245],[140.071,37.21],[139.993,37.197],[139.948,37.228],[139.966,37.247],[139.963,37.273],[139.978,37.273],[140.027,37.342]]]]}},{"type":"Feature","properties":{"code":"","name":""},"geometry":{"type":"MultiPolygon","coordinates":[[[[139.958,35.671],[139.972,35.671],[139.972,35.668],[139.976,35.667],[139.968,35.671],[139.958,35.671]]]]}},{"type":"Feature","properties":{"code":"","name":""},"geometry":{"type":"MultiPolygon","coordinates":[[[[140.304,30.496],[140.314,30.482],[140.299,30.473],[140.286,30.485],[140.304,30.496]]]]}},{"type":"Feature","properties":{"code":"","name":""},"geometry":{"type":"MultiPolygon","coordinates":[[[[139.917,31.887],[139.917,31.887]]]]}},{"type":"Feature","properties":{"code":"","name":""},"geometry":{"type":"MultiPolygon","coordinates":[[[[140.051,31.44],[140.051,31.44]]]]}},{"type":"Feature","properties":{"code":"","name":""},"geometry":{"type":"MultiPolygon","coordinates":[[[[140.342,29.794],[140.342,29.794]]]]}},{"type":"Feature","properties":{"code":"","name":""},"geometry":{"type":"MultiPolygon","coordinates":[[[[139.841,35.647],[139.843,35.657],[139.85,35.657],[139.849,35.644],[139.842,35.643],[139.841,35.647]]]]}},{"type":"Feature","properties":{"code":"","name":""},"geometry":{"type":"MultiPolygon","coordinates":[[[[136.822,35.008],[136.816,35.001],[136.819,34.998],[136.816,35.0],[136.812,34.996],[136.8,35.004],[136.804,35.008],[136.802,35.009],[136.822,35.018],[136.822,35.008]]]]}},{"type":"Feature","properties":{"code":"","name":""},"geometry":{"type":"MultiPolygon","coordinates":[[[[135.962,33.606],[135.962,33.606]]]]}},{"type":"Feature","properties":{"code":"","name":""},"geometry":{"type":"MultiPolygon","coordinates":[[[[131.008,33.827],[131.008,33.827]]]]}},{"type":"Feature","properties":{"code":"","name":""},"geometry":{"type":"MultiPolygon","coordinates":[[[[129.734,31.45],[129.734,31.45]]]]}},{"type":"Feature","properties":{"code":"","name":""},"geometry":{"type":"MultiPolygon","coordinates":[[[[129.74,31.307],[129.74,31.307]]]]}},{"type":"Feature","properties":{"code":"","name":""},"geometry":{"type":"MultiPolygon","coordinates":[[[[127.842,26.435],[127.846,26.435],[127.844,26.432],[127.842,26.435]]]]}},{"type":"Feature","properties":{"code":"0920601","name":"気象庁予報警報規程別表第四の二に示す「日光市今市」の区域"},"geometry":{"type":"MultiPolygon","coordinates":[[[[139.737,36.767],[139.852,36.725],[139.837,36.704],[139.817,36.716],[139.787,36.706],[139.792,36.641],[139.726,36.616],[139.713,36.622],[139.72,36.642],[139.708,36.663],[139.682,36.657],[139.646,36.671],[139.646,36.686],[139.678,36.725],[139.66,36.734],[139.663,36.756],[139.625,36.777],[139.612,36.803],[139.561,36.815],[139.593,36.821],[139.622,36.851],[139.643,36.842],[139.661,36.859],[139.661,36.844],[139.683,36.839],[139.691,36.783],[139.737,36.767]]]]}},{"type":"Feature","properties":{"code":"0920602","name":"気象庁予報警報規程別表第四の二に示す「日光市日光」の区域"},"geometry":{"type":"MultiPolygon","coordinates":[[[[139.523,36.708],[139.505,36.728],[139.477,36.711],[139.366,36.726],[139.372,36.746],[139.356,36.75],[139.354,36.774],[139.424,36.835],[139.51,36.808],[139.555,36.818],[139.612,36.803],[139.626,36.776],[139.663,36.756],[139.659,36.735],[139.677,36.725],[139.646,36.687],[139.642,36.657],[139.655,36.649],[139.642,36.636],[139.579,36.668],[139.565,36.713],[139.523,36.708]]]]}},{"type":"Feature","properties":{"code":"0920603","name":"気象庁予報警報規程別表第四の二に示す「日光市藤原」の区域"},"geometry":{"type":"MultiPolygon","coordinates":[[[[139.611,37.014],[139.625,37.033],[139.665,37.04],[139.674,37.058],[139.752,37.07],[139.775,37.092],[139.822,37.085],[139.802,37.048],[139.759,37.038],[139.755,37.003],[139.742,36.989],[139.747,36.963],[139.733,36.952],[139.771,36.921],[139.776,36.901],[139.771,36.855],[139.728,36.833],[139.736,36.768],[139.691,36.783],[139.683,36.839],[139.659,36.846],[139.682,36.899],[139.676,36.921],[139.693,36.912],[139.695,36.928],[139.611,37.014]]]]}},{"type":"Feature","properties":{"code":"0920604","name":"気象庁予報警報規程別表第四の二に示す「日光市足尾」の区域"},"geometry":{"type":"MultiPolygon","coordinates":[[[[139.523,36.708],[139.525,36.683],[139.496,36.654],[139.508,36.631],[139.464,36.606],[139.399,36.602],[139.33,36.628],[139.337,36.691],[139.369,36.727],[139.476,36.711],[139.505,36.728],[139.523,36.708]]]]}},{"type":"Feature","properties":{"code":"0920605","name":"気象庁予報警報規程別表第四の二に示す「日光市栗山」の区域"},"geometry":{"type":"MultiPolygon","coordinates":[[[[139.406,36.829],[139.349,36.852],[139.356,36.877],[139.369,36.878],[139.404,36.924],[139.431,36.927],[139.461,36.971],[139.536,36.982],[139.582,37.015],[139.611,37.014],[139.696,36.928],[139.694,36.912],[139.676,36.921],[139.682,36.899],[139.66,36.857],[139.642,36.842],[139.623,36.851],[139.593,36.821],[139.511,36.807],[139.425,36.835],[139.406,36.829]]]]}},{"type":"Feature","properties":{"code":"3410100","name":"広島県広島市中区"},"geometry":{"type":"MultiPolygon","coordinates":[[[[132.434,34.354],[132.42,34.359],[132.464,34.414],[132.47,34.386],[132.434,34.354]]]]}},{"type":"Feature","properties":{"code":"3410200","name":"広島県広島市東区"},"geometry":{"type":"MultiPolygon","coordinates":[[[[132.529,34.419],[132.5,34.39],[132.472,34.399],[132.462,34.417],[132.479,34.438],[132.551,34.463],[132.571,34.433],[132.529,34.419]]]]}},{"type":"Feature","properties":{"code":"3410300","name":"広島県広島市南区"},"geometry":{"type":"MultiPolygon","coordinates":[[[[132.517,34.365],[132.483,34.354],[132.476,34.366],[132.47,34.352],[132.438,34.346],[132.47,34.387],[132.468,34.404],[132.517,34.365]]]]}},{"type":"Feature","properties":{"code":"3410400","name":"広島県広島市西区"},"geometry":{"type":"MultiPolygon","coordinates":[[[[132.42,34.359],[132.378,34.361],[132.371,34.378],[132.393,34.395],[132.381,34.401],[132.402,34.403],[132.421,34.429],[132.464,34.426],[132.42,34.359]]]]}},{"type":"Feature","properties":{"code":"3410500","name":"広島県広島市安佐南区"},"geometry":{"type":"MultiPolygon","coordinates":[[[[132.308,34.473],[132.342,34.499],[132.344,34.52],[132.379,34.515],[132.389,34.488],[132.402,34.483],[132.432,34.497],[132.482,34.488],[132.494,34.515],[132.511,34.5],[132.489,34.441],[132.447,34.423],[132.388,34.434],[132.392,34.444],[132.376,34.448],[132.332,34.438],[132.308,34.473]]]]}},{"type":"Feature","properties":{"code":"3410600","name":"広島県広島市安佐北区"},"geometry":{"type":"MultiPolygon","coordinates":[[[[132.476,34.614],[132.5,34.594],[132.525,34.606],[132.532,34.587],[132.574,34.563],[132.614,34.601],[132.652,34.599],[132.674,34.611],[132.694,34.59],[132.683,34.566],[132.696,34.536],[132.685,34.526],[132.664,34.531],[132.645,34.506],[132.605,34.489],[132.601,34.458],[132.572,34.436],[132.551,34.463],[132.49,34.443],[132.511,34.488],[132.502,34.514],[132.487,34.512],[132.483,34.488],[132.432,34.497],[132.401,34.483],[132.38,34.515],[132.344,34.52],[132.386,34.554],[132.399,34.603],[132.438,34.593],[132.476,34.614]]]]}},{"type":"Feature","properties":{"code":"3410700","name":"広島県広島市安芸区"},"geometry":{"type":"MultiPolygon","coordinates":[[[[132.519,34.357],[132.544,34.364],[132.555,34.313],[132.533,34.317],[132.519,34.357]]],[[[132.601,34.457],[132.664,34.436],[132.644,34.411],[132.654,34.369],[132.642,34.353],[132.628,34.353],[132.618,34.375],[132.546,34.386],[132.518,34.362],[132.515,34.378],[132.541,34.418],[132.601,34.457]]]]}},{"type":"Feature","properties":{"code":"3410800","name":"広島県広島市佐伯区"},"geometry":{"type":"MultiPolygon","coordinates":[[[[132.376,34.36],[132.365,34.347],[132.366,34.36],[132.348,34.356],[132.317,34.381],[132.324,34.404],[132.312,34.419],[132.3,34.384],[132.285,34.389],[132.281,34.409],[132.235,34.431],[132.196,34.416],[132.179,34.442],[132.195,34.451],[132.203,34.485],[132.189,34.498],[132.215,34.514],[132.24,34.508],[132.25,34.53],[132.295,34.549],[132.361,34.558],[132.342,34.499],[132.308,34.474],[132.332,34.438],[132.376,34.448],[132.414,34.429],[132.403,34.404],[132.381,34.401],[132.392,34.392],[132.372,34.379],[132.376,34.36]]]]}},{"type":"Feature","properties":{"code":"3036602","name":"気象庁予報警報規程別表第四の二に示す「有田川町清水」の区域"},"geometry":{"type":"MultiPolygon","coordinates":[[[[135.372,34.014],[135.334,34.032],[135.336,34.054],[135.354,34.066],[135.337,34.071],[135.35,34.091],[135.339,34.114],[135.43,34.115],[135.489,34.155],[135.549,34.096],[135.54,34.077],[135.548,34.068],[135.532,34.049],[135.482,34.033],[135.452,34.041],[135.392,34.01],[135.372,34.014]]]]}},{"type":"Feature","properties":{"code":"3036601","name":"気象庁予報警報規程別表第四の二に示す「有田川町吉備金屋」の区域"},"geometry":{"type":"MultiPolygon","coordinates":[[[[135.24,34.017],[135.228,34.032],[135.195,34.035],[135.188,34.098],[135.23,34.107],[135.239,34.122],[135.283,34.12],[135.296,34.135],[135.316,34.105],[135.346,34.099],[135.337,34.071],[135.354,34.066],[135.333,34.049],[135.334,34.032],[135.372,34.014],[135.289,34.002],[135.24,34.017]]]]}},{"type":"Feature","properties":{"code":"3039201","name":"気象庁予報警報規程別表第四の二に示す「日高川町川辺」の区域"},"geometry":{"type":"MultiPolygon","coordinates":[[[[135.31,33.902],[135.265,33.872],[135.2,33.882],[135.174,33.913],[135.174,33.953],[135.233,33.948],[135.254,33.964],[135.259,33.94],[135.277,33.937],[135.262,33.92],[135.31,33.902]]]]}},{"type":"Feature","properties":{"code":"3034102","name":"気象庁予報警報規程別表第四の二に示す「かつらぎ町花園」の区域"},"geometry":{"type":"MultiPolygon","coordinates":[[[[135.492,34.153],[135.511,34.175],[135.537,34.157],[135.555,34.163],[135.564,34.193],[135.575,34.161],[135.604,34.156],[135.588,34.147],[135.578,34.116],[135.544,34.097],[135.492,34.153]]]]}},{"type":"Feature","properties":{"code":"3034101","name":"気象庁予報警報規程別表第四の二に示す「かつらぎ町かつらぎ」の区域"},"geometry":{"type":"MultiPolygon","coordinates":[[[[135.444,34.348],[135.485,34.363],[135.507,34.336],[135.529,34.351],[135.543,34.284],[135.531,34.276],[135.533,34.24],[135.522,34.238],[135.515,34.213],[135.529,34.204],[135.514,34.176],[135.484,34.194],[135.488,34.234],[135.448,34.28],[135.468,34.313],[135.444,34.348]]]]}},{"type":"Feature","properties":{"code":"3039202","name":"気象庁予報警報規程別表第四の二に示す「日高川町中津」の区域"},"geometry":{"type":"MultiPolygon","coordinates":[[[[135.279,34.004],[135.344,34.005],[135.339,33.988],[135.359,33.977],[135.346,33.968],[135.349,33.938],[135.365,33.915],[135.31,33.902],[135.262,33.92],[135.277,33.937],[135.259,33.942],[135.258,33.988],[135.279,34.004]]]]}},{"type":"Feature","properties":{"code":"3039203","name":"気象庁予報警報規程別表第四の二に示す「日高川町美山」の区域"},"geometry":{"type":"MultiPolygon","coordinates":[[[[135.383,33.917],[135.365,33.915],[135.35,33.935],[135.346,33.968],[135.359,33.977],[135.339,33.988],[135.347,34.006],[135.392,34.01],[135.451,34.041],[135.469,34.032],[135.5,34.043],[135.509,34.024],[135.538,34.011],[135.53,33.999],[135.547,33.974],[135.538,33.96],[135.468,33.936],[135.424,33.945],[135.383,33.917]]]]}},{"type":"Feature","properties":{"code":"","name":""},"geometry":{"type":"MultiPolygon","coordinates":[[[[139.814,35.579],[139.806,35.585],[139.812,35.589],[139.806,35.596],[139.813,35.59],[139.827,35.597],[139.831,35.588],[139.814,35.579]]]]}},{"type":"Feature","properties":{"code":"1310800","name":"東京都江東区"},"geometry":{"type":"MultiPolygon","coordinates":[[[[139.834,35.703],[139.848,35.695],[139.84,35.635],[139.821,35.63],[139.834,35.643],[139.807,35.645],[139.799,35.622],[139.787,35.627],[139.779,35.637],[139.798,35.648],[139.776,35.642],[139.792,35.652],[139.79,35.689],[139.819,35.693],[139.82,35.707],[139.834,35.703]]]]}},{"type":"Feature","properties":{"code":"1311100","name":"東京都大田区"},"geometry":{"type":"MultiPolygon","coordinates":[[[[139.686,35.612],[139.747,35.59],[139.754,35.562],[139.787,35.57],[139.809,35.539],[139.701,35.538],[139.703,35.553],[139.679,35.563],[139.653,35.596],[139.677,35.593],[139.686,35.612]]]]}},{"type":"Feature","properties":{"code":"2810900","name":"兵庫県神戸市北区"},"geometry":{"type":"MultiPolygon","coordinates":[[[[135.091,34.708],[135.085,34.726],[135.099,34.737],[135.09,34.754],[135.062,34.764],[135.095,34.779],[135.075,34.806],[135.092,34.832],[135.113,34.846],[135.14,34.835],[135.156,34.841],[135.155,34.882],[135.17,34.891],[135.228,34.873],[135.282,34.884],[135.294,34.862],[135.283,34.849],[135.233,34.845],[135.242,34.803],[135.27,34.803],[135.263,34.776],[135.195,34.754],[135.197,34.734],[135.124,34.686],[135.109,34.713],[135.091,34.708]]]]}},{"type":"Feature","properties":{"code":"2810100","name":"兵庫県神戸市東灘区"},"geometry":{"type":"MultiPolygon","coordinates":[[[[135.251,34.742],[135.267,34.78],[135.303,34.719],[135.282,34.712],[135.287,34.704],[135.256,34.7],[135.244,34.711],[135.251,34.742]]],[[[135.254,34.678],[135.254,34.694],[135.288,34.697],[135.279,34.69],[135.291,34.682],[135.254,34.678]]]]}},{"type":"Feature","properties":{"code":"2810200","name":"兵庫県神戸市灘区"},"geometry":{"type":"MultiPolygon","coordinates":[[[[135.219,34.699],[135.197,34.724],[135.195,34.753],[135.257,34.771],[135.262,34.752],[135.243,34.73],[135.254,34.7],[135.219,34.699]]]]}},{"type":"Feature","properties":{"code":"2810500","name":"兵庫県神戸市兵庫区"},"geometry":{"type":"MultiPolygon","coordinates":[[[[135.18,34.667],[135.184,34.65],[135.159,34.651],[135.156,34.677],[135.139,34.695],[135.169,34.714],[135.18,34.667]]]]}},{"type":"Feature","properties":{"code":"2810600","name":"兵庫県神戸市長田区"},"geometry":{"type":"MultiPolygon","coordinates":[[[[135.133,34.667],[135.124,34.684],[135.133,34.694],[135.149,34.688],[135.167,34.648],[135.14,34.643],[135.133,34.667]]]]}},{"type":"Feature","properties":{"code":"2810700","name":"兵庫県神戸市須磨区"},"geometry":{"type":"MultiPolygon","coordinates":[[[[135.088,34.659],[135.066,34.691],[135.093,34.693],[135.096,34.711],[135.109,34.714],[135.131,34.683],[135.139,34.642],[135.094,34.635],[135.101,34.651],[135.088,34.659]]]]}},{"type":"Feature","properties":{"code":"2810800","name":"兵庫県神戸市垂水区"},"geometry":{"type":"MultiPolygon","coordinates":[[[[135.076,34.666],[135.101,34.652],[135.092,34.634],[135.047,34.625],[135.019,34.643],[135.051,34.676],[135.084,34.678],[135.076,34.666]]]]}},{"type":"Feature","properties":{"code":"2811000","name":"兵庫県神戸市中央区"},"geometry":{"type":"MultiPolygon","coordinates":[[[[135.196,34.724],[135.218,34.69],[135.185,34.682],[135.183,34.67],[135.17,34.686],[135.17,34.717],[135.197,34.734],[135.196,34.724]]],[[[135.236,34.665],[135.226,34.662],[135.249,34.651],[135.217,34.65],[135.202,34.676],[135.22,34.683],[135.218,34.673],[135.232,34.674],[135.221,34.667],[135.245,34.671],[135.236,34.665]]]]}},{"type":"Feature","properties":{"code":"2811100","name":"兵庫県神戸市西区"},"geometry":{"type":"MultiPolygon","coordinates":[[[[135.0,34.657],[134.976,34.659],[134.962,34.714],[134.931,34.699],[134.91,34.72],[134.95,34.733],[134.966,34.751],[134.961,34.762],[134.984,34.772],[135.085,34.759],[135.098,34.738],[135.085,34.726],[135.095,34.699],[135.066,34.691],[135.076,34.673],[135.0,34.657]]]]}},{"type":"Feature","properties":{"code":"1410012","name":"気象庁予報警報規程別表第四の二に示す「横浜市南部」の区域"},"geometry":{"type":"MultiPolygon","coordinates":[[[[139.555,35.497],[139.568,35.497],[139.583,35.471],[139.598,35.482],[139.599,35.468],[139.633,35.467],[139.644,35.449],[139.666,35.449],[139.66,35.442],[139.674,35.45],[139.678,35.43],[139.69,35.438],[139.669,35.403],[139.63,35.413],[139.645,35.403],[139.623,35.394],[139.636,35.395],[139.634,35.383],[139.652,35.388],[139.644,35.38],[139.658,35.378],[139.657,35.343],[139.622,35.331],[139.631,35.324],[139.61,35.313],[139.547,35.363],[139.486,35.36],[139.494,35.375],[139.484,35.388],[139.519,35.405],[139.528,35.447],[139.569,35.46],[139.555,35.497]]]]}},{"type":"Feature","properties":{"code":"1410011","name":"気象庁予報警報規程別表第四の二に示す「横浜市北部」の区域"},"geometry":{"type":"MultiPolygon","coordinates":[[[[139.532,35.592],[139.577,35.569],[139.657,35.555],[139.654,35.54],[139.685,35.539],[139.711,35.492],[139.696,35.484],[139.689,35.495],[139.693,35.481],[139.676,35.469],[139.668,35.469],[139.673,35.484],[139.637,35.465],[139.599,35.469],[139.598,35.483],[139.583,35.472],[139.568,35.496],[139.554,35.497],[139.566,35.457],[139.527,35.447],[139.52,35.406],[139.484,35.388],[139.465,35.497],[139.483,35.504],[139.487,35.527],[139.47,35.569],[139.491,35.561],[139.507,35.576],[139.514,35.567],[139.532,35.592]]]]}},{"type":"Feature","properties":{"code":"1415012","name":"気象庁予報警報規程別表第四の二に示す「相模原東部」の区域"},"geometry":{"type":"MultiPolygon","coordinates":[[[[139.364,35.599],[139.4,35.584],[139.455,35.519],[139.374,35.492],[139.375,35.517],[139.323,35.547],[139.337,35.572],[139.353,35.566],[139.342,35.58],[139.364,35.599]]]]}},{"type":"Feature","properties":{"code":"1415011","name":"気象庁予報警報規程別表第四の二に示す「相模原市西部」の区域"},"geometry":{"type":"MultiPolygon","coordinates":[[[[139.136,35.672],[139.164,35.666],[139.179,35.646],[139.214,35.648],[139.22,35.626],[139.251,35.602],[139.284,35.613],[139.361,35.599],[139.342,35.579],[139.354,35.566],[139.33,35.568],[139.318,35.539],[139.294,35.557],[139.22,35.534],[139.164,35.475],[139.14,35.486],[139.103,35.479],[139.066,35.509],[139.104,35.527],[139.129,35.564],[139.121,35.587],[139.134,35.616],[139.117,35.654],[139.136,35.672]]]]}},{"type":"Feature","properties":{"code":"2020112","name":"気象庁予報警報規程別表第四の二に示す「鬼無里戸隠」の区域"},"geometry":{"type":"MultiPolygon","coordinates":[[[[138.134,36.741],[138.101,36.684],[138.105,36.658],[138.082,36.647],[137.975,36.673],[137.91,36.662],[137.928,36.724],[138.003,36.826],[138.053,36.8],[138.071,36.806],[138.089,36.836],[138.101,36.812],[138.098,36.78],[138.126,36.785],[138.12,36.77],[138.134,36.741]]]]}},{"type":"Feature","properties":{"code":"2020111","name":"気象庁予報警報規程別表第四の二に示す「長野」の区域"},"geometry":{"type":"MultiPolygon","coordinates":[[[[138.013,36.657],[138.077,36.647],[138.106,36.658],[138.1,36.683],[138.134,36.74],[138.216,36.709],[138.251,36.719],[138.267,36.747],[138.306,36.745],[138.31,36.722],[138.291,36.715],[138.257,36.64],[138.3,36.607],[138.319,36.564],[138.267,36.514],[138.219,36.508],[138.199,36.513],[138.168,36.559],[138.132,36.558],[138.11,36.541],[138.052,36.542],[138.032,36.501],[138.038,36.487],[137.969,36.461],[137.949,36.482],[137.967,36.517],[137.958,36.527],[137.932,36.52],[137.918,36.55],[137.941,36.594],[138.002,36.601],[138.0,36.639],[138.013,36.657]]]]}},{"type":"Feature","properties":{"code":"2020912","name":"気象庁予報警報規程別表第四の二に示す「長谷」の区域"},"geometry":{"type":"MultiPolygon","coordinates":[[[[138.172,35.896],[138.189,35.858],[138.176,35.84],[138.176,35.788],[138.206,35.783],[138.236,35.759],[138.18,35.715],[138.195,35.672],[138.219,35.645],[138.203,35.632],[138.206,35.609],[138.185,35.574],[138.168,35.583],[138.152,35.571],[138.103,35.612],[138.103,35.649],[138.062,35.704],[138.062,35.733],[138.04,35.766],[138.061,35.799],[138.081,35.802],[138.084,35.825],[138.139,35.825],[138.157,35.892],[138.172,35.896]]]]}},{"type":"Feature","properties":{"code":"2020911","name":"気象庁予報警報規程別表第四の二に示す「伊那」の区域"},"geometry":{"type":"MultiPolygon","coordinates":[[[[138.172,35.896],[138.157,35.892],[138.139,35.826],[138.084,35.825],[138.081,35.802],[138.06,35.798],[138.039,35.767],[137.984,35.782],[137.971,35.769],[137.959,35.781],[137.951,35.771],[137.925,35.777],[137.938,35.79],[137.92,35.779],[137.888,35.783],[137.868,35.804],[137.824,35.812],[137.849,35.839],[137.856,35.867],[137.891,35.861],[137.876,35.881],[137.883,35.9],[137.95,35.901],[137.954,35.89],[137.933,35.883],[137.953,35.875],[137.949,35.867],[137.93,35.872],[137.906,35.858],[137.946,35.85],[137.956,35.865],[137.973,35.854],[137.986,35.877],[138.067,35.917],[138.09,35.946],[138.089,35.964],[138.114,35.975],[138.15,35.954],[138.172,35.896]]]]}},{"type":"Feature","properties":{"code":"1620111","name":"気象庁予報警報規程別表第四の二に示す「富山市平地」の区域"},"geometry":{"type":"MultiPolygon","coordinates":[[[[137.231,36.767],[137.315,36.759],[137.338,36.742],[137.343,36.726],[137.321,36.727],[137.325,36.716],[137.278,36.695],[137.292,36.629],[137.264,36.638],[137.272,36.622],[137.25,36.601],[137.212,36.623],[137.188,36.606],[137.118,36.628],[137.094,36.614],[137.099,36.598],[137.054,36.607],[137.065,36.638],[137.052,36.646],[137.065,36.657],[137.08,36.649],[137.072,36.655],[137.087,36.659],[137.1,36.684],[137.122,36.687],[137.119,36.709],[137.132,36.725],[137.18,36.758],[137.231,36.767]]]]}},{"type":"Feature","properties":{"code":"1620112","name":"気象庁予報警報規程別表第四の二に示す「富山市山間部東」の区域"},"geometry":{"type":"MultiPolygon","coordinates":[[[[137.248,36.462],[137.235,36.478],[137.252,36.507],[137.232,36.508],[137.236,36.536],[137.225,36.552],[137.209,36.559],[137.198,36.53],[137.17,36.536],[137.186,36.612],[137.211,36.623],[137.248,36.602],[137.265,36.606],[137.264,36.638],[137.293,36.629],[137.345,36.574],[137.439,36.585],[137.511,36.547],[137.587,36.555],[137.654,36.52],[137.702,36.527],[137.705,36.519],[137.669,36.51],[137.636,36.428],[137.608,36.419],[137.592,36.39],[137.541,36.392],[137.51,36.424],[137.475,36.425],[137.46,36.412],[137.41,36.425],[137.39,36.459],[137.319,36.424],[137.306,36.435],[137.316,36.461],[137.278,36.465],[137.256,36.451],[137.248,36.462]]]]}},{"type":"Feature","properties":{"code":"1620113","name":"気象庁予報警報規程別表第四の二に示す「富山市山間部西」の区域"},"geometry":{"type":"MultiPolygon","coordinates":[[[[137.188,36.605],[137.17,36.537],[137.199,36.53],[137.209,36.559],[137.225,36.552],[137.236,36.536],[137.232,36.509],[137.252,36.507],[137.235,36.478],[137.249,36.463],[137.206,36.428],[137.194,36.454],[137.16,36.456],[137.092,36.397],[137.095,36.384],[137.051,36.37],[137.064,36.452],[137.05,36.503],[137.028,36.506],[137.05,36.601],[137.099,36.598],[137.094,36.614],[137.121,36.628],[137.188,36.605]]]]}},{"type":"Feature","properties":{"code":"2420412","name":"気象庁予報警報規程別表第四の二に示す「松阪市西部」の区域"},"geometry":{"type":"MultiPolygon","coordinates":[[[[136.419,34.476],[136.4,34.471],[136.421,34.463],[136.408,34.418],[136.377,34.403],[136.274,34.407],[136.257,34.386],[136.271,34.369],[136.194,34.345],[136.187,34.324],[136.158,34.314],[136.109,34.329],[136.086,34.379],[136.07,34.389],[136.096,34.435],[136.283,34.454],[136.311,34.464],[136.355,34.511],[136.406,34.506],[136.419,34.476]]]]}},{"type":"Feature","properties":{"code":"2420112","name":"気象庁予報警報規程別表第四の二に示す「津市中西部」の区域"},"geometry":{"type":"MultiPolygon","coordinates":[[[[136.423,34.844],[136.485,34.756],[136.416,34.723],[136.41,34.708],[136.422,34.693],[136.446,34.688],[136.456,34.699],[136.499,34.685],[136.485,34.665],[136.511,34.65],[136.465,34.65],[136.448,34.628],[136.43,34.636],[136.394,34.613],[136.36,34.55],[136.337,34.531],[136.348,34.508],[136.31,34.464],[136.206,34.449],[136.23,34.493],[136.215,34.501],[136.217,34.527],[136.173,34.518],[136.16,34.547],[136.177,34.568],[136.219,34.558],[136.226,34.579],[136.256,34.584],[136.245,34.63],[136.275,34.663],[136.27,34.686],[136.31,34.725],[136.3,34.742],[136.342,34.77],[136.315,34.791],[136.314,34.813],[136.374,34.82],[136.423,34.844]]]]}},{"type":"Feature","properties":{"code":"2420111","name":"気象庁予報警報規程別表第四の二に示す「津市東部」の区域"},"geometry":{"type":"MultiPolygon","coordinates":[[[[136.462,34.814],[136.492,34.799],[136.524,34.813],[136.57,34.805],[136.539,34.764],[136.521,34.699],[136.525,34.683],[136.558,34.671],[136.55,34.635],[136.484,34.666],[136.503,34.679],[136.488,34.691],[136.45,34.699],[136.444,34.689],[136.411,34.708],[136.427,34.73],[136.485,34.755],[136.451,34.795],[136.462,34.814]]]]}},{"type":"Feature","properties":{"code":"2420411","name":"気象庁予報警報規程別表第四の二に示す「松阪市東部」の区域"},"geometry":{"type":"MultiPolygon","coordinates":[[[[136.522,34.648],[136.549,34.633],[136.531,34.609],[136.562,34.616],[136.614,34.592],[136.617,34.563],[136.595,34.527],[136.54,34.506],[136.49,34.508],[136.478,34.498],[136.493,34.491],[136.447,34.477],[136.416,34.478],[136.405,34.506],[136.348,34.508],[136.337,34.531],[136.397,34.616],[136.43,34.637],[136.447,34.628],[136.463,34.65],[136.522,34.648]]]]}},{"type":"Feature","properties":{"code":"4320211","name":"気象庁予報警報規程別表第四の二に示す「八代市西部」の区域"},"geometry":{"type":"MultiPolygon","coordinates":[[[[130.642,32.595],[130.675,32.567],[130.664,32.545],[130.705,32.495],[130.65,32.478],[130.631,32.486],[130.607,32.457],[130.619,32.442],[130.598,32.422],[130.602,32.404],[130.531,32.367],[130.543,32.419],[130.574,32.434],[130.565,32.475],[130.543,32.484],[130.545,32.499],[130.565,32.505],[130.531,32.52],[130.572,32.507],[130.536,32.526],[130.543,32.537],[130.563,32.539],[130.609,32.593],[130.642,32.595]]]]}},{"type":"Feature","properties":{"code":"4320212","name":"気象庁予報警報規程別表第四の二に示す「八代市東部」の区域"},"geometry":{"type":"MultiPolygon","coordinates":[[[[130.565,32.381],[130.602,32.403],[130.598,32.423],[130.62,32.441],[130.607,32.456],[130.631,32.484],[130.697,32.486],[130.704,32.495],[130.685,32.526],[130.697,32.544],[130.754,32.564],[130.783,32.595],[130.821,32.561],[130.856,32.574],[130.895,32.571],[130.913,32.585],[130.925,32.574],[130.972,32.58],[131.011,32.564],[131.019,32.55],[131.025,32.521],[131.009,32.515],[131.007,32.493],[131.017,32.467],[130.994,32.449],[130.906,32.441],[130.9,32.468],[130.865,32.493],[130.795,32.494],[130.738,32.472],[130.741,32.454],[130.723,32.45],[130.722,32.411],[130.743,32.399],[130.694,32.342],[130.67,32.341],[130.653,32.378],[130.627,32.364],[130.565,32.381]]]]}},{"type":"Feature","properties":{"code":"2820400","name":"兵庫県西宮市"},"geometry":{"type":"MultiPolygon","coordinates":[[[[135.242,34.806],[135.23,34.822],[135.234,34.846],[135.314,34.858],[135.337,34.817],[135.302,34.802],[135.31,34.793],[135.301,34.788],[135.354,34.772],[135.372,34.784],[135.384,34.723],[135.372,34.694],[135.364,34.688],[135.355,34.696],[135.363,34.706],[135.325,34.726],[135.295,34.775],[135.268,34.781],[135.27,34.802],[135.242,34.806]]]]}}]}